guid,town_code,town_name,town_county
000581a3-4ebd-4a74-b5f8-0bd78cd7ede5,06465,Allenwood,Kildare
002b83e4-5cce-414a-8570-871a50ae0964,08167,Portlaoise,Laois
005eec3f-d746-480f-ae2c-bc6f1151548d,02341,Dublin city and suburbs,Dublin
00b00ae4-229d-455d-84f1-d6face4876b1,10019,Ardee,Louth
00df2b78-66c8-4009-89e0-0e14e15e4208,06476,Monasterevin,Kildare
0117a71e-3e6a-445e-be5a-b4e79e6feb78,06451,Prosperous,Kildare
0138d4f1-7fda-46f9-9ccb-8821c5b9ac4c,02341,Dublin city and suburbs,Dublin
01f84d32-7411-4d29-bdd3-92c513c11e85,28132,Carrick-On-Shannon,Leitrim
02992bfa-7cf5-41a2-b657-d90b2b87a05a,07653,Clogh,Kilkenny
03281376-7f4d-41ac-926b-b74cec1d10b6,06444,Kilcock,Kildare
03dae8bc-a400-4285-96a2-3b9f084f25d1,03362,Rathcoole,Dublin
03f80fee-9bbf-4215-804a-f4b76a09a6ba,24643,Waterford city and suburbs,Waterford
0428df27-a1e7-4d78-a949-cf48e026ef33,11408,Ratoath,Meath
04f9efd9-6bdf-4e16-8a10-911de942c5a9,06464,Suncroft,Kildare
04fa3a14-afbe-4e99-a760-f209f50d156e,18824,Ballydehob,Cork
0566110e-d426-433d-9007-327d73600d18,19849,Tralee,Kerry
056f5166-a6a5-45aa-99c2-bd4e5ecab938,18791,Coachford,Cork
05aca421-086f-48db-8bc4-8b58d290f732,02341,Dublin city and suburbs,Dublin
05ca96b7-63cc-4e4e-96d0-7ee33bdcbfc3,19842,Fieries,Kerry
06192d69-db1b-49af-b03e-8067305ba789,18756,Kildorrery,Cork
061af5d9-7417-4946-b086-90095a481ddf,10013,Dundalk,Louth
0642d55d-8404-4fcf-8fc0-5e7ce85e11d8,17364,Cork city and suburbs,Cork
0650ffdc-d82b-49e5-943a-acd97c37c675,11416,Navan,Meath
06650182-eeaa-4c6c-847c-f85ddaf5361b,06433,Leixlip,Kildare
07323799-c1dc-42dc-a464-f14735c634b8,33080,Ballindrait,Donegal
07f4c0e1-ea06-4a3c-8a9a-31e999b19889,02341,Dublin city and suburbs,Dublin
08ce1729-2944-4bf4-86f1-0b8c5545ed17,18787,Bandon,Cork
08e82f06-46ee-4141-aa07-79a793a12b27,06472,Athy,Kildare
0920215b-86d3-4a53-9fc0-6008ae5c91f9,11414,Kilmessan,Meath
0957806c-a7cf-4d4e-a9cd-b1959aec4684,12201,Edenderry,Offaly
0974ebc4-6c50-4ded-a4fb-31f40487262e,06442,Naas,Kildare
0ad9190d-7e7c-4402-b99c-1366ce4f8a4a,18742,Fermoy,Cork
0b2f7026-3501-496d-9b63-46294d558053,06468,Kildare,Kildare
0b996639-63f1-4e65-b626-458338cabe16,09234,Drumlish,Longford
0c162a7b-7a52-40a3-8964-dfd121700c8c,18815,Baile Mhic Íre,Cork
0c2d1732-eff7-4295-9474-28b97f4f2b29,06465,Allenwood,Kildare
0c402726-c036-4ad9-a791-9006b5cda0b9,27289,Oranmore,Galway
0cf5fd66-4cc1-4d88-9886-dc72ee9282bc,15373,Newtownmountkennedy,Wicklow
0d151af3-3505-46ac-a25a-880d64854806,02341,Dublin city and suburbs,Dublin
0d3d99c4-2907-4970-8ee8-b7f5beddc00a,02341,Dublin city and suburbs,Dublin
0d5fbe17-4eb1-43bb-8f02-e63548ee8c27,10009,Drogheda,Louth
0daa02c9-4e30-45fe-90d7-6a1d3e7af2cb,25684,Dungarvan,Waterford
0df59567-f14c-4bb3-94ce-82e2c4d3158f,02341,Dublin city and suburbs,Dublin
0e12b08e-3484-48f5-a82a-d3bd1bc1f229,30247,Roscommon,Roscommon
0e57c869-df49-46c2-877b-36f156c13886,04352,Balbriggan,Dublin
0eb4764a-ad6a-415c-a6ac-53ed9866b751,04346,Portmarnock,Dublin
0ec65379-dfba-4d2e-a67a-0f09b67f423d,02341,Dublin city and suburbs,Dublin
0feea064-c033-4262-9496-73cc202c74b9,18808,Rosscarbery,Cork
102d6b84-3bc1-4fac-84a3-95fc352ec401,33065,Malin,Donegal
10333f0d-43e5-431e-989a-e857ab3e2fec,06476,Monasterevin,Kildare
1075fdaf-f65e-4fe8-b96b-f014e8d3c202,02341,Dublin city and suburbs,Dublin
10858921-7d82-47cf-8a92-6ce02012debd,17364,Cork city and suburbs,Cork
112d2293-68af-4d7e-a98c-d3100e046805,02341,Dublin city and suburbs,Dublin
116c9808-d42d-456b-916b-ad37a7b5eb08,02341,Dublin city and suburbs,Dublin
1176f444-d84c-4d45-8542-8b8c8f8faf34,12227,Shannonbridge,Offaly
118eb6e0-2bee-4d5d-ab0f-1a62533867d9,18744,Crosshaven,Cork
119aeef8-fe6a-4064-9860-7e4d1839c0a7,11411,Dunshaughlin,Meath
11e73824-8428-4859-89b6-5984ce985d62,02341,Dublin city and suburbs,Dublin
12228a5a-088b-48ae-80d6-98e831b07861,11423,Enfield,Meath
12392dce-3076-4901-bf2e-441bc628c988,11416,Navan,Meath
12455397-37be-4c8c-bad2-b37324a08e87,27277,Athenry,Galway
127f9e57-b3e5-4a90-96f2-9d5f359aedb0,02341,Dublin city and suburbs,Dublin
12b1a72d-5e6b-4be6-b41f-278060a65731,02341,Dublin city and suburbs,Dublin
1301cb26-3a8b-413d-9c06-38fa2018ab17,06434,Ballyoulster,Kildare
141ff078-b33a-4a78-ae00-cf1cfe5714bf,02341,Dublin city and suburbs,Dublin
14361c4d-6a82-4f45-b3d1-f078549fdd9d,02341,Dublin city and suburbs,Dublin
14f6cac1-d754-4fd2-adf9-58b104b4ecd9,06442,Naas,Kildare
153e9c1b-7914-4336-944e-6be1093e42bb,31152,Ballynacarrow,Sligo
157789fe-b892-48d6-80a1-5ea27ac9d3c1,14596,Wexford,Wexford
15d58d0c-1e66-4c6d-bf15-da1f6fec2a98,02341,Dublin city and suburbs,Dublin
16383dca-40e8-4034-a1a9-9befe258f83d,02341,Dublin city and suburbs,Dublin
1668854a-1d95-4e4a-8361-de983df617f5,04352,Balbriggan,Dublin
16ba8713-ede9-4103-b7ff-175f443272b0,33097,Na Dúnaibh,Donegal
17970706-d697-452b-81a2-183541f48e9e,02341,Dublin city and suburbs,Dublin
17b0be8b-2982-4672-bb89-6e1aa2702d17,06436,Celbridge,Kildare
1809ab6a-cb82-4f7f-9cae-af0334729b34,23715,Donaskeigh,Tipperary
180fbe01-c186-48e6-9b1d-65b39f947246,08173,Ballycolla,Laois
1847a8c0-1391-4935-bd00-43f354bbfbd9,02341,Dublin city and suburbs,Dublin
189bc6f0-ea1b-476c-9c4b-ed25add2cbb5,20497,Limerick city and suburbs,Limerick
190684fd-df4a-434f-8ff1-c0830c610cc6,06442,Naas,Kildare
1922760d-091c-4432-a513-b3c95b1c2cdf,34032,Monaghan,Monaghan
1985821d-cd9f-4e8d-a487-cdba02e2f7e6,02341,Dublin city and suburbs,Dublin
1a8eef85-4116-4593-91ca-bc1af25ac084,06444,Kilcock,Kildare
1a94a07a-781b-46ad-8e16-e317003ee324,02341,Dublin city and suburbs,Dublin
1aa82893-b096-43b3-9f2e-b28dd03078ea,27279,Gort,Galway
1ac9947c-23dc-4277-9435-5a01d0459cdf,06437,Kill,Kildare
1b0569eb-8a49-467b-b83e-50538624d964,02341,Dublin city and suburbs,Dublin
1b1506cb-78af-4a5e-8fc1-cde1193fa8bc,02341,Dublin city and suburbs,Dublin
1b983a76-e203-4fa6-af5a-6c97204f1229,11404,Ashbourne,Meath
1bd4a74e-77b8-4d5e-8e13-b7be1c8ff7f1,11403,Julianstown,Meath
1bf7ece1-9d71-4408-a414-a3b4c9cc2a71,12211,Tullamore,Offaly
1c348af2-811c-4604-92ed-c1b20ccc47df,02341,Dublin city and suburbs,Dublin
1c3d22f3-c488-41d2-984a-a524a6f2cab2,04345,Skerries,Dublin
1c4239c1-0a87-47a3-9ee7-0beafb79c059,22477,Twomileborris,Tipperary
1c59115d-25e6-4107-acf0-cb0aecdb25e8,02341,Dublin city and suburbs,Dublin
1c6eea33-c824-4b44-99d1-7ce271a54fab,13181,Delvin,Westmeath
1c97670f-db24-436b-9311-e606d522968c,02341,Dublin city and suburbs,Dublin
1ce3d9a8-f29f-4647-bcc2-4245569f7717,11426,Kildalkey,Meath
1cf55e89-397c-4e25-96a4-459d693f00eb,06442,Naas,Kildare
1d57ba74-c933-4a66-80f0-f0bd8d3f7e6c,02341,Dublin city and suburbs,Dublin
1d83e8e7-21a7-4171-9af4-95ca80526e6f,02341,Dublin city and suburbs,Dublin
1dc59006-0018-425e-b21f-f8f582c56dd1,21508,Caherconlish,Limerick
1e68e67b-6c43-461a-972e-d298f5b30e3f,06438,Maynooth,Kildare
1e83fa48-afbc-4c33-9991-71cbc4bf20f4,04352,Balbriggan,Dublin
1ec4dd77-6626-44f3-9686-75e7c3fd8610,14596,Wexford,Wexford
1ecc7824-9b3f-4ba5-83d9-ef0e209f884c,18771,Mallow,Cork
1ef64ba6-b4a2-4766-a362-a8c8ea2fde69,06436,Celbridge,Kildare
21352cf7-5b52-4014-8d9f-2a856265c1ea,14581,Courtown,Wexford
21d3950c-afc9-4d96-b4a2-c391dc0ae9ac,02341,Dublin city and suburbs,Dublin
221c922e-0a13-4bbd-a7c9-a93214f2fc95,10009,Drogheda,Louth
22ad6a7d-8e4d-4ab7-8555-2caad5ebd41f,27291,Baile Chláir,Galway
22bbb231-8eb4-443b-a253-2f5f652426e3,02341,Dublin city and suburbs,Dublin
2316a282-3ef5-4673-8c0a-d9396c038731,09228,Granard,Longford
240bb09a-0e66-4c43-b750-4504cddef7af,02341,Dublin city and suburbs,Dublin
2422f62a-0013-42d1-a51c-1330ed248bf8,33091,Letterkenny,Donegal
2449dad6-796b-49d1-910d-f76db6dc9325,11407,Clonee,Meath
24bca6f8-12c1-4ae5-a87c-6fded91dc584,12211,Tullamore,Offaly
2503ec79-762f-477f-a55c-783c8cbd1e49,06437,Kill,Kildare
25116436-6c13-4692-bda1-17b24871fff7,15375,Ashford,Wicklow
252317d1-2359-4b2e-b449-d77ad24c8631,17364,Cork city and suburbs,Cork
2530964a-81d2-4c07-8391-01a8eda126bf,33079,Newtowncunningham,Donegal
2544677f-3cbd-4bfa-8cfb-ca4b5f5d8487,02341,Dublin city and suburbs,Dublin
25fb3b5f-3656-46e5-87ff-1b3bb04424d3,02341,Dublin city and suburbs,Dublin
2611c635-6ad9-4be1-b944-fabd6310a424,11402,Stamullen,Meath
26202a16-f5e2-4677-9210-83a0932830a6,04347,Donabate,Dublin
263d85d4-5cd6-441f-afb7-969b76549f42,06442,Naas,Kildare
2649c32c-b952-41f3-986f-297fe5a83bd9,18746,Cobh,Cork
267746b4-bd9e-4db2-9e9c-7fcb32e917c6,02341,Dublin city and suburbs,Dublin
2698d77b-97a2-4fd8-925f-6e15f0d8399a,18753,Carrigaline,Cork
26d2d4bf-ebee-4119-8065-ee55a1b9bc00,19840,Killarney,Kerry
28309bbd-7374-482a-89f6-63b236f962d1,06476,Monasterevin,Kildare
283c1440-d7db-4f4c-8b42-1b734524b149,17364,Cork city and suburbs,Cork
28bf6e7e-f22b-449c-91c9-d1ddff7480b7,02341,Dublin city and suburbs,Dublin
297610f1-bcae-460d-8c1f-b9688ee10eac,02341,Dublin city and suburbs,Dublin
29d49beb-d93c-4e3e-9085-5d8c28ff0c43,04354,Swords,Dublin
2b393932-425c-434f-a756-7d1a47177e5c,06447,Clane,Kildare
2b4cb9de-6c18-416e-b718-fda6c8c1c0e6,20497,Limerick city and suburbs,Limerick
2bd31e3e-9fe6-418f-b027-4ebe67e2a0dc,02341,Dublin city and suburbs,Dublin
2bffb9c8-07c3-4dfb-bf01-c7d22560c2dd,02341,Dublin city and suburbs,Dublin
2d477d2b-7394-4a56-8392-86f7006c3c45,21529,Broadford,Limerick
2dd67ed0-7328-4e5b-87a2-af67529b9f49,26305,Galway city and suburbs,Galway
2e07f2ef-8c88-421a-97e7-8962fae4f900,02341,Dublin city and suburbs,Dublin
2e0b7593-8e2f-49ee-8e02-d8149369e354,15397,Stratford,Wicklow
2e42d954-bf9d-4f65-8f53-21d945df3a6b,08167,Portlaoise,Laois
2eb50d0a-259f-43c1-9cc1-ee5e0d7e85e4,10013,Dundalk,Louth
2f344935-7e02-4f57-b265-7672df12a79b,10013,Dundalk,Louth
2f892569-feb7-4de0-a75a-451ec92ea605,06436,Celbridge,Kildare
2f90f8cc-37c1-44b6-b0f2-54e5c830aa2f,31143,Sligo,Sligo
2fb86a8e-a049-4571-9a49-ec9fd40e6f8e,02341,Dublin city and suburbs,Dublin
305034ae-c80b-4a37-a0f4-006862c759c0,11416,Navan,Meath
3081bb9b-4681-470c-97d2-74e9f9d9257f,10013,Dundalk,Louth
30e0e505-3a00-4e6d-a729-7a88e6771bf8,26305,Galway city and suburbs,Galway
31006e71-7200-448f-a2fe-61f07a628fee,02341,Dublin city and suburbs,Dublin
31a96af9-cf8c-443f-b619-fc56f2e97e30,11418,Summerhill,Meath
31acf98f-f2d5-4b80-bdea-51a35f887942,34032,Monaghan,Monaghan
31dac411-89a2-4484-a811-701fc5c23b87,14600,Ferns,Wexford
324534c4-b74a-466c-b671-60fb536088b5,04350,Kinsaley,Dublin
3295eb0f-523e-4595-8e6a-6c96b4edbaf6,02341,Dublin city and suburbs,Dublin
32d3b7b6-040b-402a-ad5d-68ce043ce826,11423,Enfield,Meath
332103f0-52ca-4875-bc84-2edd00909be8,04354,Swords,Dublin
337bcb3e-2606-4346-87b8-1a696e479ae6,11416,Navan,Meath
33c58223-4d96-42e8-954e-9ddedd66dc05,04353,Kinsealy-Drinan,Dublin
346bc9b0-21d1-4547-9883-0b3debb5ed6a,12211,Tullamore,Offaly
346f823e-8fc5-4894-9b64-738f6e513e33,29314,Claremorris,Mayo
34b7652b-a1bc-41f3-b17c-095b90df8cff,02341,Dublin city and suburbs,Dublin
352c79ba-17f4-4f70-b46d-0f1cade68974,06433,Leixlip,Kildare
3544aa76-7ec3-459f-8ed0-550b0862cfcd,33099,Dunfanaghy,Donegal
357df785-6a30-4bb3-bf83-cdcb0862608d,16549,Broadford,Clare
35a49c13-211d-402b-8122-4988caccfe6b,06442,Naas,Kildare
36c9722c-2c5d-4ab3-880a-5fff46f12538,11407,Clonee,Meath
373f1655-10df-4969-b7a1-867cbca36e89,02341,Dublin city and suburbs,Dublin
37419ff1-b99c-4a45-a7e3-4f69b058c059,11401,Laytown-Bettystown-Mornington-Donacarney,Meath
3760db3d-5c7b-4fec-82ef-7d6ef3d476c9,10013,Dundalk,Louth
376a4477-f180-4929-89ca-e14d2dba481a,21530,Newcastle West,Limerick
376ff1b4-95c2-4495-ad4d-0d11877196df,18736,Whitegate,Cork
38052c78-b96b-44d6-9e7c-58ce6da87aeb,18756,Kildorrery,Cork
388b6665-3987-405b-8c42-68a36d6ed69e,02341,Dublin city and suburbs,Dublin
397272ec-b385-4d15-a0b6-0c9b6f3290b1,15370,Greystones-Delgany,Wicklow
399c1509-49b7-46ba-9b17-39b5b68efc70,33075,Buncrana,Donegal
39bf6a83-8239-4a5d-9447-95dc22b74b4e,15378,Arklow,Wicklow
39c81e31-17cb-4ffb-be4e-415b9e1fd19e,02341,Dublin city and suburbs,Dublin
3a147e32-1828-449b-9552-0d6b269dc0eb,29321,Ballina,Mayo
3a3ddbe0-3d74-4827-852d-139c818b5c71,15371,Rathnew,Wicklow
3ae2d738-ce23-4e45-be0b-ef2f894c676e,06433,Leixlip,Kildare
3b1e56c2-2ee6-438a-bbe9-2c715ede9795,17364,Cork city and suburbs,Cork
3b94ac46-6f0a-4044-897e-4f518d8dcaa2,19829,Rathmore,Kerry
3cb7c1e4-df48-45fc-becc-aa1bf4442cb7,27276,Craughwell,Galway
3cd09a1a-fddb-4fd6-a298-769eeaf90b75,06476,Monasterevin,Kildare
3d889a26-094a-43f9-b247-00a1bc4ef75c,07661,Kilkenny,Kilkenny
3e11e61e-3912-471c-a358-ea08162bdaa6,21499,Oola,Limerick
3e4035b4-e5aa-4867-9544-0453c9c8d144,02341,Dublin city and suburbs,Dublin
3e4dcb6f-2647-4f3a-885b-87e56529f2ac,02341,Dublin city and suburbs,Dublin
3eb0d54e-943e-40ea-8697-fe571edb5849,15375,Ashford,Wicklow
3efd788f-a07f-41fa-b0a0-5f7101e5c8b2,23719,Monard,Tipperary
3f11aa05-7b53-43cd-a70f-90020944c61f,17364,Cork city and suburbs,Cork
4025a956-6c5d-4bda-9feb-cb84754ec32f,17364,Cork city and suburbs,Cork
40d878cf-caad-4102-9a5c-7d7b8de8ec2a,02341,Dublin city and suburbs,Dublin
41078074-c626-47d9-8ec4-a3b0e2e65f46,02341,Dublin city and suburbs,Dublin
4111b4b2-4369-4d1b-9d60-141664b6c0c5,30247,Roscommon,Roscommon
4120a5ef-549a-4fe3-bdfb-56f82dff376a,06438,Maynooth,Kildare
41b14d1e-830a-493a-a3b0-af38e4b1f09d,10013,Dundalk,Louth
41b823e4-af19-4e30-a4b3-045ecbaaf06e,19849,Tralee,Kerry
4226a400-de26-4dec-b98f-4d07123aac05,02341,Dublin city and suburbs,Dublin
423ba227-a470-4598-8846-4e0cbb1326f4,18735,Clondulane,Cork
426b590d-e254-4107-afa2-4515aa44da58,33085,Manorcunningham,Donegal
42c648bc-3f39-4e21-8cca-4f91ae753862,10009,Drogheda,Louth
42d2aa0f-71df-4e05-aeb2-0b98c5132b3a,06473,Rathangan,Kildare
43da50da-84d6-4bd5-9a06-b28aef1328c3,02341,Dublin city and suburbs,Dublin
44123516-2d7c-4de3-9921-86f42e101e83,28130,Drumshanbo,Leitrim
44128fb0-38ae-4fa2-8c97-754aeb49013b,04347,Donabate,Dublin
446bca06-ec79-4319-b1c6-25b3229d90e7,02341,Dublin city and suburbs,Dublin
447c6281-b293-4ac4-9edd-69d5e9cfcc79,30247,Roscommon,Roscommon
44abc2e8-4423-48e4-a099-697ab684f323,02341,Dublin city and suburbs,Dublin
44c27b2b-d4be-4d91-abae-6dc04641d486,14596,Wexford,Wexford
44d7ad95-6d28-4d72-ae54-0603515b0746,02341,Dublin city and suburbs,Dublin
44e694e8-4e3c-4740-86de-a5e8273445e3,04352,Balbriggan,Dublin
44ea639b-f27f-42f1-bd4c-f97221c587df,02341,Dublin city and suburbs,Dublin
4562daad-4b8c-4861-8344-f57b7b47aea3,06442,Naas,Kildare
4580b31e-2810-47dd-824a-ce35886aa3f7,02341,Dublin city and suburbs,Dublin
458e569c-4dc8-4e71-a042-7fb22840dbc1,16558,Quin,Clare
459df313-9bf8-4959-998f-e93789cdac01,20497,Limerick city and suburbs,Limerick
46131b21-e227-4a27-bd4f-3ed1531723b2,19840,Killarney,Kerry
4620fe6d-5a70-49f1-a0e5-e585f1408ce0,02341,Dublin city and suburbs,Dublin
465c75bb-bb3b-4e5f-98dd-f4fc515859c4,17364,Cork city and suburbs,Cork
46782a09-5920-4371-968a-b9fdc493bfe1,18821,Skibbereen,Cork
46a0ac8e-75a0-4b1e-a35b-57367c85f3e1,18749,Passage West-Monkstown,Cork
472a8d9a-6832-4600-82c4-95d139f583c1,15376,Bray,Wicklow
472e01fd-f1a6-498c-b4ad-eb041694f96a,18757,Ballygarvan,Cork
4739e422-deef-4a41-aa24-1dccfb264cbb,02341,Dublin city and suburbs,Dublin
47915b69-9892-4083-b81d-e5a3a85ecc7a,18765,Kinsale,Cork
48488b92-15b1-470b-932c-ecb55d74ad37,25684,Dungarvan,Waterford
486bfb2f-55a6-423e-9ddb-e38dbb561c6c,06442,Naas,Kildare
48e0af90-b192-4c13-aa4f-e0628579febd,11409,Dunboyne,Meath
48ea89eb-92e7-4869-bf46-e3cd38e182ad,27278,Abbeyknockmoy,Galway
48f66f02-4451-4c18-9b91-7e94f66828a4,02341,Dublin city and suburbs,Dublin
4975a522-6cc8-4321-b5aa-9e662e01bd86,18757,Ballygarvan,Cork
4a5d62a6-3474-48c0-9df6-454e36765f39,11409,Dunboyne,Meath
4b2fb0fd-851b-45e0-bb86-bd1f1e961ec6,06442,Naas,Kildare
4b75e605-c343-483a-8431-fc188ba62276,09228,Granard,Longford
4b9b50cd-0d33-462d-98db-1ba090bf78a7,02341,Dublin city and suburbs,Dublin
4c07d11d-f3ef-851d-e053-ca3ca8c0ca7f,23705,Newcastle,Tipperary
4c07d11d-f3f7-851d-e053-ca3ca8c0ca7f,25686,Ballymacarbry,Waterford
4c07d11d-f417-851d-e053-ca3ca8c0ca7f,06475,Kilberry,Kildare
4c07d11d-f48d-851d-e053-ca3ca8c0ca7f,19837,Ballylongford,Kerry
4c07d11d-f492-851d-e053-ca3ca8c0ca7f,19833,Tarbert,Kerry
4c07d11d-f504-851d-e053-ca3ca8c0ca7f,23701,Fethard,Tipperary
4c07d11d-f529-851d-e053-ca3ca8c0ca7f,15393,Ballyknockan,Wicklow
4c07d11d-f52b-851d-e053-ca3ca8c0ca7f,15386,Laragh,Wicklow
4c07d11d-f53e-851d-e053-ca3ca8c0ca7f,21521,Ballyagran,Limerick
4c07d11d-f554-851d-e053-ca3ca8c0ca7f,22490,Rear Cross,Tipperary
4c07d11d-f641-851d-e053-ca3ca8c0ca7f,16545,Scarriff-Tuamgraney,Clare
4c07d11d-f64d-851d-e053-ca3ca8c0ca7f,07650,Thomastown,Kilkenny
4c07d11d-f6b6-851d-e053-ca3ca8c0ca7f,08172,Durrow,Laois
4c07d11d-f72e-851d-e053-ca3ca8c0ca7f,18762,Riverstick,Cork
4c07d11d-f74f-851d-e053-ca3ca8c0ca7f,27300,Oughterard,Galway
4c07d11d-f760-851d-e053-ca3ca8c0ca7f,27268,Woodford,Galway
4c07d11d-f771-851d-e053-ca3ca8c0ca7f,22487,Borrisokane,Tipperary
4c07d11d-f7b7-851d-e053-ca3ca8c0ca7f,27264,Portumna,Galway
4c07d11d-f7e0-851d-e053-ca3ca8c0ca7f,19861,Castlegregory,Kerry
4c07d11d-f7f3-851d-e053-ca3ca8c0ca7f,17364,Cork city and suburbs,Cork
4c07d11d-f7f4-851d-e053-ca3ca8c0ca7f,18746,Cobh,Cork
4c07d11d-f7f7-851d-e053-ca3ca8c0ca7f,17364,Cork city and suburbs,Cork
4c07d11d-f82b-851d-e053-ca3ca8c0ca7f,08176,Clonaslee,Laois
4c07d11d-f8a5-851d-e053-ca3ca8c0ca7f,18772,Courtbrack,Cork
4c07d11d-f8f5-851d-e053-ca3ca8c0ca7f,18810,Boherbue,Cork
4c07d11d-f8fc-851d-e053-ca3ca8c0ca7f,18818,Ballydesmond,Cork
4c07d11d-f904-851d-e053-ca3ca8c0ca7f,19847,Ballybunion,Kerry
4c07d11d-f905-851d-e053-ca3ca8c0ca7f,19847,Ballybunion,Kerry
4c07d11d-f906-851d-e053-ca3ca8c0ca7f,19847,Ballybunion,Kerry
4c07d11d-f908-851d-e053-ca3ca8c0ca7f,26305,Galway city and suburbs,Galway
4c07d11d-f909-851d-e053-ca3ca8c0ca7f,26305,Galway city and suburbs,Galway
4c07d11d-f90a-851d-e053-ca3ca8c0ca7f,16559,Shannon,Clare
4c07d11d-f90b-851d-e053-ca3ca8c0ca7f,16559,Shannon,Clare
4c07d11d-f90c-851d-e053-ca3ca8c0ca7f,16559,Shannon,Clare
4c07d11d-f90d-851d-e053-ca3ca8c0ca7f,20497,Limerick city and suburbs,Limerick
4c07d11d-f90e-851d-e053-ca3ca8c0ca7f,20497,Limerick city and suburbs,Limerick
4c07d11d-f90f-851d-e053-ca3ca8c0ca7f,22495,Newport,Tipperary
4c07d11d-f910-851d-e053-ca3ca8c0ca7f,22495,Newport,Tipperary
4c07d11d-f911-851d-e053-ca3ca8c0ca7f,26305,Galway city and suburbs,Galway
4c07d11d-f912-851d-e053-ca3ca8c0ca7f,26305,Galway city and suburbs,Galway
4c07d11d-f913-851d-e053-ca3ca8c0ca7f,26305,Galway city and suburbs,Galway
4c07d11d-f914-851d-e053-ca3ca8c0ca7f,26305,Galway city and suburbs,Galway
4c07d11d-f915-851d-e053-ca3ca8c0ca7f,16559,Shannon,Clare
4c07d11d-f916-851d-e053-ca3ca8c0ca7f,16561,Newmarket-On-Fergus,Clare
4c07d11d-f917-851d-e053-ca3ca8c0ca7f,20497,Limerick city and suburbs,Limerick
4c07d11d-f918-851d-e053-ca3ca8c0ca7f,20497,Limerick city and suburbs,Limerick
4c07d11d-f91b-851d-e053-ca3ca8c0ca7f,22495,Newport,Tipperary
4c07d11d-f91c-851d-e053-ca3ca8c0ca7f,16552,Kilkishen,Clare
4c07d11d-f91d-851d-e053-ca3ca8c0ca7f,16553,Tulla,Clare
4c07d11d-f91e-851d-e053-ca3ca8c0ca7f,16553,Tulla,Clare
4c07d11d-f91f-851d-e053-ca3ca8c0ca7f,16553,Tulla,Clare
4c07d11d-f921-851d-e053-ca3ca8c0ca7f,16578,Kilrush,Clare
4c07d11d-f922-851d-e053-ca3ca8c0ca7f,16578,Kilrush,Clare
4c07d11d-f923-851d-e053-ca3ca8c0ca7f,16578,Kilrush,Clare
4c07d11d-f924-851d-e053-ca3ca8c0ca7f,16578,Kilrush,Clare
4c07d11d-f925-851d-e053-ca3ca8c0ca7f,16561,Newmarket-On-Fergus,Clare
4c07d11d-f927-851d-e053-ca3ca8c0ca7f,16562,Ennis,Clare
4c07d11d-f928-851d-e053-ca3ca8c0ca7f,20497,Limerick city and suburbs,Limerick
4c07d11d-f929-851d-e053-ca3ca8c0ca7f,20497,Limerick city and suburbs,Limerick
4c07d11d-f92a-851d-e053-ca3ca8c0ca7f,20497,Limerick city and suburbs,Limerick
4c07d11d-f92b-851d-e053-ca3ca8c0ca7f,20497,Limerick city and suburbs,Limerick
4c07d11d-f92c-851d-e053-ca3ca8c0ca7f,16543,Killaloe,Clare
4c07d11d-f92d-851d-e053-ca3ca8c0ca7f,16543,Killaloe,Clare
4c07d11d-f92f-851d-e053-ca3ca8c0ca7f,16580,Kilkee,Clare
4c07d11d-f930-851d-e053-ca3ca8c0ca7f,16580,Kilkee,Clare
4c07d11d-f931-851d-e053-ca3ca8c0ca7f,16577,Quilty,Clare
4c07d11d-f932-851d-e053-ca3ca8c0ca7f,16562,Ennis,Clare
4c07d11d-f933-851d-e053-ca3ca8c0ca7f,16562,Ennis,Clare
4c07d11d-f934-851d-e053-ca3ca8c0ca7f,20497,Limerick city and suburbs,Limerick
4c07d11d-f935-851d-e053-ca3ca8c0ca7f,20497,Limerick city and suburbs,Limerick
4c07d11d-f936-851d-e053-ca3ca8c0ca7f,16543,Killaloe,Clare
4c07d11d-f937-851d-e053-ca3ca8c0ca7f,22496,Ballina,Tipperary
4c07d11d-f938-851d-e053-ca3ca8c0ca7f,22496,Ballina,Tipperary
4c07d11d-f939-851d-e053-ca3ca8c0ca7f,16575,Miltown Malbay,Clare
4c07d11d-f93b-851d-e053-ca3ca8c0ca7f,21540,Abbeyfeale,Limerick
4c07d11d-f93c-851d-e053-ca3ca8c0ca7f,21530,Newcastle West,Limerick
4c07d11d-f93d-851d-e053-ca3ca8c0ca7f,21530,Newcastle West,Limerick
4c07d11d-f93e-851d-e053-ca3ca8c0ca7f,21530,Newcastle West,Limerick
4c07d11d-f940-851d-e053-ca3ca8c0ca7f,16562,Ennis,Clare
4c07d11d-f941-851d-e053-ca3ca8c0ca7f,16562,Ennis,Clare
4c07d11d-f942-851d-e053-ca3ca8c0ca7f,20497,Limerick city and suburbs,Limerick
4c07d11d-f943-851d-e053-ca3ca8c0ca7f,16548,Parteen,Clare
4c07d11d-f944-851d-e053-ca3ca8c0ca7f,16548,Parteen,Clare
4c07d11d-f945-851d-e053-ca3ca8c0ca7f,16551,Ballycannan,Clare
4c07d11d-f946-851d-e053-ca3ca8c0ca7f,22496,Ballina,Tipperary
4c07d11d-f947-851d-e053-ca3ca8c0ca7f,22496,Ballina,Tipperary
4c07d11d-f948-851d-e053-ca3ca8c0ca7f,21532,Foynes,Limerick
4c07d11d-f949-851d-e053-ca3ca8c0ca7f,21527,Rathkeale,Limerick
4c07d11d-f94a-851d-e053-ca3ca8c0ca7f,21527,Rathkeale,Limerick
4c07d11d-f94b-851d-e053-ca3ca8c0ca7f,16562,Ennis,Clare
4c07d11d-f94c-851d-e053-ca3ca8c0ca7f,16562,Ennis,Clare
4c07d11d-f94d-851d-e053-ca3ca8c0ca7f,16562,Ennis,Clare
4c07d11d-f950-851d-e053-ca3ca8c0ca7f,16555,Sixmilebridge,Clare
4c07d11d-f951-851d-e053-ca3ca8c0ca7f,22496,Ballina,Tipperary
4c07d11d-f952-851d-e053-ca3ca8c0ca7f,16574,Liscannor,Clare
4c07d11d-f954-851d-e053-ca3ca8c0ca7f,21514,Kilmallock,Limerick
4c07d11d-f955-851d-e053-ca3ca8c0ca7f,16562,Ennis,Clare
4c07d11d-f956-851d-e053-ca3ca8c0ca7f,16562,Ennis,Clare
4c07d11d-f957-851d-e053-ca3ca8c0ca7f,16562,Ennis,Clare
4c07d11d-f958-851d-e053-ca3ca8c0ca7f,16555,Sixmilebridge,Clare
4c07d11d-f959-851d-e053-ca3ca8c0ca7f,20497,Limerick city and suburbs,Limerick
4c07d11d-f95a-851d-e053-ca3ca8c0ca7f,27303,Roundstone,Galway
4c07d11d-f95e-851d-e053-ca3ca8c0ca7f,21513,Bruff,Limerick
4c07d11d-f95f-851d-e053-ca3ca8c0ca7f,21507,Hospital,Limerick
4c07d11d-f960-851d-e053-ca3ca8c0ca7f,16562,Ennis,Clare
4c07d11d-f962-851d-e053-ca3ca8c0ca7f,20497,Limerick city and suburbs,Limerick
4c07d11d-f963-851d-e053-ca3ca8c0ca7f,20497,Limerick city and suburbs,Limerick
4c07d11d-f965-851d-e053-ca3ca8c0ca7f,16570,Lisdoonvarna,Clare
4c07d11d-f966-851d-e053-ca3ca8c0ca7f,16563,Corofin,Clare
4c07d11d-f969-851d-e053-ca3ca8c0ca7f,21519,Croom,Limerick
4c07d11d-f96b-851d-e053-ca3ca8c0ca7f,16562,Ennis,Clare
4c07d11d-f96c-851d-e053-ca3ca8c0ca7f,20497,Limerick city and suburbs,Limerick
4c07d11d-f96d-851d-e053-ca3ca8c0ca7f,20497,Limerick city and suburbs,Limerick
4c07d11d-f96e-851d-e053-ca3ca8c0ca7f,20497,Limerick city and suburbs,Limerick
4c07d11d-f96f-851d-e053-ca3ca8c0ca7f,16560,Crusheen,Clare
4c07d11d-f970-851d-e053-ca3ca8c0ca7f,16566,Ballyvaughan,Clare
4c07d11d-f971-851d-e053-ca3ca8c0ca7f,27290,Kinvarra,Galway
4c07d11d-f972-851d-e053-ca3ca8c0ca7f,21522,Adare,Limerick
4c07d11d-f973-851d-e053-ca3ca8c0ca7f,21522,Adare,Limerick
4c07d11d-f974-851d-e053-ca3ca8c0ca7f,21520,Clarina,Limerick
4c07d11d-f975-851d-e053-ca3ca8c0ca7f,21520,Clarina,Limerick
4c07d11d-f976-851d-e053-ca3ca8c0ca7f,16562,Ennis,Clare
4c07d11d-f977-851d-e053-ca3ca8c0ca7f,20497,Limerick city and suburbs,Limerick
4c07d11d-f978-851d-e053-ca3ca8c0ca7f,20497,Limerick city and suburbs,Limerick
4c07d11d-f979-851d-e053-ca3ca8c0ca7f,20497,Limerick city and suburbs,Limerick
4c07d11d-f97b-851d-e053-ca3ca8c0ca7f,27272,Loughrea,Galway
4c07d11d-f97c-851d-e053-ca3ca8c0ca7f,20497,Limerick city and suburbs,Limerick
4c07d11d-f97e-851d-e053-ca3ca8c0ca7f,20497,Limerick city and suburbs,Limerick
4c07d11d-f97f-851d-e053-ca3ca8c0ca7f,20497,Limerick city and suburbs,Limerick
4c07d11d-f980-851d-e053-ca3ca8c0ca7f,20497,Limerick city and suburbs,Limerick
4c07d11d-f981-851d-e053-ca3ca8c0ca7f,20497,Limerick city and suburbs,Limerick
4c07d11d-f982-851d-e053-ca3ca8c0ca7f,20497,Limerick city and suburbs,Limerick
4c07d11d-f983-851d-e053-ca3ca8c0ca7f,20497,Limerick city and suburbs,Limerick
4c07d11d-f984-851d-e053-ca3ca8c0ca7f,16562,Ennis,Clare
4c07d11d-f985-851d-e053-ca3ca8c0ca7f,16562,Ennis,Clare
4c07d11d-f986-851d-e053-ca3ca8c0ca7f,16562,Ennis,Clare
4c07d11d-f987-851d-e053-ca3ca8c0ca7f,20497,Limerick city and suburbs,Limerick
4c07d11d-f988-851d-e053-ca3ca8c0ca7f,20497,Limerick city and suburbs,Limerick
4c07d11d-f989-851d-e053-ca3ca8c0ca7f,20497,Limerick city and suburbs,Limerick
4c07d11d-f98a-851d-e053-ca3ca8c0ca7f,27272,Loughrea,Galway
4c07d11d-f98b-851d-e053-ca3ca8c0ca7f,27272,Loughrea,Galway
4c07d11d-f98c-851d-e053-ca3ca8c0ca7f,27272,Loughrea,Galway
4c07d11d-f98d-851d-e053-ca3ca8c0ca7f,27272,Loughrea,Galway
4c07d11d-f98e-851d-e053-ca3ca8c0ca7f,27272,Loughrea,Galway
4c07d11d-f98f-851d-e053-ca3ca8c0ca7f,20497,Limerick city and suburbs,Limerick
4c07d11d-f990-851d-e053-ca3ca8c0ca7f,20497,Limerick city and suburbs,Limerick
4c07d11d-f991-851d-e053-ca3ca8c0ca7f,20497,Limerick city and suburbs,Limerick
4c07d11d-f992-851d-e053-ca3ca8c0ca7f,16562,Ennis,Clare
4c07d11d-f993-851d-e053-ca3ca8c0ca7f,16562,Ennis,Clare
4c07d11d-f994-851d-e053-ca3ca8c0ca7f,16562,Ennis,Clare
4c07d11d-f995-851d-e053-ca3ca8c0ca7f,16562,Ennis,Clare
4c07d11d-f996-851d-e053-ca3ca8c0ca7f,16562,Ennis,Clare
4c07d11d-f997-851d-e053-ca3ca8c0ca7f,20497,Limerick city and suburbs,Limerick
4c07d11d-f998-851d-e053-ca3ca8c0ca7f,20497,Limerick city and suburbs,Limerick
4c07d11d-f999-851d-e053-ca3ca8c0ca7f,20497,Limerick city and suburbs,Limerick
4c07d11d-f99a-851d-e053-ca3ca8c0ca7f,20497,Limerick city and suburbs,Limerick
4c07d11d-f99b-851d-e053-ca3ca8c0ca7f,27272,Loughrea,Galway
4c07d11d-f99d-851d-e053-ca3ca8c0ca7f,20497,Limerick city and suburbs,Limerick
4c07d11d-f99e-851d-e053-ca3ca8c0ca7f,20497,Limerick city and suburbs,Limerick
4c07d11d-f99f-851d-e053-ca3ca8c0ca7f,21512,Ballyneety,Limerick
4c07d11d-f9a0-851d-e053-ca3ca8c0ca7f,20497,Limerick city and suburbs,Limerick
4c07d11d-f9a1-851d-e053-ca3ca8c0ca7f,16562,Ennis,Clare
4c07d11d-f9a2-851d-e053-ca3ca8c0ca7f,16562,Ennis,Clare
4c07d11d-f9a3-851d-e053-ca3ca8c0ca7f,16562,Ennis,Clare
4c07d11d-f9a4-851d-e053-ca3ca8c0ca7f,20497,Limerick city and suburbs,Limerick
4c07d11d-f9a5-851d-e053-ca3ca8c0ca7f,20497,Limerick city and suburbs,Limerick
4c07d11d-f9a6-851d-e053-ca3ca8c0ca7f,20497,Limerick city and suburbs,Limerick
4c07d11d-f9a7-851d-e053-ca3ca8c0ca7f,20497,Limerick city and suburbs,Limerick
4c07d11d-f9a8-851d-e053-ca3ca8c0ca7f,27272,Loughrea,Galway
4c07d11d-f9a9-851d-e053-ca3ca8c0ca7f,27272,Loughrea,Galway
4c07d11d-f9aa-851d-e053-ca3ca8c0ca7f,27299,An Spidéal,Galway
4c07d11d-f9ac-851d-e053-ca3ca8c0ca7f,26305,Galway city and suburbs,Galway
4c07d11d-f9ad-851d-e053-ca3ca8c0ca7f,20497,Limerick city and suburbs,Limerick
4c07d11d-f9ae-851d-e053-ca3ca8c0ca7f,20497,Limerick city and suburbs,Limerick
4c07d11d-f9af-851d-e053-ca3ca8c0ca7f,20497,Limerick city and suburbs,Limerick
4c07d11d-f9b0-851d-e053-ca3ca8c0ca7f,20497,Limerick city and suburbs,Limerick
4c07d11d-f9b1-851d-e053-ca3ca8c0ca7f,20497,Limerick city and suburbs,Limerick
4c07d11d-f9b4-851d-e053-ca3ca8c0ca7f,26305,Galway city and suburbs,Galway
4c07d11d-f9b5-851d-e053-ca3ca8c0ca7f,26305,Galway city and suburbs,Galway
4c07d11d-f9b7-851d-e053-ca3ca8c0ca7f,20497,Limerick city and suburbs,Limerick
4c07d11d-f9b8-851d-e053-ca3ca8c0ca7f,20497,Limerick city and suburbs,Limerick
4c07d11d-f9b9-851d-e053-ca3ca8c0ca7f,20497,Limerick city and suburbs,Limerick
4c07d11d-f9bb-851d-e053-ca3ca8c0ca7f,20497,Limerick city and suburbs,Limerick
4c07d11d-f9bc-851d-e053-ca3ca8c0ca7f,26305,Galway city and suburbs,Galway
4c07d11d-f9bd-851d-e053-ca3ca8c0ca7f,26305,Galway city and suburbs,Galway
4c07d11d-f9be-851d-e053-ca3ca8c0ca7f,27296,Maigh Cuilinn,Galway
4c07d11d-f9bf-851d-e053-ca3ca8c0ca7f,21508,Caherconlish,Limerick
4c07d11d-f9c0-851d-e053-ca3ca8c0ca7f,21505,Moroe,Limerick
4c07d11d-f9c2-851d-e053-ca3ca8c0ca7f,20497,Limerick city and suburbs,Limerick
4c07d11d-f9c3-851d-e053-ca3ca8c0ca7f,20497,Limerick city and suburbs,Limerick
4c07d11d-f9c4-851d-e053-ca3ca8c0ca7f,20497,Limerick city and suburbs,Limerick
4c07d11d-f9c5-851d-e053-ca3ca8c0ca7f,21510,Castleconnell,Limerick
4c07d11d-f9c6-851d-e053-ca3ca8c0ca7f,21510,Castleconnell,Limerick
4c07d11d-f9c8-851d-e053-ca3ca8c0ca7f,12201,Edenderry,Offaly
4c07d11d-f9c9-851d-e053-ca3ca8c0ca7f,12201,Edenderry,Offaly
4c07d11d-f9ca-851d-e053-ca3ca8c0ca7f,12201,Edenderry,Offaly
4c07d11d-f9cb-851d-e053-ca3ca8c0ca7f,02341,Dublin city and suburbs,Dublin
4c07d11d-f9cc-851d-e053-ca3ca8c0ca7f,02341,Dublin city and suburbs,Dublin
4c07d11d-f9ce-851d-e053-ca3ca8c0ca7f,02341,Dublin city and suburbs,Dublin
4c07d11d-f9cf-851d-e053-ca3ca8c0ca7f,02341,Dublin city and suburbs,Dublin
4c07d11d-f9d0-851d-e053-ca3ca8c0ca7f,02341,Dublin city and suburbs,Dublin
4c07d11d-f9d1-851d-e053-ca3ca8c0ca7f,02341,Dublin city and suburbs,Dublin
4c07d11d-f9d2-851d-e053-ca3ca8c0ca7f,02341,Dublin city and suburbs,Dublin
4c07d11d-f9d3-851d-e053-ca3ca8c0ca7f,06440,Straffan,Kildare
4c07d11d-f9d5-851d-e053-ca3ca8c0ca7f,06436,Celbridge,Kildare
4c07d11d-f9d6-851d-e053-ca3ca8c0ca7f,06436,Celbridge,Kildare
4c07d11d-f9d9-851d-e053-ca3ca8c0ca7f,15376,Bray,Wicklow
4c07d11d-f9da-851d-e053-ca3ca8c0ca7f,15376,Bray,Wicklow
4c07d11d-f9db-851d-e053-ca3ca8c0ca7f,02341,Dublin city and suburbs,Dublin
4c07d11d-f9dd-851d-e053-ca3ca8c0ca7f,02341,Dublin city and suburbs,Dublin
4c07d11d-f9de-851d-e053-ca3ca8c0ca7f,06436,Celbridge,Kildare
4c07d11d-f9e0-851d-e053-ca3ca8c0ca7f,06436,Celbridge,Kildare
4c07d11d-f9e1-851d-e053-ca3ca8c0ca7f,06436,Celbridge,Kildare
4c07d11d-f9e2-851d-e053-ca3ca8c0ca7f,14585,Gorey,Wexford
4c07d11d-f9e3-851d-e053-ca3ca8c0ca7f,14585,Gorey,Wexford
4c07d11d-f9e4-851d-e053-ca3ca8c0ca7f,14581,Courtown,Wexford
4c07d11d-f9e5-851d-e053-ca3ca8c0ca7f,14582,Coolgreany,Wexford
4c07d11d-f9e6-851d-e053-ca3ca8c0ca7f,15376,Bray,Wicklow
4c07d11d-f9e7-851d-e053-ca3ca8c0ca7f,15367,Wicklow,Wicklow
4c07d11d-f9e8-851d-e053-ca3ca8c0ca7f,15367,Wicklow,Wicklow
4c07d11d-f9e9-851d-e053-ca3ca8c0ca7f,15367,Wicklow,Wicklow
4c07d11d-f9ea-851d-e053-ca3ca8c0ca7f,15367,Wicklow,Wicklow
4c07d11d-f9eb-851d-e053-ca3ca8c0ca7f,15367,Wicklow,Wicklow
4c07d11d-f9ec-851d-e053-ca3ca8c0ca7f,15367,Wicklow,Wicklow
4c07d11d-f9ed-851d-e053-ca3ca8c0ca7f,15367,Wicklow,Wicklow
4c07d11d-f9ee-851d-e053-ca3ca8c0ca7f,15367,Wicklow,Wicklow
4c07d11d-f9ef-851d-e053-ca3ca8c0ca7f,02341,Dublin city and suburbs,Dublin
4c07d11d-f9f0-851d-e053-ca3ca8c0ca7f,12201,Edenderry,Offaly
4c07d11d-f9f1-851d-e053-ca3ca8c0ca7f,12201,Edenderry,Offaly
4c07d11d-f9f2-851d-e053-ca3ca8c0ca7f,12201,Edenderry,Offaly
4c07d11d-f9f3-851d-e053-ca3ca8c0ca7f,06436,Celbridge,Kildare
4c07d11d-f9f4-851d-e053-ca3ca8c0ca7f,06466,Johnstownbridge,Kildare
4c07d11d-f9f5-851d-e053-ca3ca8c0ca7f,15389,Tinahely,Wicklow
4c07d11d-f9f6-851d-e053-ca3ca8c0ca7f,15389,Tinahely,Wicklow
4c07d11d-f9f8-851d-e053-ca3ca8c0ca7f,02341,Dublin city and suburbs,Dublin
4c07d11d-f9fa-851d-e053-ca3ca8c0ca7f,13189,Tyrrellspass,Westmeath
4c07d11d-f9fb-851d-e053-ca3ca8c0ca7f,13187,Rochfortbridge,Westmeath
4c07d11d-f9fd-851d-e053-ca3ca8c0ca7f,11423,Enfield,Meath
4c07d11d-f9fe-851d-e053-ca3ca8c0ca7f,11423,Enfield,Meath
4c07d11d-fa00-851d-e053-ca3ca8c0ca7f,15387,Aughrim,Wicklow
4c07d11d-fa01-851d-e053-ca3ca8c0ca7f,15378,Arklow,Wicklow
4c07d11d-fa02-851d-e053-ca3ca8c0ca7f,15378,Arklow,Wicklow
4c07d11d-fa03-851d-e053-ca3ca8c0ca7f,02341,Dublin city and suburbs,Dublin
4c07d11d-fa05-851d-e053-ca3ca8c0ca7f,02341,Dublin city and suburbs,Dublin
4c07d11d-fa06-851d-e053-ca3ca8c0ca7f,12201,Edenderry,Offaly
4c07d11d-fa07-851d-e053-ca3ca8c0ca7f,13183,Kinnegad,Westmeath
4c07d11d-fa09-851d-e053-ca3ca8c0ca7f,11428,Longwood,Meath
4c07d11d-fa0a-851d-e053-ca3ca8c0ca7f,15378,Arklow,Wicklow
4c07d11d-fa0b-851d-e053-ca3ca8c0ca7f,15378,Arklow,Wicklow
4c07d11d-fa0d-851d-e053-ca3ca8c0ca7f,03363,Newcastle,Dublin
4c07d11d-fa10-851d-e053-ca3ca8c0ca7f,11428,Longwood,Meath
4c07d11d-fa11-851d-e053-ca3ca8c0ca7f,11428,Longwood,Meath
4c07d11d-fa12-851d-e053-ca3ca8c0ca7f,15378,Arklow,Wicklow
4c07d11d-fa13-851d-e053-ca3ca8c0ca7f,15386,Laragh,Wicklow
4c07d11d-fa15-851d-e053-ca3ca8c0ca7f,03362,Rathcoole,Dublin
4c07d11d-fa17-851d-e053-ca3ca8c0ca7f,06462,Kilmeage,Kildare
4c07d11d-fa18-851d-e053-ca3ca8c0ca7f,06456,Robertstown,Kildare
4c07d11d-fa19-851d-e053-ca3ca8c0ca7f,06456,Robertstown,Kildare
4c07d11d-fa1b-851d-e053-ca3ca8c0ca7f,06438,Maynooth,Kildare
4c07d11d-fa1d-851d-e053-ca3ca8c0ca7f,15384,Rathdrum,Wicklow
4c07d11d-fa1e-851d-e053-ca3ca8c0ca7f,15367,Wicklow,Wicklow
4c07d11d-fa1f-851d-e053-ca3ca8c0ca7f,15367,Wicklow,Wicklow
4c07d11d-fa20-851d-e053-ca3ca8c0ca7f,03363,Newcastle,Dublin
4c07d11d-fa21-851d-e053-ca3ca8c0ca7f,03363,Newcastle,Dublin
4c07d11d-fa23-851d-e053-ca3ca8c0ca7f,06470,Derrinturn,Kildare
4c07d11d-fa24-851d-e053-ca3ca8c0ca7f,06470,Derrinturn,Kildare
4c07d11d-fa25-851d-e053-ca3ca8c0ca7f,06438,Maynooth,Kildare
4c07d11d-fa26-851d-e053-ca3ca8c0ca7f,06436,Celbridge,Kildare
4c07d11d-fa28-851d-e053-ca3ca8c0ca7f,15367,Wicklow,Wicklow
4c07d11d-fa29-851d-e053-ca3ca8c0ca7f,15367,Wicklow,Wicklow
4c07d11d-fa2b-851d-e053-ca3ca8c0ca7f,02341,Dublin city and suburbs,Dublin
4c07d11d-fa2c-851d-e053-ca3ca8c0ca7f,02341,Dublin city and suburbs,Dublin
4c07d11d-fa2d-851d-e053-ca3ca8c0ca7f,06465,Allenwood,Kildare
4c07d11d-fa2e-851d-e053-ca3ca8c0ca7f,06451,Prosperous,Kildare
4c07d11d-fa2f-851d-e053-ca3ca8c0ca7f,06449,Carragh,Kildare
4c07d11d-fa31-851d-e053-ca3ca8c0ca7f,06438,Maynooth,Kildare
4c07d11d-fa32-851d-e053-ca3ca8c0ca7f,06438,Maynooth,Kildare
4c07d11d-fa33-851d-e053-ca3ca8c0ca7f,15367,Wicklow,Wicklow
4c07d11d-fa34-851d-e053-ca3ca8c0ca7f,15367,Wicklow,Wicklow
4c07d11d-fa35-851d-e053-ca3ca8c0ca7f,02341,Dublin city and suburbs,Dublin
4c07d11d-fa36-851d-e053-ca3ca8c0ca7f,02341,Dublin city and suburbs,Dublin
4c07d11d-fa37-851d-e053-ca3ca8c0ca7f,06449,Carragh,Kildare
4c07d11d-fa39-851d-e053-ca3ca8c0ca7f,06442,Naas,Kildare
4c07d11d-fa3a-851d-e053-ca3ca8c0ca7f,06438,Maynooth,Kildare
4c07d11d-fa3c-851d-e053-ca3ca8c0ca7f,14597,Ballymurn,Wexford
4c07d11d-fa3d-851d-e053-ca3ca8c0ca7f,15367,Wicklow,Wicklow
4c07d11d-fa3f-851d-e053-ca3ca8c0ca7f,15371,Rathnew,Wicklow
4c07d11d-fa40-851d-e053-ca3ca8c0ca7f,15375,Ashford,Wicklow
4c07d11d-fa41-851d-e053-ca3ca8c0ca7f,15371,Rathnew,Wicklow
4c07d11d-fa42-851d-e053-ca3ca8c0ca7f,02341,Dublin city and suburbs,Dublin
4c07d11d-fa43-851d-e053-ca3ca8c0ca7f,02341,Dublin city and suburbs,Dublin
4c07d11d-fa44-851d-e053-ca3ca8c0ca7f,06442,Naas,Kildare
4c07d11d-fa46-851d-e053-ca3ca8c0ca7f,14593,The Ballagh,Wexford
4c07d11d-fa47-851d-e053-ca3ca8c0ca7f,14589,Monamolin,Wexford
4c07d11d-fa48-851d-e053-ca3ca8c0ca7f,14600,Ferns,Wexford
4c07d11d-fa49-851d-e053-ca3ca8c0ca7f,15373,Newtownmountkennedy,Wicklow
4c07d11d-fa4a-851d-e053-ca3ca8c0ca7f,15373,Newtownmountkennedy,Wicklow
4c07d11d-fa4b-851d-e053-ca3ca8c0ca7f,02341,Dublin city and suburbs,Dublin
4c07d11d-fa4c-851d-e053-ca3ca8c0ca7f,02341,Dublin city and suburbs,Dublin
4c07d11d-fa4d-851d-e053-ca3ca8c0ca7f,06442,Naas,Kildare
4c07d11d-fa4f-851d-e053-ca3ca8c0ca7f,14586,Ballycanew,Wexford
4c07d11d-fa50-851d-e053-ca3ca8c0ca7f,14586,Ballycanew,Wexford
4c07d11d-fa52-851d-e053-ca3ca8c0ca7f,15373,Newtownmountkennedy,Wicklow
4c07d11d-fa53-851d-e053-ca3ca8c0ca7f,15372,Kilpedder,Wicklow
4c07d11d-fa54-851d-e053-ca3ca8c0ca7f,15372,Kilpedder,Wicklow
4c07d11d-fa55-851d-e053-ca3ca8c0ca7f,15368,Kilcoole,Wicklow
4c07d11d-fa56-851d-e053-ca3ca8c0ca7f,02341,Dublin city and suburbs,Dublin
4c07d11d-fa57-851d-e053-ca3ca8c0ca7f,02341,Dublin city and suburbs,Dublin
4c07d11d-fa58-851d-e053-ca3ca8c0ca7f,02341,Dublin city and suburbs,Dublin
4c07d11d-fa59-851d-e053-ca3ca8c0ca7f,06442,Naas,Kildare
4c07d11d-fa5a-851d-e053-ca3ca8c0ca7f,06442,Naas,Kildare
4c07d11d-fa5b-851d-e053-ca3ca8c0ca7f,06442,Naas,Kildare
4c07d11d-fa5c-851d-e053-ca3ca8c0ca7f,14583,Kilmuckridge,Wexford
4c07d11d-fa5d-851d-e053-ca3ca8c0ca7f,14581,Courtown,Wexford
4c07d11d-fa5e-851d-e053-ca3ca8c0ca7f,14581,Courtown,Wexford
4c07d11d-fa5f-851d-e053-ca3ca8c0ca7f,15368,Kilcoole,Wicklow
4c07d11d-fa60-851d-e053-ca3ca8c0ca7f,15381,Enniskerry,Wicklow
4c07d11d-fa62-851d-e053-ca3ca8c0ca7f,15370,Greystones-Delgany,Wicklow
4c07d11d-fa63-851d-e053-ca3ca8c0ca7f,15370,Greystones-Delgany,Wicklow
4c07d11d-fa64-851d-e053-ca3ca8c0ca7f,15370,Greystones-Delgany,Wicklow
4c07d11d-fa65-851d-e053-ca3ca8c0ca7f,15370,Greystones-Delgany,Wicklow
4c07d11d-fa67-851d-e053-ca3ca8c0ca7f,02341,Dublin city and suburbs,Dublin
4c07d11d-fa68-851d-e053-ca3ca8c0ca7f,02341,Dublin city and suburbs,Dublin
4c07d11d-fa69-851d-e053-ca3ca8c0ca7f,06443,Sallins,Kildare
4c07d11d-fa6a-851d-e053-ca3ca8c0ca7f,06443,Sallins,Kildare
4c07d11d-fa6c-851d-e053-ca3ca8c0ca7f,14581,Courtown,Wexford
4c07d11d-fa6d-851d-e053-ca3ca8c0ca7f,15370,Greystones-Delgany,Wicklow
4c07d11d-fa6e-851d-e053-ca3ca8c0ca7f,15370,Greystones-Delgany,Wicklow
4c07d11d-fa6f-851d-e053-ca3ca8c0ca7f,15370,Greystones-Delgany,Wicklow
4c07d11d-fa70-851d-e053-ca3ca8c0ca7f,02341,Dublin city and suburbs,Dublin
4c07d11d-fa71-851d-e053-ca3ca8c0ca7f,02341,Dublin city and suburbs,Dublin
4c07d11d-fa72-851d-e053-ca3ca8c0ca7f,06441,Johnstown,Kildare
4c07d11d-fa74-851d-e053-ca3ca8c0ca7f,14581,Courtown,Wexford
4c07d11d-fa76-851d-e053-ca3ca8c0ca7f,15391,Carnew,Wicklow
4c07d11d-fa77-851d-e053-ca3ca8c0ca7f,15391,Carnew,Wicklow
4c07d11d-fa78-851d-e053-ca3ca8c0ca7f,15370,Greystones-Delgany,Wicklow
4c07d11d-fa79-851d-e053-ca3ca8c0ca7f,15370,Greystones-Delgany,Wicklow
4c07d11d-fa7a-851d-e053-ca3ca8c0ca7f,15370,Greystones-Delgany,Wicklow
4c07d11d-fa7c-851d-e053-ca3ca8c0ca7f,02341,Dublin city and suburbs,Dublin
4c07d11d-fa7d-851d-e053-ca3ca8c0ca7f,02341,Dublin city and suburbs,Dublin
4c07d11d-fa7e-851d-e053-ca3ca8c0ca7f,02341,Dublin city and suburbs,Dublin
4c07d11d-fa80-851d-e053-ca3ca8c0ca7f,06447,Clane,Kildare
4c07d11d-fa81-851d-e053-ca3ca8c0ca7f,06447,Clane,Kildare
4c07d11d-fa82-851d-e053-ca3ca8c0ca7f,06447,Clane,Kildare
4c07d11d-fa83-851d-e053-ca3ca8c0ca7f,14585,Gorey,Wexford
4c07d11d-fa84-851d-e053-ca3ca8c0ca7f,14585,Gorey,Wexford
4c07d11d-fa85-851d-e053-ca3ca8c0ca7f,14585,Gorey,Wexford
4c07d11d-fa86-851d-e053-ca3ca8c0ca7f,15376,Bray,Wicklow
4c07d11d-fa87-851d-e053-ca3ca8c0ca7f,15376,Bray,Wicklow
4c07d11d-fa88-851d-e053-ca3ca8c0ca7f,15376,Bray,Wicklow
4c07d11d-faba-851d-e053-ca3ca8c0ca7f,27295,Bearna,Galway
4c07d11d-fabb-851d-e053-ca3ca8c0ca7f,27295,Bearna,Galway
4c07d11d-fabe-851d-e053-ca3ca8c0ca7f,26305,Galway city and suburbs,Galway
4c07d11d-fadf-851d-e053-ca3ca8c0ca7f,13196,Ballymore,Westmeath
4c07d11d-faf2-851d-e053-ca3ca8c0ca7f,33072,Clonmany,Donegal
4c07d11d-faf4-851d-e053-ca3ca8c0ca7f,33066,Carndonagh,Donegal
4c07d11d-fb04-851d-e053-ca3ca8c0ca7f,18805,Rathcoole,Cork
4c07d11d-fb0a-851d-e053-ca3ca8c0ca7f,18798,Lyre,Cork
4c07d11d-fb0f-851d-e053-ca3ca8c0ca7f,18802,Kanturk,Cork
4c07d11d-fb11-851d-e053-ca3ca8c0ca7f,19830,Brosna,Kerry
4c07d11d-fb16-851d-e053-ca3ca8c0ca7f,21535,Toornafulla,Limerick
4c07d11d-fb1c-851d-e053-ca3ca8c0ca7f,18797,Milford,Cork
4c07d11d-fb20-851d-e053-ca3ca8c0ca7f,18778,Drommahane,Cork
4c07d11d-fb23-851d-e053-ca3ca8c0ca7f,26305,Galway city and suburbs,Galway
4c07d11d-fb26-851d-e053-ca3ca8c0ca7f,26305,Galway city and suburbs,Galway
4c07d11d-fb27-851d-e053-ca3ca8c0ca7f,26305,Galway city and suburbs,Galway
4c07d11d-fb29-851d-e053-ca3ca8c0ca7f,26305,Galway city and suburbs,Galway
4c07d11d-fb2d-851d-e053-ca3ca8c0ca7f,26305,Galway city and suburbs,Galway
4c07d11d-fb5b-851d-e053-ca3ca8c0ca7f,30249,Tulsk,Roscommon
4c07d11d-fb61-851d-e053-ca3ca8c0ca7f,19864,Cahirciveen,Kerry
4c07d11d-fb7c-851d-e053-ca3ca8c0ca7f,18794,Castlemagner,Cork
4c07d11d-fb81-851d-e053-ca3ca8c0ca7f,18771,Mallow,Cork
4c07d11d-fb8a-851d-e053-ca3ca8c0ca7f,18758,Castletownroche,Cork
4c07d11d-fb8b-851d-e053-ca3ca8c0ca7f,18754,Ballyhooly,Cork
4c07d11d-fba2-851d-e053-ca3ca8c0ca7f,06442,Naas,Kildare
4c07d11d-fbe1-851d-e053-ca3ca8c0ca7f,18827,Glengarriff,Cork
4c07d11d-fbeb-851d-e053-ca3ca8c0ca7f,18793,Liscarroll,Cork
4c07d11d-fbf1-851d-e053-ca3ca8c0ca7f,18777,Charleville,Cork
4c07d11d-fbf4-851d-e053-ca3ca8c0ca7f,18759,Shanballymore,Cork
4c07d11d-fc0b-851d-e053-ca3ca8c0ca7f,06445,Rathcoffey,Kildare
4c07d11d-fc4b-851d-e053-ca3ca8c0ca7f,18816,Castletownshend,Cork
4c07d11d-fc5b-851d-e053-ca3ca8c0ca7f,18808,Rosscarbery,Cork
4c07d11d-fc62-851d-e053-ca3ca8c0ca7f,19844,Kilflynn,Kerry
4c07d11d-fc70-851d-e053-ca3ca8c0ca7f,15389,Tinahely,Wicklow
4c07d11d-fcdd-851d-e053-ca3ca8c0ca7f,19839,Listowel,Kerry
4c07d11d-fcf9-851d-e053-ca3ca8c0ca7f,03363,Newcastle,Dublin
4c07d11d-fd2f-851d-e053-ca3ca8c0ca7f,18789,Timoleague,Cork
4c07d11d-fd3b-851d-e053-ca3ca8c0ca7f,18779,Kilbrittain,Cork
4c07d11d-fd4e-851d-e053-ca3ca8c0ca7f,19837,Ballylongford,Kerry
4c07d11d-fd55-851d-e053-ca3ca8c0ca7f,16578,Kilrush,Clare
4c07d11d-fdac-851d-e053-ca3ca8c0ca7f,18765,Kinsale,Cork
4c07d11d-fdb5-851d-e053-ca3ca8c0ca7f,18761,Belgooly,Cork
4c07d11d-fdcc-851d-e053-ca3ca8c0ca7f,21539,Athea,Limerick
4c07d11d-fdd0-851d-e053-ca3ca8c0ca7f,21534,Carrigkerry,Limerick
4c07d11d-fe0f-851d-e053-ca3ca8c0ca7f,11422,Kilmainhamwood,Meath
4c07d11d-fe1d-851d-e053-ca3ca8c0ca7f,19841,Kenmare,Kerry
4c07d11d-fe38-851d-e053-ca3ca8c0ca7f,19855,Killorglin,Kerry
4c07d11d-fe4f-851d-e053-ca3ca8c0ca7f,21528,Askeaton,Limerick
4c07d11d-fe52-851d-e053-ca3ca8c0ca7f,18788,Newtown,Cork
4c07d11d-fe8a-851d-e053-ca3ca8c0ca7f,30245,Keadew,Roscommon
4c07d11d-fea5-851d-e053-ca3ca8c0ca7f,19854,Spa,Kerry
4c07d11d-feb8-851d-e053-ca3ca8c0ca7f,19851,Milltown,Kerry
4c07d11d-fec1-851d-e053-ca3ca8c0ca7f,21509,Kilfinnane,Limerick
4c07d11d-fec4-851d-e053-ca3ca8c0ca7f,21506,Knocklong,Limerick
4c07d11d-fed4-851d-e053-ca3ca8c0ca7f,21519,Croom,Limerick
4c07d11d-ff43-851d-e053-ca3ca8c0ca7f,21515,Fedamore,Limerick
4c07d11d-ff6b-851d-e053-ca3ca8c0ca7f,29308,Kilkelly,Mayo
4c07d11d-ff95-851d-e053-ca3ca8c0ca7f,19849,Tralee,Kerry
4c07d11d-ff9f-851d-e053-ca3ca8c0ca7f,20497,Limerick city and suburbs,Limerick
4c07d11d-ffa7-851d-e053-ca3ca8c0ca7f,16567,Lissycasey,Clare
4c07d11d-ffb8-851d-e053-ca3ca8c0ca7f,16562,Ennis,Clare
4c07d11e-0003-851d-e053-ca3ca8c0ca7f,19836,Castleisland,Kerry
4c07d11e-000b-851d-e053-ca3ca8c0ca7f,18812,Inchigeelagh,Cork
4c07d11e-000f-851d-e053-ca3ca8c0ca7f,18796,Crookstown,Cork
4c07d11e-0014-851d-e053-ca3ca8c0ca7f,18807,Clondrohid,Cork
4c07d11e-0022-851d-e053-ca3ca8c0ca7f,16562,Ennis,Clare
4c07d11e-0025-851d-e053-ca3ca8c0ca7f,21525,Pallaskenry,Limerick
4c07d11e-0029-851d-e053-ca3ca8c0ca7f,16554,Cratloe,Clare
4c07d11e-002c-851d-e053-ca3ca8c0ca7f,20497,Limerick city and suburbs,Limerick
4c07d11e-0037-851d-e053-ca3ca8c0ca7f,20497,Limerick city and suburbs,Limerick
4c07d11e-0039-851d-e053-ca3ca8c0ca7f,20497,Limerick city and suburbs,Limerick
4c07d11e-003b-851d-e053-ca3ca8c0ca7f,21511,Annacotty,Limerick
4c07d11e-004a-851d-e053-ca3ca8c0ca7f,29333,Bangor Erris,Mayo
4c07d11e-006a-851d-e053-ca3ca8c0ca7f,04344,Portrane,Dublin
4c07d11e-008a-851d-e053-ca3ca8c0ca7f,18785,Farran,Cork
4c07d11e-00a8-851d-e053-ca3ca8c0ca7f,16544,O'Briensbridge-Montpelier,Clare
4c07d11e-00b6-851d-e053-ca3ca8c0ca7f,22496,Ballina,Tipperary
4c07d11e-00d0-851d-e053-ca3ca8c0ca7f,31156,Dromore West,Sligo
4c07d11e-00fc-851d-e053-ca3ca8c0ca7f,17364,Cork city and suburbs,Cork
4c07d11e-00fd-851d-e053-ca3ca8c0ca7f,17364,Cork city and suburbs,Cork
4c07d11e-00fe-851d-e053-ca3ca8c0ca7f,17364,Cork city and suburbs,Cork
4c07d11e-0103-851d-e053-ca3ca8c0ca7f,17364,Cork city and suburbs,Cork
4c07d11e-0104-851d-e053-ca3ca8c0ca7f,17364,Cork city and suburbs,Cork
4c07d11e-0107-851d-e053-ca3ca8c0ca7f,17364,Cork city and suburbs,Cork
4c07d11e-0117-851d-e053-ca3ca8c0ca7f,27302,Cill Rónáin,Galway
4c07d11e-013b-851d-e053-ca3ca8c0ca7f,31153,Strandhill,Sligo
4c07d11e-0165-851d-e053-ca3ca8c0ca7f,17364,Cork city and suburbs,Cork
4c07d11e-0166-851d-e053-ca3ca8c0ca7f,17366,Tower,Cork
4c07d11e-0167-851d-e053-ca3ca8c0ca7f,17364,Cork city and suburbs,Cork
4c07d11e-0169-851d-e053-ca3ca8c0ca7f,17364,Cork city and suburbs,Cork
4c07d11e-016a-851d-e053-ca3ca8c0ca7f,17364,Cork city and suburbs,Cork
4c07d11e-019c-851d-e053-ca3ca8c0ca7f,27279,Gort,Galway
4c07d11e-01d3-851d-e053-ca3ca8c0ca7f,33075,Buncrana,Donegal
4c07d11e-01e1-851d-e053-ca3ca8c0ca7f,17364,Cork city and suburbs,Cork
4c07d11e-01e3-851d-e053-ca3ca8c0ca7f,17364,Cork city and suburbs,Cork
4c07d11e-01e4-851d-e053-ca3ca8c0ca7f,18763,Whitechurch,Cork
4c07d11e-01ee-851d-e053-ca3ca8c0ca7f,19831,Gneevgullia,Kerry
4c07d11e-01ef-851d-e053-ca3ca8c0ca7f,18817,Knocknagree,Cork
4c07d11e-01fc-851d-e053-ca3ca8c0ca7f,11425,Kells,Meath
4c07d11e-01fd-851d-e053-ca3ca8c0ca7f,11425,Kells,Meath
4c07d11e-01ff-851d-e053-ca3ca8c0ca7f,11424,Carlanstown,Meath
4c07d11e-0201-851d-e053-ca3ca8c0ca7f,11424,Carlanstown,Meath
4c07d11e-0203-851d-e053-ca3ca8c0ca7f,11416,Navan,Meath
4c07d11e-0204-851d-e053-ca3ca8c0ca7f,11416,Navan,Meath
4c07d11e-0205-851d-e053-ca3ca8c0ca7f,19849,Tralee,Kerry
4c07d11e-0206-851d-e053-ca3ca8c0ca7f,19849,Tralee,Kerry
4c07d11e-0207-851d-e053-ca3ca8c0ca7f,19849,Tralee,Kerry
4c07d11e-0208-851d-e053-ca3ca8c0ca7f,19848,Abbeydorney,Kerry
4c07d11e-0209-851d-e053-ca3ca8c0ca7f,19848,Abbeydorney,Kerry
4c07d11e-020a-851d-e053-ca3ca8c0ca7f,11405,Duleek,Meath
4c07d11e-020b-851d-e053-ca3ca8c0ca7f,11405,Duleek,Meath
4c07d11e-020c-851d-e053-ca3ca8c0ca7f,11405,Duleek,Meath
4c07d11e-020d-851d-e053-ca3ca8c0ca7f,11406,Donore,Meath
4c07d11e-020e-851d-e053-ca3ca8c0ca7f,19865,Dingle-Daingean Uí Chuis,Kerry
4c07d11e-020f-851d-e053-ca3ca8c0ca7f,19865,Dingle-Daingean Uí Chuis,Kerry
4c07d11e-0210-851d-e053-ca3ca8c0ca7f,19841,Kenmare,Kerry
4c07d11e-0211-851d-e053-ca3ca8c0ca7f,19841,Kenmare,Kerry
4c07d11e-0212-851d-e053-ca3ca8c0ca7f,19836,Castleisland,Kerry
4c07d11e-0213-851d-e053-ca3ca8c0ca7f,19836,Castleisland,Kerry
4c07d11e-0214-851d-e053-ca3ca8c0ca7f,19836,Castleisland,Kerry
4c07d11e-0215-851d-e053-ca3ca8c0ca7f,11402,Stamullen,Meath
4c07d11e-0216-851d-e053-ca3ca8c0ca7f,11402,Stamullen,Meath
4c07d11e-0217-851d-e053-ca3ca8c0ca7f,10009,Drogheda,Louth
4c07d11e-0219-851d-e053-ca3ca8c0ca7f,10009,Drogheda,Louth
4c07d11e-021a-851d-e053-ca3ca8c0ca7f,19865,Dingle-Daingean Uí Chuis,Kerry
4c07d11e-021d-851d-e053-ca3ca8c0ca7f,18826,Schull,Cork
4c07d11e-021e-851d-e053-ca3ca8c0ca7f,18825,Durrus,Cork
4c07d11e-021f-851d-e053-ca3ca8c0ca7f,18825,Durrus,Cork
4c07d11e-0220-851d-e053-ca3ca8c0ca7f,19840,Killarney,Kerry
4c07d11e-0222-851d-e053-ca3ca8c0ca7f,19840,Killarney,Kerry
4c07d11e-0224-851d-e053-ca3ca8c0ca7f,11416,Navan,Meath
4c07d11e-0226-851d-e053-ca3ca8c0ca7f,10015,Tullyallen,Louth
4c07d11e-0228-851d-e053-ca3ca8c0ca7f,10009,Drogheda,Louth
4c07d11e-022a-851d-e053-ca3ca8c0ca7f,11401,Laytown-Bettystown-Mornington-Donacarney,Meath
4c07d11e-022c-851d-e053-ca3ca8c0ca7f,11401,Laytown-Bettystown-Mornington-Donacarney,Meath
4c07d11e-0231-851d-e053-ca3ca8c0ca7f,10004,Termonfeckin,Louth
4c07d11e-0235-851d-e053-ca3ca8c0ca7f,18821,Skibbereen,Cork
4c07d11e-0236-851d-e053-ca3ca8c0ca7f,18821,Skibbereen,Cork
4c07d11e-0237-851d-e053-ca3ca8c0ca7f,18823,Bantry,Cork
4c07d11e-0238-851d-e053-ca3ca8c0ca7f,19840,Killarney,Kerry
4c07d11e-023a-851d-e053-ca3ca8c0ca7f,19840,Killarney,Kerry
4c07d11e-023c-851d-e053-ca3ca8c0ca7f,11410,Kentstown,Meath
4c07d11e-023e-851d-e053-ca3ca8c0ca7f,11401,Laytown-Bettystown-Mornington-Donacarney,Meath
4c07d11e-023f-851d-e053-ca3ca8c0ca7f,10016,Tinure,Louth
4c07d11e-0240-851d-e053-ca3ca8c0ca7f,10016,Tinure,Louth
4c07d11e-0245-851d-e053-ca3ca8c0ca7f,10012,Dunleer,Louth
4c07d11e-0246-851d-e053-ca3ca8c0ca7f,10011,Castlebellingham-Kilsaran,Louth
4c07d11e-0249-851d-e053-ca3ca8c0ca7f,18823,Bantry,Cork
4c07d11e-024a-851d-e053-ca3ca8c0ca7f,18823,Bantry,Cork
4c07d11e-024b-851d-e053-ca3ca8c0ca7f,18823,Bantry,Cork
4c07d11e-024c-851d-e053-ca3ca8c0ca7f,19840,Killarney,Kerry
4c07d11e-024d-851d-e053-ca3ca8c0ca7f,19840,Killarney,Kerry
4c07d11e-024e-851d-e053-ca3ca8c0ca7f,19840,Killarney,Kerry
4c07d11e-024f-851d-e053-ca3ca8c0ca7f,19840,Killarney,Kerry
4c07d11e-0250-851d-e053-ca3ca8c0ca7f,11412,Slane,Meath
4c07d11e-0253-851d-e053-ca3ca8c0ca7f,32048,Kilnaleck,Cavan
4c07d11e-0255-851d-e053-ca3ca8c0ca7f,32047,Ballyjamesduff,Cavan
4c07d11e-0258-851d-e053-ca3ca8c0ca7f,32047,Ballyjamesduff,Cavan
4c07d11e-025a-851d-e053-ca3ca8c0ca7f,32050,Cavan,Cavan
4c07d11e-025b-851d-e053-ca3ca8c0ca7f,32050,Cavan,Cavan
4c07d11e-025d-851d-e053-ca3ca8c0ca7f,32050,Cavan,Cavan
4c07d11e-025e-851d-e053-ca3ca8c0ca7f,32050,Cavan,Cavan
4c07d11e-025f-851d-e053-ca3ca8c0ca7f,10004,Termonfeckin,Louth
4c07d11e-0260-851d-e053-ca3ca8c0ca7f,10002,Clogherhead,Louth
4c07d11e-0261-851d-e053-ca3ca8c0ca7f,10002,Clogherhead,Louth
4c07d11e-0262-851d-e053-ca3ca8c0ca7f,10002,Clogherhead,Louth
4c07d11e-0264-851d-e053-ca3ca8c0ca7f,10013,Dundalk,Louth
4c07d11e-0267-851d-e053-ca3ca8c0ca7f,10013,Dundalk,Louth
4c07d11e-0269-851d-e053-ca3ca8c0ca7f,10013,Dundalk,Louth
4c07d11e-026a-851d-e053-ca3ca8c0ca7f,10013,Dundalk,Louth
4c07d11e-026b-851d-e053-ca3ca8c0ca7f,18823,Bantry,Cork
4c07d11e-026c-851d-e053-ca3ca8c0ca7f,18821,Skibbereen,Cork
4c07d11e-026e-851d-e053-ca3ca8c0ca7f,18821,Skibbereen,Cork
4c07d11e-026f-851d-e053-ca3ca8c0ca7f,18820,Drimoleague,Cork
4c07d11e-0270-851d-e053-ca3ca8c0ca7f,18808,Rosscarbery,Cork
4c07d11e-0271-851d-e053-ca3ca8c0ca7f,19840,Killarney,Kerry
4c07d11e-0272-851d-e053-ca3ca8c0ca7f,19840,Killarney,Kerry
4c07d11e-0273-851d-e053-ca3ca8c0ca7f,19840,Killarney,Kerry
4c07d11e-0275-851d-e053-ca3ca8c0ca7f,32044,Bailieborough,Cavan
4c07d11e-0276-851d-e053-ca3ca8c0ca7f,32043,Mullagh,Cavan
4c07d11e-0277-851d-e053-ca3ca8c0ca7f,11419,Nobber,Meath
4c07d11e-0279-851d-e053-ca3ca8c0ca7f,10013,Dundalk,Louth
4c07d11e-027b-851d-e053-ca3ca8c0ca7f,10013,Dundalk,Louth
4c07d11e-027c-851d-e053-ca3ca8c0ca7f,10013,Dundalk,Louth
4c07d11e-027e-851d-e053-ca3ca8c0ca7f,10005,Rampark,Louth
4c07d11e-0282-851d-e053-ca3ca8c0ca7f,10001,Carlingford,Louth
4c07d11e-0288-851d-e053-ca3ca8c0ca7f,18801,Clonakilty,Cork
4c07d11e-0289-851d-e053-ca3ca8c0ca7f,18801,Clonakilty,Cork
4c07d11e-028a-851d-e053-ca3ca8c0ca7f,18801,Clonakilty,Cork
4c07d11e-028b-851d-e053-ca3ca8c0ca7f,18801,Clonakilty,Cork
4c07d11e-028c-851d-e053-ca3ca8c0ca7f,18801,Clonakilty,Cork
4c07d11e-028d-851d-e053-ca3ca8c0ca7f,18801,Clonakilty,Cork
4c07d11e-028e-851d-e053-ca3ca8c0ca7f,19840,Killarney,Kerry
4c07d11e-028f-851d-e053-ca3ca8c0ca7f,19840,Killarney,Kerry
4c07d11e-0290-851d-e053-ca3ca8c0ca7f,19840,Killarney,Kerry
4c07d11e-0292-851d-e053-ca3ca8c0ca7f,19855,Killorglin,Kerry
4c07d11e-0293-851d-e053-ca3ca8c0ca7f,32041,Kingscourt,Cavan
4c07d11e-0296-851d-e053-ca3ca8c0ca7f,10019,Ardee,Louth
4c07d11e-0297-851d-e053-ca3ca8c0ca7f,32041,Kingscourt,Cavan
4c07d11e-029c-851d-e053-ca3ca8c0ca7f,33102,Donegal,Donegal
4c07d11e-029e-851d-e053-ca3ca8c0ca7f,33102,Donegal,Donegal
4c07d11e-029f-851d-e053-ca3ca8c0ca7f,33102,Donegal,Donegal
4c07d11e-02a1-851d-e053-ca3ca8c0ca7f,33112,Glenties,Donegal
4c07d11e-02a2-851d-e053-ca3ca8c0ca7f,33112,Glenties,Donegal
4c07d11e-02a3-851d-e053-ca3ca8c0ca7f,33112,Glenties,Donegal
4c07d11e-02a5-851d-e053-ca3ca8c0ca7f,33094,Ballybofey-Stranorlar,Donegal
4c07d11e-02a7-851d-e053-ca3ca8c0ca7f,33094,Ballybofey-Stranorlar,Donegal
4c07d11e-02a8-851d-e053-ca3ca8c0ca7f,33094,Ballybofey-Stranorlar,Donegal
4c07d11e-02a9-851d-e053-ca3ca8c0ca7f,33089,Killygordon,Donegal
4c07d11e-02ab-851d-e053-ca3ca8c0ca7f,33092,Drumkeen,Donegal
4c07d11e-02ae-851d-e053-ca3ca8c0ca7f,18811,Dunmanway,Cork
4c07d11e-02af-851d-e053-ca3ca8c0ca7f,18811,Dunmanway,Cork
4c07d11e-02b3-851d-e053-ca3ca8c0ca7f,10021,Tallanstown,Louth
4c07d11e-02b6-851d-e053-ca3ca8c0ca7f,33083,Castlefinn,Donegal
4c07d11e-02b7-851d-e053-ca3ca8c0ca7f,33078,Lifford,Donegal
4c07d11e-02b8-851d-e053-ca3ca8c0ca7f,18811,Dunmanway,Cork
4c07d11e-02b9-851d-e053-ca3ca8c0ca7f,18811,Dunmanway,Cork
4c07d11e-02bd-851d-e053-ca3ca8c0ca7f,10020,Louth,Louth
4c07d11e-02be-851d-e053-ca3ca8c0ca7f,10020,Louth,Louth
4c07d11e-02bf-851d-e053-ca3ca8c0ca7f,34024,Carrickmacross,Monaghan
4c07d11e-02c0-851d-e053-ca3ca8c0ca7f,34022,Inniskeen,Monaghan
4c07d11e-02c4-851d-e053-ca3ca8c0ca7f,31138,Ballintogher,Sligo
4c07d11e-02c7-851d-e053-ca3ca8c0ca7f,28134,Manorhamilton,Leitrim
4c07d11e-02c8-851d-e053-ca3ca8c0ca7f,33087,Convoy,Donegal
4c07d11e-02c9-851d-e053-ca3ca8c0ca7f,33082,Cloghfin,Donegal
4c07d11e-02ca-851d-e053-ca3ca8c0ca7f,33078,Lifford,Donegal
4c07d11e-02cb-851d-e053-ca3ca8c0ca7f,33078,Lifford,Donegal
4c07d11e-02cc-851d-e053-ca3ca8c0ca7f,33078,Lifford,Donegal
4c07d11e-02cf-851d-e053-ca3ca8c0ca7f,33117,An Clochán Liath,Donegal
4c07d11e-02d2-851d-e053-ca3ca8c0ca7f,33111,Loch An Iúir,Donegal
4c07d11e-02d6-851d-e053-ca3ca8c0ca7f,33111,Loch An Iúir,Donegal
4c07d11e-02d7-851d-e053-ca3ca8c0ca7f,33114,Rann Na Feirste,Donegal
4c07d11e-02d8-851d-e053-ca3ca8c0ca7f,18811,Dunmanway,Cork
4c07d11e-02d9-851d-e053-ca3ca8c0ca7f,18811,Dunmanway,Cork
4c07d11e-02dc-851d-e053-ca3ca8c0ca7f,28125,Ballinamore,Leitrim
4c07d11e-02dd-851d-e053-ca3ca8c0ca7f,32058,Swanlinbar,Cavan
4c07d11e-02df-851d-e053-ca3ca8c0ca7f,33114,Rann Na Feirste,Donegal
4c07d11e-02e1-851d-e053-ca3ca8c0ca7f,33113,An Bun Beag,Donegal
4c07d11e-02e2-851d-e053-ca3ca8c0ca7f,33113,An Bun Beag,Donegal
4c07d11e-02e3-851d-e053-ca3ca8c0ca7f,33109,Doirí Beaga,Donegal
4c07d11e-02e5-851d-e053-ca3ca8c0ca7f,33109,Doirí Beaga,Donegal
4c07d11e-02e8-851d-e053-ca3ca8c0ca7f,33113,An Bun Beag,Donegal
4c07d11e-02ea-851d-e053-ca3ca8c0ca7f,33105,Mín Lárach,Donegal
4c07d11e-02ef-851d-e053-ca3ca8c0ca7f,18803,Ballineen-Enniskean,Cork
4c07d11e-02f2-851d-e053-ca3ca8c0ca7f,19836,Castleisland,Kerry
4c07d11e-02f3-851d-e053-ca3ca8c0ca7f,19849,Tralee,Kerry
4c07d11e-02f4-851d-e053-ca3ca8c0ca7f,32056,Ballyconnell,Cavan
4c07d11e-02f5-851d-e053-ca3ca8c0ca7f,32053,Belturbet,Cavan
4c07d11e-02f8-851d-e053-ca3ca8c0ca7f,28137,Tullaghan,Leitrim
4c07d11e-02f9-851d-e053-ca3ca8c0ca7f,28135,Kinlough,Leitrim
4c07d11e-02fa-851d-e053-ca3ca8c0ca7f,33110,Bundoran,Donegal
4c07d11e-02fb-851d-e053-ca3ca8c0ca7f,33110,Bundoran,Donegal
4c07d11e-02fc-851d-e053-ca3ca8c0ca7f,33110,Bundoran,Donegal
4c07d11e-02fd-851d-e053-ca3ca8c0ca7f,33110,Bundoran,Donegal
4c07d11e-02fe-851d-e053-ca3ca8c0ca7f,33106,Ballyshannon,Donegal
4c07d11e-02ff-851d-e053-ca3ca8c0ca7f,33106,Ballyshannon,Donegal
4c07d11e-0300-851d-e053-ca3ca8c0ca7f,33106,Ballyshannon,Donegal
4c07d11e-0301-851d-e053-ca3ca8c0ca7f,33106,Ballyshannon,Donegal
4c07d11e-0302-851d-e053-ca3ca8c0ca7f,33106,Ballyshannon,Donegal
4c07d11e-0304-851d-e053-ca3ca8c0ca7f,33104,Gort An Choirce,Donegal
4c07d11e-0306-851d-e053-ca3ca8c0ca7f,33101,An Fál Carrach,Donegal
4c07d11e-030a-851d-e053-ca3ca8c0ca7f,33091,Letterkenny,Donegal
4c07d11e-030b-851d-e053-ca3ca8c0ca7f,33091,Letterkenny,Donegal
4c07d11e-030d-851d-e053-ca3ca8c0ca7f,33091,Letterkenny,Donegal
4c07d11e-030f-851d-e053-ca3ca8c0ca7f,33091,Letterkenny,Donegal
4c07d11e-0310-851d-e053-ca3ca8c0ca7f,33091,Letterkenny,Donegal
4c07d11e-0311-851d-e053-ca3ca8c0ca7f,33091,Letterkenny,Donegal
4c07d11e-0312-851d-e053-ca3ca8c0ca7f,33091,Letterkenny,Donegal
4c07d11e-0313-851d-e053-ca3ca8c0ca7f,18780,Courtmacsherry,Cork
4c07d11e-0314-851d-e053-ca3ca8c0ca7f,18780,Courtmacsherry,Cork
4c07d11e-0315-851d-e053-ca3ca8c0ca7f,18787,Bandon,Cork
4c07d11e-0316-851d-e053-ca3ca8c0ca7f,18787,Bandon,Cork
4c07d11e-0317-851d-e053-ca3ca8c0ca7f,19849,Tralee,Kerry
4c07d11e-0318-851d-e053-ca3ca8c0ca7f,19849,Tralee,Kerry
4c07d11e-031a-851d-e053-ca3ca8c0ca7f,32053,Belturbet,Cavan
4c07d11e-031b-851d-e053-ca3ca8c0ca7f,32053,Belturbet,Cavan
4c07d11e-031d-851d-e053-ca3ca8c0ca7f,34039,Clones,Monaghan
4c07d11e-031e-851d-e053-ca3ca8c0ca7f,34039,Clones,Monaghan
4c07d11e-031f-851d-e053-ca3ca8c0ca7f,34033,Rockcorry,Monaghan
4c07d11e-0320-851d-e053-ca3ca8c0ca7f,34037,Smithborough,Monaghan
4c07d11e-0321-851d-e053-ca3ca8c0ca7f,34032,Monaghan,Monaghan
4c07d11e-0325-851d-e053-ca3ca8c0ca7f,33079,Newtowncunningham,Donegal
4c07d11e-0328-851d-e053-ca3ca8c0ca7f,33090,Milford,Donegal
4c07d11e-0329-851d-e053-ca3ca8c0ca7f,33090,Milford,Donegal
4c07d11e-032a-851d-e053-ca3ca8c0ca7f,33090,Milford,Donegal
4c07d11e-032b-851d-e053-ca3ca8c0ca7f,33098,Creeslough,Donegal
4c07d11e-0330-851d-e053-ca3ca8c0ca7f,33077,Fahan,Donegal
4c07d11e-0331-851d-e053-ca3ca8c0ca7f,18787,Bandon,Cork
4c07d11e-0332-851d-e053-ca3ca8c0ca7f,18787,Bandon,Cork
4c07d11e-0335-851d-e053-ca3ca8c0ca7f,18765,Kinsale,Cork
4c07d11e-0336-851d-e053-ca3ca8c0ca7f,18765,Kinsale,Cork
4c07d11e-0337-851d-e053-ca3ca8c0ca7f,19849,Tralee,Kerry
4c07d11e-0338-851d-e053-ca3ca8c0ca7f,19849,Tralee,Kerry
4c07d11e-0339-851d-e053-ca3ca8c0ca7f,19849,Tralee,Kerry
4c07d11e-033a-851d-e053-ca3ca8c0ca7f,34032,Monaghan,Monaghan
4c07d11e-033b-851d-e053-ca3ca8c0ca7f,34032,Monaghan,Monaghan
4c07d11e-033c-851d-e053-ca3ca8c0ca7f,34032,Monaghan,Monaghan
4c07d11e-033d-851d-e053-ca3ca8c0ca7f,34036,Scotstown,Monaghan
4c07d11e-033e-851d-e053-ca3ca8c0ca7f,34034,Bellanode,Monaghan
4c07d11e-0341-851d-e053-ca3ca8c0ca7f,33088,Carrowkeel,Donegal
4c07d11e-0343-851d-e053-ca3ca8c0ca7f,33075,Buncrana,Donegal
4c07d11e-0344-851d-e053-ca3ca8c0ca7f,33075,Buncrana,Donegal
4c07d11e-0345-851d-e053-ca3ca8c0ca7f,33075,Buncrana,Donegal
4c07d11e-0349-851d-e053-ca3ca8c0ca7f,33070,Burnfoot,Donegal
4c07d11e-034a-851d-e053-ca3ca8c0ca7f,33067,Muff,Donegal
4c07d11e-034b-851d-e053-ca3ca8c0ca7f,33067,Muff,Donegal
4c07d11e-034c-851d-e053-ca3ca8c0ca7f,33064,Quigleys Point,Donegal
4c07d11e-034d-851d-e053-ca3ca8c0ca7f,33099,Dunfanaghy,Donegal
4c07d11e-0351-851d-e053-ca3ca8c0ca7f,18765,Kinsale,Cork
4c07d11e-0353-851d-e053-ca3ca8c0ca7f,19849,Tralee,Kerry
4c07d11e-0354-851d-e053-ca3ca8c0ca7f,19849,Tralee,Kerry
4c07d11e-0355-851d-e053-ca3ca8c0ca7f,19849,Tralee,Kerry
4c07d11e-0356-851d-e053-ca3ca8c0ca7f,34025,Castleblayney,Monaghan
4c07d11e-0357-851d-e053-ca3ca8c0ca7f,34027,Doohamlat,Monaghan
4c07d11e-0358-851d-e053-ca3ca8c0ca7f,34025,Castleblayney,Monaghan
4c07d11e-035b-851d-e053-ca3ca8c0ca7f,33066,Carndonagh,Donegal
4c07d11e-035d-851d-e053-ca3ca8c0ca7f,33069,Ballyliffin,Donegal
4c07d11e-035f-851d-e053-ca3ca8c0ca7f,33066,Carndonagh,Donegal
4c07d11e-0362-851d-e053-ca3ca8c0ca7f,33060,Greencastle,Donegal
4c07d11e-0368-851d-e053-ca3ca8c0ca7f,18761,Belgooly,Cork
4c07d11e-0369-851d-e053-ca3ca8c0ca7f,18762,Riverstick,Cork
4c07d11e-036a-851d-e053-ca3ca8c0ca7f,18753,Carrigaline,Cork
4c07d11e-036b-851d-e053-ca3ca8c0ca7f,19849,Tralee,Kerry
4c07d11e-036c-851d-e053-ca3ca8c0ca7f,19849,Tralee,Kerry
4c07d11e-036e-851d-e053-ca3ca8c0ca7f,34028,Clontibret,Monaghan
4c07d11e-036f-851d-e053-ca3ca8c0ca7f,34032,Monaghan,Monaghan
4c07d11e-0374-851d-e053-ca3ca8c0ca7f,34030,Glaslough,Monaghan
4c07d11e-0375-851d-e053-ca3ca8c0ca7f,11408,Ratoath,Meath
4c07d11e-0376-851d-e053-ca3ca8c0ca7f,11404,Ashbourne,Meath
4c07d11e-0377-851d-e053-ca3ca8c0ca7f,11404,Ashbourne,Meath
4c07d11e-0379-851d-e053-ca3ca8c0ca7f,11404,Ashbourne,Meath
4c07d11e-037a-851d-e053-ca3ca8c0ca7f,11404,Ashbourne,Meath
4c07d11e-037e-851d-e053-ca3ca8c0ca7f,04357,Naul,Dublin
4c07d11e-037f-851d-e053-ca3ca8c0ca7f,04349,Lusk,Dublin
4c07d11e-0380-851d-e053-ca3ca8c0ca7f,04344,Portrane,Dublin
4c07d11e-0381-851d-e053-ca3ca8c0ca7f,04343,Rush,Dublin
4c07d11e-0382-851d-e053-ca3ca8c0ca7f,04342,Loughshinny,Dublin
4c07d11e-0384-851d-e053-ca3ca8c0ca7f,19866,Knightstown,Kerry
4c07d11e-0385-851d-e053-ca3ca8c0ca7f,19864,Cahirciveen,Kerry
4c07d11e-0386-851d-e053-ca3ca8c0ca7f,19864,Cahirciveen,Kerry
4c07d11e-0387-851d-e053-ca3ca8c0ca7f,19865,Dingle-Daingean Uí Chuis,Kerry
4c07d11e-0389-851d-e053-ca3ca8c0ca7f,18753,Carrigaline,Cork
4c07d11e-038a-851d-e053-ca3ca8c0ca7f,19863,Waterville,Kerry
4c07d11e-038b-851d-e053-ca3ca8c0ca7f,19859,Sneem,Kerry
4c07d11e-038c-851d-e053-ca3ca8c0ca7f,19849,Tralee,Kerry
4c07d11e-038d-851d-e053-ca3ca8c0ca7f,19849,Tralee,Kerry
4c07d11e-038e-851d-e053-ca3ca8c0ca7f,19849,Tralee,Kerry
4c07d11e-038f-851d-e053-ca3ca8c0ca7f,19849,Tralee,Kerry
4c07d11e-0393-851d-e053-ca3ca8c0ca7f,19865,Dingle-Daingean Uí Chuis,Kerry
4c07d11e-0394-851d-e053-ca3ca8c0ca7f,19865,Dingle-Daingean Uí Chuis,Kerry
4c07d11e-0396-851d-e053-ca3ca8c0ca7f,19841,Kenmare,Kerry
4c07d11e-0397-851d-e053-ca3ca8c0ca7f,19841,Kenmare,Kerry
4c07d11e-0398-851d-e053-ca3ca8c0ca7f,19841,Kenmare,Kerry
4c07d11e-0399-851d-e053-ca3ca8c0ca7f,19841,Kenmare,Kerry
4c07d11e-039a-851d-e053-ca3ca8c0ca7f,26305,Galway city and suburbs,Galway
4c07d11e-039b-851d-e053-ca3ca8c0ca7f,26305,Galway city and suburbs,Galway
4c07d11e-039c-851d-e053-ca3ca8c0ca7f,26305,Galway city and suburbs,Galway
4c07d11e-039e-851d-e053-ca3ca8c0ca7f,14619,Fethard,Wexford
4c07d11e-039f-851d-e053-ca3ca8c0ca7f,18749,Passage West-Monkstown,Cork
4c07d11e-03a0-851d-e053-ca3ca8c0ca7f,18746,Cobh,Cork
4c07d11e-03a2-851d-e053-ca3ca8c0ca7f,18746,Cobh,Cork
4c07d11e-03a3-851d-e053-ca3ca8c0ca7f,17364,Cork city and suburbs,Cork
4c07d11e-03a4-851d-e053-ca3ca8c0ca7f,18749,Passage West-Monkstown,Cork
4c07d11e-03a5-851d-e053-ca3ca8c0ca7f,18742,Fermoy,Cork
4c07d11e-03a6-851d-e053-ca3ca8c0ca7f,18742,Fermoy,Cork
4c07d11e-03a7-851d-e053-ca3ca8c0ca7f,23693,Carrick-on-Suir,Tipperary
4c07d11e-03a8-851d-e053-ca3ca8c0ca7f,23693,Carrick-on-Suir,Tipperary
4c07d11e-03a9-851d-e053-ca3ca8c0ca7f,23693,Carrick-on-Suir,Tipperary
4c07d11e-03aa-851d-e053-ca3ca8c0ca7f,25671,Passage East,Waterford
4c07d11e-03ab-851d-e053-ca3ca8c0ca7f,14622,Campile,Wexford
4c07d11e-03ac-851d-e053-ca3ca8c0ca7f,14611,Duncormick,Wexford
4c07d11e-03ad-851d-e053-ca3ca8c0ca7f,18749,Passage West-Monkstown,Cork
4c07d11e-03ae-851d-e053-ca3ca8c0ca7f,18746,Cobh,Cork
4c07d11e-03af-851d-e053-ca3ca8c0ca7f,18746,Cobh,Cork
4c07d11e-03b0-851d-e053-ca3ca8c0ca7f,18746,Cobh,Cork
4c07d11e-03b1-851d-e053-ca3ca8c0ca7f,18746,Cobh,Cork
4c07d11e-03b2-851d-e053-ca3ca8c0ca7f,18746,Cobh,Cork
4c07d11e-03b5-851d-e053-ca3ca8c0ca7f,18752,Glanworth,Cork
4c07d11e-03b6-851d-e053-ca3ca8c0ca7f,23693,Carrick-on-Suir,Tipperary
4c07d11e-03b7-851d-e053-ca3ca8c0ca7f,23693,Carrick-on-Suir,Tipperary
4c07d11e-03b8-851d-e053-ca3ca8c0ca7f,23693,Carrick-on-Suir,Tipperary
4c07d11e-03b9-851d-e053-ca3ca8c0ca7f,07664,Piltown,Kilkenny
4c07d11e-03bb-851d-e053-ca3ca8c0ca7f,26305,Galway city and suburbs,Galway
4c07d11e-03bc-851d-e053-ca3ca8c0ca7f,26305,Galway city and suburbs,Galway
4c07d11e-03bd-851d-e053-ca3ca8c0ca7f,18736,Whitegate,Cork
4c07d11e-03be-851d-e053-ca3ca8c0ca7f,18734,Aghada-Rostellan,Cork
4c07d11e-03bf-851d-e053-ca3ca8c0ca7f,25692,Tallow,Waterford
4c07d11e-03c0-851d-e053-ca3ca8c0ca7f,25691,Lismore,Waterford
4c07d11e-03c1-851d-e053-ca3ca8c0ca7f,18740,Mitchelstown,Cork
4c07d11e-03c2-851d-e053-ca3ca8c0ca7f,18740,Mitchelstown,Cork
4c07d11e-03c3-851d-e053-ca3ca8c0ca7f,23716,Ballyporeen,Tipperary
4c07d11e-03c4-851d-e053-ca3ca8c0ca7f,07664,Piltown,Kilkenny
4c07d11e-03c6-851d-e053-ca3ca8c0ca7f,26305,Galway city and suburbs,Galway
4c07d11e-03c7-851d-e053-ca3ca8c0ca7f,26305,Galway city and suburbs,Galway
4c07d11e-03c8-851d-e053-ca3ca8c0ca7f,17364,Cork city and suburbs,Cork
4c07d11e-03c9-851d-e053-ca3ca8c0ca7f,17364,Cork city and suburbs,Cork
4c07d11e-03ca-851d-e053-ca3ca8c0ca7f,17364,Cork city and suburbs,Cork
4c07d11e-03cb-851d-e053-ca3ca8c0ca7f,23710,Cahir,Tipperary
4c07d11e-03cc-851d-e053-ca3ca8c0ca7f,25689,Cappoquin,Waterford
4c07d11e-03cd-851d-e053-ca3ca8c0ca7f,24643,Waterford city and suburbs,Waterford
4c07d11e-03ce-851d-e053-ca3ca8c0ca7f,24643,Waterford city and suburbs,Waterford
4c07d11e-03cf-851d-e053-ca3ca8c0ca7f,24643,Waterford city and suburbs,Waterford
4c07d11e-03d0-851d-e053-ca3ca8c0ca7f,24643,Waterford city and suburbs,Waterford
4c07d11e-03d1-851d-e053-ca3ca8c0ca7f,26305,Galway city and suburbs,Galway
4c07d11e-03d2-851d-e053-ca3ca8c0ca7f,27289,Oranmore,Galway
4c07d11e-03d3-851d-e053-ca3ca8c0ca7f,27289,Oranmore,Galway
4c07d11e-03d5-851d-e053-ca3ca8c0ca7f,17364,Cork city and suburbs,Cork
4c07d11e-03d6-851d-e053-ca3ca8c0ca7f,18741,Carrigtwohill,Cork
4c07d11e-03d7-851d-e053-ca3ca8c0ca7f,25684,Dungarvan,Waterford
4c07d11e-03d8-851d-e053-ca3ca8c0ca7f,24643,Waterford city and suburbs,Waterford
4c07d11e-03d9-851d-e053-ca3ca8c0ca7f,24643,Waterford city and suburbs,Waterford
4c07d11e-03da-851d-e053-ca3ca8c0ca7f,26305,Galway city and suburbs,Galway
4c07d11e-03dc-851d-e053-ca3ca8c0ca7f,18741,Carrigtwohill,Cork
4c07d11e-03de-851d-e053-ca3ca8c0ca7f,18741,Carrigtwohill,Cork
4c07d11e-03df-851d-e053-ca3ca8c0ca7f,25684,Dungarvan,Waterford
4c07d11e-03e0-851d-e053-ca3ca8c0ca7f,25684,Dungarvan,Waterford
4c07d11e-03e1-851d-e053-ca3ca8c0ca7f,25684,Dungarvan,Waterford
4c07d11e-03e2-851d-e053-ca3ca8c0ca7f,24643,Waterford city and suburbs,Waterford
4c07d11e-03e3-851d-e053-ca3ca8c0ca7f,24643,Waterford city and suburbs,Waterford
4c07d11e-03e4-851d-e053-ca3ca8c0ca7f,27289,Oranmore,Galway
4c07d11e-03e5-851d-e053-ca3ca8c0ca7f,26305,Galway city and suburbs,Galway
4c07d11e-03e6-851d-e053-ca3ca8c0ca7f,26305,Galway city and suburbs,Galway
4c07d11e-03e7-851d-e053-ca3ca8c0ca7f,18741,Carrigtwohill,Cork
4c07d11e-03e8-851d-e053-ca3ca8c0ca7f,18733,Midleton,Cork
4c07d11e-03e9-851d-e053-ca3ca8c0ca7f,25684,Dungarvan,Waterford
4c07d11e-03ea-851d-e053-ca3ca8c0ca7f,25684,Dungarvan,Waterford
4c07d11e-03eb-851d-e053-ca3ca8c0ca7f,25684,Dungarvan,Waterford
4c07d11e-03ed-851d-e053-ca3ca8c0ca7f,25683,Ballinroad,Waterford
4c07d11e-03ee-851d-e053-ca3ca8c0ca7f,25683,Ballinroad,Waterford
4c07d11e-03ef-851d-e053-ca3ca8c0ca7f,24643,Waterford city and suburbs,Waterford
4c07d11e-03f0-851d-e053-ca3ca8c0ca7f,24643,Waterford city and suburbs,Waterford
4c07d11e-03f1-851d-e053-ca3ca8c0ca7f,26305,Galway city and suburbs,Galway
4c07d11e-03f2-851d-e053-ca3ca8c0ca7f,26305,Galway city and suburbs,Galway
4c07d11e-03f3-851d-e053-ca3ca8c0ca7f,18733,Midleton,Cork
4c07d11e-03f4-851d-e053-ca3ca8c0ca7f,18733,Midleton,Cork
4c07d11e-03f5-851d-e053-ca3ca8c0ca7f,18733,Midleton,Cork
4c07d11e-03f6-851d-e053-ca3ca8c0ca7f,18733,Midleton,Cork
4c07d11e-03f7-851d-e053-ca3ca8c0ca7f,23707,Ardfinnan,Tipperary
4c07d11e-03f8-851d-e053-ca3ca8c0ca7f,23702,Clonmel,Tipperary
4c07d11e-03f9-851d-e053-ca3ca8c0ca7f,23702,Clonmel,Tipperary
4c07d11e-03fa-851d-e053-ca3ca8c0ca7f,24643,Waterford city and suburbs,Waterford
4c07d11e-03fb-851d-e053-ca3ca8c0ca7f,24643,Waterford city and suburbs,Waterford
4c07d11e-03fc-851d-e053-ca3ca8c0ca7f,26305,Galway city and suburbs,Galway
4c07d11e-03fd-851d-e053-ca3ca8c0ca7f,26305,Galway city and suburbs,Galway
4c07d11e-03fe-851d-e053-ca3ca8c0ca7f,26305,Galway city and suburbs,Galway
4c07d11e-03ff-851d-e053-ca3ca8c0ca7f,26305,Galway city and suburbs,Galway
4c07d11e-0400-851d-e053-ca3ca8c0ca7f,18733,Midleton,Cork
4c07d11e-0401-851d-e053-ca3ca8c0ca7f,18733,Midleton,Cork
4c07d11e-0402-851d-e053-ca3ca8c0ca7f,18731,Cloyne,Cork
4c07d11e-0403-851d-e053-ca3ca8c0ca7f,23702,Clonmel,Tipperary
4c07d11e-0404-851d-e053-ca3ca8c0ca7f,23702,Clonmel,Tipperary
4c07d11e-0405-851d-e053-ca3ca8c0ca7f,24643,Waterford city and suburbs,Waterford
4c07d11e-0406-851d-e053-ca3ca8c0ca7f,24643,Waterford city and suburbs,Waterford
4c07d11e-0407-851d-e053-ca3ca8c0ca7f,26305,Galway city and suburbs,Galway
4c07d11e-0409-851d-e053-ca3ca8c0ca7f,27300,Oughterard,Galway
4c07d11e-040a-851d-e053-ca3ca8c0ca7f,18731,Cloyne,Cork
4c07d11e-040b-851d-e053-ca3ca8c0ca7f,18724,Ballycotton,Cork
4c07d11e-040c-851d-e053-ca3ca8c0ca7f,18724,Ballycotton,Cork
4c07d11e-040e-851d-e053-ca3ca8c0ca7f,18727,Castlemartyr,Cork
4c07d11e-040f-851d-e053-ca3ca8c0ca7f,23702,Clonmel,Tipperary
4c07d11e-0410-851d-e053-ca3ca8c0ca7f,23702,Clonmel,Tipperary
4c07d11e-0411-851d-e053-ca3ca8c0ca7f,23702,Clonmel,Tipperary
4c07d11e-0412-851d-e053-ca3ca8c0ca7f,23702,Clonmel,Tipperary
4c07d11e-0413-851d-e053-ca3ca8c0ca7f,24643,Waterford city and suburbs,Waterford
4c07d11e-0414-851d-e053-ca3ca8c0ca7f,24643,Waterford city and suburbs,Waterford
4c07d11e-0415-851d-e053-ca3ca8c0ca7f,24643,Waterford city and suburbs,Waterford
4c07d11e-0416-851d-e053-ca3ca8c0ca7f,27294,Headford,Galway
4c07d11e-0418-851d-e053-ca3ca8c0ca7f,18723,Killeagh,Cork
4c07d11e-0419-851d-e053-ca3ca8c0ca7f,18743,Rathcormac,Cork
4c07d11e-041a-851d-e053-ca3ca8c0ca7f,18721,Youghal,Cork
4c07d11e-041b-851d-e053-ca3ca8c0ca7f,23702,Clonmel,Tipperary
4c07d11e-041c-851d-e053-ca3ca8c0ca7f,23702,Clonmel,Tipperary
4c07d11e-041d-851d-e053-ca3ca8c0ca7f,23702,Clonmel,Tipperary
4c07d11e-041e-851d-e053-ca3ca8c0ca7f,24643,Waterford city and suburbs,Waterford
4c07d11e-041f-851d-e053-ca3ca8c0ca7f,24643,Waterford city and suburbs,Waterford
4c07d11e-0421-851d-e053-ca3ca8c0ca7f,27277,Athenry,Galway
4c07d11e-0422-851d-e053-ca3ca8c0ca7f,18721,Youghal,Cork
4c07d11e-0423-851d-e053-ca3ca8c0ca7f,18721,Youghal,Cork
4c07d11e-0424-851d-e053-ca3ca8c0ca7f,18721,Youghal,Cork
4c07d11e-0425-851d-e053-ca3ca8c0ca7f,18721,Youghal,Cork
4c07d11e-0426-851d-e053-ca3ca8c0ca7f,23702,Clonmel,Tipperary
4c07d11e-0427-851d-e053-ca3ca8c0ca7f,23702,Clonmel,Tipperary
4c07d11e-0428-851d-e053-ca3ca8c0ca7f,23702,Clonmel,Tipperary
4c07d11e-0429-851d-e053-ca3ca8c0ca7f,23702,Clonmel,Tipperary
4c07d11e-042a-851d-e053-ca3ca8c0ca7f,24643,Waterford city and suburbs,Waterford
4c07d11e-042b-851d-e053-ca3ca8c0ca7f,24643,Waterford city and suburbs,Waterford
4c07d11e-042c-851d-e053-ca3ca8c0ca7f,27277,Athenry,Galway
4c07d11e-042e-851d-e053-ca3ca8c0ca7f,27277,Athenry,Galway
4c07d11e-042f-851d-e053-ca3ca8c0ca7f,18721,Youghal,Cork
4c07d11e-0430-851d-e053-ca3ca8c0ca7f,25684,Dungarvan,Waterford
4c07d11e-0431-851d-e053-ca3ca8c0ca7f,25684,Dungarvan,Waterford
4c07d11e-0432-851d-e053-ca3ca8c0ca7f,25680,Stradbally,Waterford
4c07d11e-0434-851d-e053-ca3ca8c0ca7f,25674,Tramore,Waterford
4c07d11e-0435-851d-e053-ca3ca8c0ca7f,25674,Tramore,Waterford
4c07d11e-0436-851d-e053-ca3ca8c0ca7f,25674,Tramore,Waterford
4c07d11e-0437-851d-e053-ca3ca8c0ca7f,25674,Tramore,Waterford
4c07d11e-0438-851d-e053-ca3ca8c0ca7f,24643,Waterford city and suburbs,Waterford
4c07d11e-0439-851d-e053-ca3ca8c0ca7f,24643,Waterford city and suburbs,Waterford
4c07d11e-043a-851d-e053-ca3ca8c0ca7f,27277,Athenry,Galway
4c07d11e-043b-851d-e053-ca3ca8c0ca7f,27277,Athenry,Galway
4c07d11e-043c-851d-e053-ca3ca8c0ca7f,27269,Mountbellew,Galway
4c07d11e-043e-851d-e053-ca3ca8c0ca7f,25684,Dungarvan,Waterford
4c07d11e-043f-851d-e053-ca3ca8c0ca7f,25684,Dungarvan,Waterford
4c07d11e-0440-851d-e053-ca3ca8c0ca7f,25682,An Rinn,Waterford
4c07d11e-0441-851d-e053-ca3ca8c0ca7f,25674,Tramore,Waterford
4c07d11e-0442-851d-e053-ca3ca8c0ca7f,25674,Tramore,Waterford
4c07d11e-0443-851d-e053-ca3ca8c0ca7f,25674,Tramore,Waterford
4c07d11e-0444-851d-e053-ca3ca8c0ca7f,25674,Tramore,Waterford
4c07d11e-0445-851d-e053-ca3ca8c0ca7f,24643,Waterford city and suburbs,Waterford
4c07d11e-0446-851d-e053-ca3ca8c0ca7f,07647,Slieverue,Kilkenny
4c07d11e-0447-851d-e053-ca3ca8c0ca7f,25672,Dunmore East,Waterford
4c07d11e-0448-851d-e053-ca3ca8c0ca7f,18745,Myrtleville,Cork
4c07d11e-044b-851d-e053-ca3ca8c0ca7f,18744,Crosshaven,Cork
4c07d11e-044c-851d-e053-ca3ca8c0ca7f,18742,Fermoy,Cork
4c07d11e-044d-851d-e053-ca3ca8c0ca7f,18742,Fermoy,Cork
4c07d11e-044e-851d-e053-ca3ca8c0ca7f,25674,Tramore,Waterford
4c07d11e-044f-851d-e053-ca3ca8c0ca7f,25674,Tramore,Waterford
4c07d11e-0450-851d-e053-ca3ca8c0ca7f,25672,Dunmore East,Waterford
4c07d11e-0451-851d-e053-ca3ca8c0ca7f,25672,Dunmore East,Waterford
4c07d11e-0452-851d-e053-ca3ca8c0ca7f,25672,Dunmore East,Waterford
4c07d11e-0455-851d-e053-ca3ca8c0ca7f,18744,Crosshaven,Cork
4c07d11e-0456-851d-e053-ca3ca8c0ca7f,18744,Crosshaven,Cork
4c07d11e-0457-851d-e053-ca3ca8c0ca7f,18744,Crosshaven,Cork
4c07d11e-0458-851d-e053-ca3ca8c0ca7f,18749,Passage West-Monkstown,Cork
4c07d11e-0459-851d-e053-ca3ca8c0ca7f,18749,Passage West-Monkstown,Cork
4c07d11e-045a-851d-e053-ca3ca8c0ca7f,18742,Fermoy,Cork
4c07d11e-045b-851d-e053-ca3ca8c0ca7f,18742,Fermoy,Cork
4c07d11e-045c-851d-e053-ca3ca8c0ca7f,25677,Portlaw,Waterford
4c07d11e-045d-851d-e053-ca3ca8c0ca7f,07660,Mooncoin,Kilkenny
4c07d11e-045e-851d-e053-ca3ca8c0ca7f,02341,Dublin city and suburbs,Dublin
4c07d11e-045f-851d-e053-ca3ca8c0ca7f,02341,Dublin city and suburbs,Dublin
4c07d11e-0460-851d-e053-ca3ca8c0ca7f,02341,Dublin city and suburbs,Dublin
4c07d11e-0461-851d-e053-ca3ca8c0ca7f,02341,Dublin city and suburbs,Dublin
4c07d11e-0462-851d-e053-ca3ca8c0ca7f,02341,Dublin city and suburbs,Dublin
4c07d11e-0463-851d-e053-ca3ca8c0ca7f,29321,Ballina,Mayo
4c07d11e-0464-851d-e053-ca3ca8c0ca7f,29321,Ballina,Mayo
4c07d11e-0465-851d-e053-ca3ca8c0ca7f,02341,Dublin city and suburbs,Dublin
4c07d11e-0466-851d-e053-ca3ca8c0ca7f,02341,Dublin city and suburbs,Dublin
4c07d11e-0467-851d-e053-ca3ca8c0ca7f,02341,Dublin city and suburbs,Dublin
4c07d11e-0468-851d-e053-ca3ca8c0ca7f,02341,Dublin city and suburbs,Dublin
4c07d11e-046a-851d-e053-ca3ca8c0ca7f,04348,Malahide,Dublin
4c07d11e-046b-851d-e053-ca3ca8c0ca7f,04348,Malahide,Dublin
4c07d11e-046e-851d-e053-ca3ca8c0ca7f,29320,Balla,Mayo
4c07d11e-046f-851d-e053-ca3ca8c0ca7f,29327,Castlebar,Mayo
4c07d11e-0470-851d-e053-ca3ca8c0ca7f,29321,Ballina,Mayo
4c07d11e-0471-851d-e053-ca3ca8c0ca7f,29321,Ballina,Mayo
4c07d11e-0472-851d-e053-ca3ca8c0ca7f,02341,Dublin city and suburbs,Dublin
4c07d11e-0473-851d-e053-ca3ca8c0ca7f,02341,Dublin city and suburbs,Dublin
4c07d11e-0474-851d-e053-ca3ca8c0ca7f,02341,Dublin city and suburbs,Dublin
4c07d11e-0475-851d-e053-ca3ca8c0ca7f,02341,Dublin city and suburbs,Dublin
4c07d11e-0476-851d-e053-ca3ca8c0ca7f,27304,Clifden,Galway
4c07d11e-0477-851d-e053-ca3ca8c0ca7f,27304,Clifden,Galway
4c07d11e-0478-851d-e053-ca3ca8c0ca7f,29327,Castlebar,Mayo
4c07d11e-0479-851d-e053-ca3ca8c0ca7f,29327,Castlebar,Mayo
4c07d11e-047a-851d-e053-ca3ca8c0ca7f,29327,Castlebar,Mayo
4c07d11e-047b-851d-e053-ca3ca8c0ca7f,02341,Dublin city and suburbs,Dublin
4c07d11e-047c-851d-e053-ca3ca8c0ca7f,02341,Dublin city and suburbs,Dublin
4c07d11e-047d-851d-e053-ca3ca8c0ca7f,02341,Dublin city and suburbs,Dublin
4c07d11e-047e-851d-e053-ca3ca8c0ca7f,02341,Dublin city and suburbs,Dublin
4c07d11e-047f-851d-e053-ca3ca8c0ca7f,29335,Louisburgh,Mayo
4c07d11e-0481-851d-e053-ca3ca8c0ca7f,29331,Westport,Mayo
4c07d11e-0482-851d-e053-ca3ca8c0ca7f,29327,Castlebar,Mayo
4c07d11e-0483-851d-e053-ca3ca8c0ca7f,29327,Castlebar,Mayo
4c07d11e-0484-851d-e053-ca3ca8c0ca7f,02341,Dublin city and suburbs,Dublin
4c07d11e-0485-851d-e053-ca3ca8c0ca7f,02341,Dublin city and suburbs,Dublin
4c07d11e-0486-851d-e053-ca3ca8c0ca7f,02341,Dublin city and suburbs,Dublin
4c07d11e-0488-851d-e053-ca3ca8c0ca7f,02341,Dublin city and suburbs,Dublin
4c07d11e-0489-851d-e053-ca3ca8c0ca7f,02341,Dublin city and suburbs,Dublin
4c07d11e-048a-851d-e053-ca3ca8c0ca7f,02341,Dublin city and suburbs,Dublin
4c07d11e-048b-851d-e053-ca3ca8c0ca7f,02341,Dublin city and suburbs,Dublin
4c07d11e-048c-851d-e053-ca3ca8c0ca7f,29331,Westport,Mayo
4c07d11e-048d-851d-e053-ca3ca8c0ca7f,29331,Westport,Mayo
4c07d11e-048f-851d-e053-ca3ca8c0ca7f,29327,Castlebar,Mayo
4c07d11e-0490-851d-e053-ca3ca8c0ca7f,29327,Castlebar,Mayo
4c07d11e-0491-851d-e053-ca3ca8c0ca7f,02341,Dublin city and suburbs,Dublin
4c07d11e-0492-851d-e053-ca3ca8c0ca7f,02341,Dublin city and suburbs,Dublin
4c07d11e-0494-851d-e053-ca3ca8c0ca7f,02341,Dublin city and suburbs,Dublin
4c07d11e-0495-851d-e053-ca3ca8c0ca7f,02341,Dublin city and suburbs,Dublin
4c07d11e-0496-851d-e053-ca3ca8c0ca7f,02341,Dublin city and suburbs,Dublin
4c07d11e-0497-851d-e053-ca3ca8c0ca7f,02341,Dublin city and suburbs,Dublin
4c07d11e-0498-851d-e053-ca3ca8c0ca7f,02341,Dublin city and suburbs,Dublin
4c07d11e-0499-851d-e053-ca3ca8c0ca7f,02341,Dublin city and suburbs,Dublin
4c07d11e-049a-851d-e053-ca3ca8c0ca7f,02341,Dublin city and suburbs,Dublin
4c07d11e-049b-851d-e053-ca3ca8c0ca7f,02341,Dublin city and suburbs,Dublin
4c07d11e-049c-851d-e053-ca3ca8c0ca7f,29331,Westport,Mayo
4c07d11e-049d-851d-e053-ca3ca8c0ca7f,29331,Westport,Mayo
4c07d11e-049e-851d-e053-ca3ca8c0ca7f,29331,Westport,Mayo
4c07d11e-049f-851d-e053-ca3ca8c0ca7f,29332,Newport,Mayo
4c07d11e-04a0-851d-e053-ca3ca8c0ca7f,29327,Castlebar,Mayo
4c07d11e-04a1-851d-e053-ca3ca8c0ca7f,29327,Castlebar,Mayo
4c07d11e-04a2-851d-e053-ca3ca8c0ca7f,29327,Castlebar,Mayo
4c07d11e-04a4-851d-e053-ca3ca8c0ca7f,11409,Dunboyne,Meath
4c07d11e-04a5-851d-e053-ca3ca8c0ca7f,11409,Dunboyne,Meath
4c07d11e-04a6-851d-e053-ca3ca8c0ca7f,11409,Dunboyne,Meath
4c07d11e-04a7-851d-e053-ca3ca8c0ca7f,11409,Dunboyne,Meath
4c07d11e-04aa-851d-e053-ca3ca8c0ca7f,02341,Dublin city and suburbs,Dublin
4c07d11e-04ab-851d-e053-ca3ca8c0ca7f,02341,Dublin city and suburbs,Dublin
4c07d11e-04ac-851d-e053-ca3ca8c0ca7f,02341,Dublin city and suburbs,Dublin
4c07d11e-04ad-851d-e053-ca3ca8c0ca7f,02341,Dublin city and suburbs,Dublin
4c07d11e-04ae-851d-e053-ca3ca8c0ca7f,29326,Ballinrobe,Mayo
4c07d11e-04af-851d-e053-ca3ca8c0ca7f,29326,Ballinrobe,Mayo
4c07d11e-04b0-851d-e053-ca3ca8c0ca7f,29327,Castlebar,Mayo
4c07d11e-04b2-851d-e053-ca3ca8c0ca7f,29310,Knock,Mayo
4c07d11e-04b4-851d-e053-ca3ca8c0ca7f,02341,Dublin city and suburbs,Dublin
4c07d11e-04b5-851d-e053-ca3ca8c0ca7f,02341,Dublin city and suburbs,Dublin
4c07d11e-04b6-851d-e053-ca3ca8c0ca7f,02341,Dublin city and suburbs,Dublin
4c07d11e-04b7-851d-e053-ca3ca8c0ca7f,02341,Dublin city and suburbs,Dublin
4c07d11e-04b8-851d-e053-ca3ca8c0ca7f,02341,Dublin city and suburbs,Dublin
4c07d11e-04b9-851d-e053-ca3ca8c0ca7f,02341,Dublin city and suburbs,Dublin
4c07d11e-04ba-851d-e053-ca3ca8c0ca7f,02341,Dublin city and suburbs,Dublin
4c07d11e-04bb-851d-e053-ca3ca8c0ca7f,02341,Dublin city and suburbs,Dublin
4c07d11e-04bc-851d-e053-ca3ca8c0ca7f,02341,Dublin city and suburbs,Dublin
4c07d11e-04bd-851d-e053-ca3ca8c0ca7f,29326,Ballinrobe,Mayo
4c07d11e-04be-851d-e053-ca3ca8c0ca7f,29326,Ballinrobe,Mayo
4c07d11e-04c0-851d-e053-ca3ca8c0ca7f,29313,Kiltimagh,Mayo
4c07d11e-04c1-851d-e053-ca3ca8c0ca7f,29318,Foxford,Mayo
4c07d11e-04c2-851d-e053-ca3ca8c0ca7f,02341,Dublin city and suburbs,Dublin
4c07d11e-04c3-851d-e053-ca3ca8c0ca7f,02341,Dublin city and suburbs,Dublin
4c07d11e-04c4-851d-e053-ca3ca8c0ca7f,02341,Dublin city and suburbs,Dublin
4c07d11e-04c5-851d-e053-ca3ca8c0ca7f,02341,Dublin city and suburbs,Dublin
4c07d11e-04c6-851d-e053-ca3ca8c0ca7f,02341,Dublin city and suburbs,Dublin
4c07d11e-04c7-851d-e053-ca3ca8c0ca7f,29326,Ballinrobe,Mayo
4c07d11e-04c8-851d-e053-ca3ca8c0ca7f,27280,Tuam,Galway
4c07d11e-04c9-851d-e053-ca3ca8c0ca7f,29318,Foxford,Mayo
4c07d11e-04ca-851d-e053-ca3ca8c0ca7f,29318,Foxford,Mayo
4c07d11e-04cb-851d-e053-ca3ca8c0ca7f,02341,Dublin city and suburbs,Dublin
4c07d11e-04cc-851d-e053-ca3ca8c0ca7f,02341,Dublin city and suburbs,Dublin
4c07d11e-04cd-851d-e053-ca3ca8c0ca7f,02341,Dublin city and suburbs,Dublin
4c07d11e-04ce-851d-e053-ca3ca8c0ca7f,02341,Dublin city and suburbs,Dublin
4c07d11e-04cf-851d-e053-ca3ca8c0ca7f,02341,Dublin city and suburbs,Dublin
4c07d11e-04d0-851d-e053-ca3ca8c0ca7f,02341,Dublin city and suburbs,Dublin
4c07d11e-04d2-851d-e053-ca3ca8c0ca7f,27280,Tuam,Galway
4c07d11e-04d3-851d-e053-ca3ca8c0ca7f,27280,Tuam,Galway
4c07d11e-04d4-851d-e053-ca3ca8c0ca7f,27280,Tuam,Galway
4c07d11e-04d5-851d-e053-ca3ca8c0ca7f,27280,Tuam,Galway
4c07d11e-04d6-851d-e053-ca3ca8c0ca7f,29311,Swinford,Mayo
4c07d11e-04d7-851d-e053-ca3ca8c0ca7f,29311,Swinford,Mayo
4c07d11e-04d8-851d-e053-ca3ca8c0ca7f,02341,Dublin city and suburbs,Dublin
4c07d11e-04d9-851d-e053-ca3ca8c0ca7f,02341,Dublin city and suburbs,Dublin
4c07d11e-04da-851d-e053-ca3ca8c0ca7f,02341,Dublin city and suburbs,Dublin
4c07d11e-04db-851d-e053-ca3ca8c0ca7f,04354,Swords,Dublin
4c07d11e-04dd-851d-e053-ca3ca8c0ca7f,29314,Claremorris,Mayo
4c07d11e-04de-851d-e053-ca3ca8c0ca7f,29314,Claremorris,Mayo
4c07d11e-04df-851d-e053-ca3ca8c0ca7f,29314,Claremorris,Mayo
4c07d11e-04e0-851d-e053-ca3ca8c0ca7f,29311,Swinford,Mayo
4c07d11e-04e1-851d-e053-ca3ca8c0ca7f,29311,Swinford,Mayo
4c07d11e-04e3-851d-e053-ca3ca8c0ca7f,02341,Dublin city and suburbs,Dublin
4c07d11e-04e4-851d-e053-ca3ca8c0ca7f,04346,Portmarnock,Dublin
4c07d11e-04e5-851d-e053-ca3ca8c0ca7f,04346,Portmarnock,Dublin
4c07d11e-04e6-851d-e053-ca3ca8c0ca7f,04348,Malahide,Dublin
4c07d11e-04e7-851d-e053-ca3ca8c0ca7f,29314,Claremorris,Mayo
4c07d11e-04e8-851d-e053-ca3ca8c0ca7f,29314,Claremorris,Mayo
4c07d11e-04ea-851d-e053-ca3ca8c0ca7f,30259,Ballaghaderreen,Roscommon
4c07d11e-04eb-851d-e053-ca3ca8c0ca7f,30259,Ballaghaderreen,Roscommon
4c07d11e-04ec-851d-e053-ca3ca8c0ca7f,02341,Dublin city and suburbs,Dublin
4c07d11e-04ed-851d-e053-ca3ca8c0ca7f,02341,Dublin city and suburbs,Dublin
4c07d11e-04ee-851d-e053-ca3ca8c0ca7f,02341,Dublin city and suburbs,Dublin
4c07d11e-04ef-851d-e053-ca3ca8c0ca7f,04348,Malahide,Dublin
4c07d11e-04f1-851d-e053-ca3ca8c0ca7f,04354,Swords,Dublin
4c07d11e-04f2-851d-e053-ca3ca8c0ca7f,04354,Swords,Dublin
4c07d11e-04f3-851d-e053-ca3ca8c0ca7f,04354,Swords,Dublin
4c07d11e-04f7-851d-e053-ca3ca8c0ca7f,30259,Ballaghaderreen,Roscommon
4c07d11e-04f8-851d-e053-ca3ca8c0ca7f,30255,Frenchpark,Roscommon
4c07d11e-04f9-851d-e053-ca3ca8c0ca7f,29307,Charlestown-Bellahy,Mayo
4c07d11e-04fa-851d-e053-ca3ca8c0ca7f,31155,Tubbercurry,Sligo
4c07d11e-04fb-851d-e053-ca3ca8c0ca7f,02341,Dublin city and suburbs,Dublin
4c07d11e-04fc-851d-e053-ca3ca8c0ca7f,02341,Dublin city and suburbs,Dublin
4c07d11e-04fd-851d-e053-ca3ca8c0ca7f,02341,Dublin city and suburbs,Dublin
4c07d11e-04fe-851d-e053-ca3ca8c0ca7f,04354,Swords,Dublin
4c07d11e-04ff-851d-e053-ca3ca8c0ca7f,04354,Swords,Dublin
4c07d11e-0500-851d-e053-ca3ca8c0ca7f,04354,Swords,Dublin
4c07d11e-0501-851d-e053-ca3ca8c0ca7f,04354,Swords,Dublin
4c07d11e-0502-851d-e053-ca3ca8c0ca7f,27280,Tuam,Galway
4c07d11e-0503-851d-e053-ca3ca8c0ca7f,27280,Tuam,Galway
4c07d11e-0504-851d-e053-ca3ca8c0ca7f,27270,Glenamaddy,Galway
4c07d11e-0505-851d-e053-ca3ca8c0ca7f,31155,Tubbercurry,Sligo
4c07d11e-0506-851d-e053-ca3ca8c0ca7f,31155,Tubbercurry,Sligo
4c07d11e-0507-851d-e053-ca3ca8c0ca7f,31155,Tubbercurry,Sligo
4c07d11e-0508-851d-e053-ca3ca8c0ca7f,29338,Béal An Mhuirthead,Mayo
4c07d11e-0509-851d-e053-ca3ca8c0ca7f,29338,Béal An Mhuirthead,Mayo
4c07d11e-050a-851d-e053-ca3ca8c0ca7f,02341,Dublin city and suburbs,Dublin
4c07d11e-050b-851d-e053-ca3ca8c0ca7f,02341,Dublin city and suburbs,Dublin
4c07d11e-050c-851d-e053-ca3ca8c0ca7f,04348,Malahide,Dublin
4c07d11e-050d-851d-e053-ca3ca8c0ca7f,04348,Malahide,Dublin
4c07d11e-050e-851d-e053-ca3ca8c0ca7f,29306,Ballyhaunis,Mayo
4c07d11e-050f-851d-e053-ca3ca8c0ca7f,29306,Ballyhaunis,Mayo
4c07d11e-0510-851d-e053-ca3ca8c0ca7f,29306,Ballyhaunis,Mayo
4c07d11e-0512-851d-e053-ca3ca8c0ca7f,30260,Ballinlough,Roscommon
4c07d11e-0513-851d-e053-ca3ca8c0ca7f,30257,Castlerea,Roscommon
4c07d11e-0515-851d-e053-ca3ca8c0ca7f,29328,Crossmolina,Mayo
4c07d11e-0516-851d-e053-ca3ca8c0ca7f,29328,Crossmolina,Mayo
4c07d11e-0517-851d-e053-ca3ca8c0ca7f,02341,Dublin city and suburbs,Dublin
4c07d11e-0518-851d-e053-ca3ca8c0ca7f,02341,Dublin city and suburbs,Dublin
4c07d11e-0519-851d-e053-ca3ca8c0ca7f,04348,Malahide,Dublin
4c07d11e-051a-851d-e053-ca3ca8c0ca7f,04348,Malahide,Dublin
4c07d11e-051c-851d-e053-ca3ca8c0ca7f,30257,Castlerea,Roscommon
4c07d11e-051d-851d-e053-ca3ca8c0ca7f,29328,Crossmolina,Mayo
4c07d11e-051e-851d-e053-ca3ca8c0ca7f,29328,Crossmolina,Mayo
4c07d11e-051f-851d-e053-ca3ca8c0ca7f,02341,Dublin city and suburbs,Dublin
4c07d11e-0521-851d-e053-ca3ca8c0ca7f,02341,Dublin city and suburbs,Dublin
4c07d11e-0524-851d-e053-ca3ca8c0ca7f,04346,Portmarnock,Dublin
4c07d11e-0525-851d-e053-ca3ca8c0ca7f,04348,Malahide,Dublin
4c07d11e-0526-851d-e053-ca3ca8c0ca7f,30257,Castlerea,Roscommon
4c07d11e-0527-851d-e053-ca3ca8c0ca7f,29327,Castlebar,Mayo
4c07d11e-0528-851d-e053-ca3ca8c0ca7f,29320,Balla,Mayo
4c07d11e-0530-851d-e053-ca3ca8c0ca7f,09235,Longford,Longford
4c07d11e-0537-851d-e053-ca3ca8c0ca7f,09230,Edgeworthstown,Longford
4c07d11e-0538-851d-e053-ca3ca8c0ca7f,13191,Ballinalack,Westmeath
4c07d11e-0543-851d-e053-ca3ca8c0ca7f,30248,Elphin,Roscommon
4c07d11e-0548-851d-e053-ca3ca8c0ca7f,16552,Kilkishen,Clare
4c07d11e-0549-851d-e053-ca3ca8c0ca7f,34040,Scotshouse,Monaghan
4c07d11e-0566-851d-e053-ca3ca8c0ca7f,34036,Scotstown,Monaghan
4c07d11e-0569-851d-e053-ca3ca8c0ca7f,18828,Castletownbere,Cork
4c07d11e-0571-851d-e053-ca3ca8c0ca7f,18823,Bantry,Cork
4c07d11e-0572-851d-e053-ca3ca8c0ca7f,18823,Bantry,Cork
4c07d11e-0573-851d-e053-ca3ca8c0ca7f,18823,Bantry,Cork
4c07d11e-0574-851d-e053-ca3ca8c0ca7f,18823,Bantry,Cork
4c07d11e-057b-851d-e053-ca3ca8c0ca7f,21526,Drumcollogher,Limerick
4c07d11e-057e-851d-e053-ca3ca8c0ca7f,18771,Mallow,Cork
4c07d11e-057f-851d-e053-ca3ca8c0ca7f,18771,Mallow,Cork
4c07d11e-0580-851d-e053-ca3ca8c0ca7f,18771,Mallow,Cork
4c07d11e-0581-851d-e053-ca3ca8c0ca7f,18771,Mallow,Cork
4c07d11e-0582-851d-e053-ca3ca8c0ca7f,18784,Ballyclogh,Cork
4c07d11e-0584-851d-e053-ca3ca8c0ca7f,18776,Buttevant,Cork
4c07d11e-0585-851d-e053-ca3ca8c0ca7f,18788,Newtown,Cork
4c07d11e-0586-851d-e053-ca3ca8c0ca7f,18777,Charleville,Cork
4c07d11e-0589-851d-e053-ca3ca8c0ca7f,19852,Causeway,Kerry
4c07d11e-058a-851d-e053-ca3ca8c0ca7f,19843,Lixnaw,Kerry
4c07d11e-058b-851d-e053-ca3ca8c0ca7f,16552,Kilkishen,Clare
4c07d11e-058c-851d-e053-ca3ca8c0ca7f,16543,Killaloe,Clare
4c07d11e-05a6-851d-e053-ca3ca8c0ca7f,34025,Castleblayney,Monaghan
4c07d11e-05a7-851d-e053-ca3ca8c0ca7f,34023,Oram,Monaghan
4c07d11e-05ab-851d-e053-ca3ca8c0ca7f,34032,Monaghan,Monaghan
4c07d11e-05ac-851d-e053-ca3ca8c0ca7f,18814,Unionhall,Cork
4c07d11e-05b3-851d-e053-ca3ca8c0ca7f,18801,Clonakilty,Cork
4c07d11e-05b4-851d-e053-ca3ca8c0ca7f,18801,Clonakilty,Cork
4c07d11e-05b9-851d-e053-ca3ca8c0ca7f,18780,Courtmacsherry,Cork
4c07d11e-05ba-851d-e053-ca3ca8c0ca7f,18787,Bandon,Cork
4c07d11e-05bd-851d-e053-ca3ca8c0ca7f,18769,Ballinspittle,Cork
4c07d11e-05be-851d-e053-ca3ca8c0ca7f,18787,Bandon,Cork
4c07d11e-05bf-851d-e053-ca3ca8c0ca7f,18787,Bandon,Cork
4c07d11e-05c0-851d-e053-ca3ca8c0ca7f,18787,Bandon,Cork
4c07d11e-05c1-851d-e053-ca3ca8c0ca7f,18775,Inishannon,Cork
4c07d11e-05c3-851d-e053-ca3ca8c0ca7f,18765,Kinsale,Cork
4c07d11e-05c4-851d-e053-ca3ca8c0ca7f,18765,Kinsale,Cork
4c07d11e-05c6-851d-e053-ca3ca8c0ca7f,19843,Lixnaw,Kerry
4c07d11e-05c7-851d-e053-ca3ca8c0ca7f,19846,Ballyduff,Kerry
4c07d11e-05cb-851d-e053-ca3ca8c0ca7f,19839,Listowel,Kerry
4c07d11e-05d1-851d-e053-ca3ca8c0ca7f,28127,Drumod,Leitrim
4c07d11e-05dc-851d-e053-ca3ca8c0ca7f,28132,Carrick-On-Shannon,Leitrim
4c07d11e-05e6-851d-e053-ca3ca8c0ca7f,28128,Keshcarrigan,Leitrim
4c07d11e-0602-851d-e053-ca3ca8c0ca7f,11408,Ratoath,Meath
4c07d11e-060b-851d-e053-ca3ca8c0ca7f,19863,Waterville,Kerry
4c07d11e-060c-851d-e053-ca3ca8c0ca7f,19863,Waterville,Kerry
4c07d11e-060d-851d-e053-ca3ca8c0ca7f,19859,Sneem,Kerry
4c07d11e-0610-851d-e053-ca3ca8c0ca7f,19839,Listowel,Kerry
4c07d11e-0611-851d-e053-ca3ca8c0ca7f,19839,Listowel,Kerry
4c07d11e-0613-851d-e053-ca3ca8c0ca7f,19832,Newtownsandes,Kerry
4c07d11e-0615-851d-e053-ca3ca8c0ca7f,28127,Drumod,Leitrim
4c07d11e-061e-851d-e053-ca3ca8c0ca7f,09229,Aughnacliffe,Longford
4c07d11e-0625-851d-e053-ca3ca8c0ca7f,28126,Mohill,Leitrim
4c07d11e-063d-851d-e053-ca3ca8c0ca7f,04359,Garristown,Dublin
4c07d11e-063e-851d-e053-ca3ca8c0ca7f,04359,Garristown,Dublin
4c07d11e-0640-851d-e053-ca3ca8c0ca7f,04357,Naul,Dublin
4c07d11e-0645-851d-e053-ca3ca8c0ca7f,04355,Ballyboghil,Dublin
4c07d11e-0651-851d-e053-ca3ca8c0ca7f,04342,Loughshinny,Dublin
4c07d11e-0656-851d-e053-ca3ca8c0ca7f,19841,Kenmare,Kerry
4c07d11e-0657-851d-e053-ca3ca8c0ca7f,19841,Kenmare,Kerry
4c07d11e-065a-851d-e053-ca3ca8c0ca7f,19835,Kilgarvan,Kerry
4c07d11e-065b-851d-e053-ca3ca8c0ca7f,19847,Ballybunion,Kerry
4c07d11e-065f-851d-e053-ca3ca8c0ca7f,19833,Tarbert,Kerry
4c07d11e-0660-851d-e053-ca3ca8c0ca7f,16578,Kilrush,Clare
4c07d11e-0661-851d-e053-ca3ca8c0ca7f,16578,Kilrush,Clare
4c07d11e-0663-851d-e053-ca3ca8c0ca7f,16580,Kilkee,Clare
4c07d11e-0665-851d-e053-ca3ca8c0ca7f,16580,Kilkee,Clare
4c07d11e-066a-851d-e053-ca3ca8c0ca7f,28124,Carrigallen,Leitrim
4c07d11e-0673-851d-e053-ca3ca8c0ca7f,13188,Mullingar,Westmeath
4c07d11e-0681-851d-e053-ca3ca8c0ca7f,13184,Killucan-Rathwire,Westmeath
4c07d11e-068e-851d-e053-ca3ca8c0ca7f,10015,Tullyallen,Louth
4c07d11e-0690-851d-e053-ca3ca8c0ca7f,10009,Drogheda,Louth
4c07d11e-0695-851d-e053-ca3ca8c0ca7f,04352,Balbriggan,Dublin
4c07d11e-0696-851d-e053-ca3ca8c0ca7f,11400,Gormanston,Meath
4c07d11e-0699-851d-e053-ca3ca8c0ca7f,11403,Julianstown,Meath
4c07d11e-069b-851d-e053-ca3ca8c0ca7f,10003,Baltray,Louth
4c07d11e-069f-851d-e053-ca3ca8c0ca7f,10017,Collon,Louth
4c07d11e-06a5-851d-e053-ca3ca8c0ca7f,19845,Beaufort,Kerry
4c07d11e-06a9-851d-e053-ca3ca8c0ca7f,19840,Killarney,Kerry
4c07d11e-06ad-851d-e053-ca3ca8c0ca7f,16578,Kilrush,Clare
4c07d11e-06af-851d-e053-ca3ca8c0ca7f,16579,Doonbeg,Clare
4c07d11e-06b0-851d-e053-ca3ca8c0ca7f,16572,Kilmihil,Clare
4c07d11e-06bb-851d-e053-ca3ca8c0ca7f,13190,Multyfarnham,Westmeath
4c07d11e-06c7-851d-e053-ca3ca8c0ca7f,10011,Castlebellingham-Kilsaran,Louth
4c07d11e-06d0-851d-e053-ca3ca8c0ca7f,10014,Dromiskin,Louth
4c07d11e-06e6-851d-e053-ca3ca8c0ca7f,19857,Fenit,Kerry
4c07d11e-06ea-851d-e053-ca3ca8c0ca7f,16576,Spanish Point,Clare
4c07d11e-06f3-851d-e053-ca3ca8c0ca7f,11430,Crossakeel,Meath
4c07d11e-0710-851d-e053-ca3ca8c0ca7f,10001,Carlingford,Louth
4c07d11e-0722-851d-e053-ca3ca8c0ca7f,33116,Dunkineely,Donegal
4c07d11e-072a-851d-e053-ca3ca8c0ca7f,19853,Ardfert,Kerry
4c07d11e-072c-851d-e053-ca3ca8c0ca7f,16575,Miltown Malbay,Clare
4c07d11e-072d-851d-e053-ca3ca8c0ca7f,21530,Newcastle West,Limerick
4c07d11e-072e-851d-e053-ca3ca8c0ca7f,21530,Newcastle West,Limerick
4c07d11e-072f-851d-e053-ca3ca8c0ca7f,21538,Glin,Limerick
4c07d11e-0730-851d-e053-ca3ca8c0ca7f,21538,Glin,Limerick
4c07d11e-0731-851d-e053-ca3ca8c0ca7f,21536,Ballyhahill,Limerick
4c07d11e-0747-851d-e053-ca3ca8c0ca7f,11427,Athboy,Meath
4c07d11e-0750-851d-e053-ca3ca8c0ca7f,11425,Kells,Meath
4c07d11e-075b-851d-e053-ca3ca8c0ca7f,33102,Donegal,Donegal
4c07d11e-076b-851d-e053-ca3ca8c0ca7f,33094,Ballybofey-Stranorlar,Donegal
4c07d11e-0772-851d-e053-ca3ca8c0ca7f,19853,Ardfert,Kerry
4c07d11e-0778-851d-e053-ca3ca8c0ca7f,19850,Castlemaine,Kerry
4c07d11e-077b-851d-e053-ca3ca8c0ca7f,19838,Kilcummin,Kerry
4c07d11e-077e-851d-e053-ca3ca8c0ca7f,19849,Tralee,Kerry
4c07d11e-077f-851d-e053-ca3ca8c0ca7f,19849,Tralee,Kerry
4c07d11e-0780-851d-e053-ca3ca8c0ca7f,21538,Glin,Limerick
4c07d11e-0781-851d-e053-ca3ca8c0ca7f,21533,Shanagolden,Limerick
4c07d11e-0782-851d-e053-ca3ca8c0ca7f,21532,Foynes,Limerick
4c07d11e-0783-851d-e053-ca3ca8c0ca7f,21527,Rathkeale,Limerick
4c07d11e-0784-851d-e053-ca3ca8c0ca7f,21527,Rathkeale,Limerick
4c07d11e-0787-851d-e053-ca3ca8c0ca7f,21528,Askeaton,Limerick
4c07d11e-0789-851d-e053-ca3ca8c0ca7f,21514,Kilmallock,Limerick
4c07d11e-078a-851d-e053-ca3ca8c0ca7f,21513,Bruff,Limerick
4c07d11e-0792-851d-e053-ca3ca8c0ca7f,11416,Navan,Meath
4c07d11e-0795-851d-e053-ca3ca8c0ca7f,11416,Navan,Meath
4c07d11e-07a9-851d-e053-ca3ca8c0ca7f,11412,Slane,Meath
4c07d11e-07bc-851d-e053-ca3ca8c0ca7f,19849,Tralee,Kerry
4c07d11e-07be-851d-e053-ca3ca8c0ca7f,19849,Tralee,Kerry
4c07d11e-07c7-851d-e053-ca3ca8c0ca7f,19836,Castleisland,Kerry
4c07d11e-07cb-851d-e053-ca3ca8c0ca7f,18804,Macroom,Cork
4c07d11e-07cc-851d-e053-ca3ca8c0ca7f,19829,Rathmore,Kerry
4c07d11e-07cf-851d-e053-ca3ca8c0ca7f,18773,Crossbarry,Cork
4c07d11e-07d0-851d-e053-ca3ca8c0ca7f,18774,Killumney,Cork
4c07d11e-07d4-851d-e053-ca3ca8c0ca7f,21522,Adare,Limerick
4c07d11e-07d7-851d-e053-ca3ca8c0ca7f,21519,Croom,Limerick
4c07d11e-07d8-851d-e053-ca3ca8c0ca7f,21523,Kildimo,Limerick
4c07d11e-07d9-851d-e053-ca3ca8c0ca7f,21518,Patrickswell,Limerick
4c07d11e-07f1-851d-e053-ca3ca8c0ca7f,32045,Virginia,Cavan
4c07d11e-07f5-851d-e053-ca3ca8c0ca7f,32045,Virginia,Cavan
4c07d11e-0809-851d-e053-ca3ca8c0ca7f,33108,Bun Na Leaca,Donegal
4c07d11e-080c-851d-e053-ca3ca8c0ca7f,33101,An Fál Carrach,Donegal
4c07d11e-0817-851d-e053-ca3ca8c0ca7f,18786,Model Village or Dripsey,Cork
4c07d11e-081a-851d-e053-ca3ca8c0ca7f,17364,Cork city and suburbs,Cork
4c07d11e-081b-851d-e053-ca3ca8c0ca7f,17366,Tower,Cork
4c07d11e-081c-851d-e053-ca3ca8c0ca7f,17366,Tower,Cork
4c07d11e-081d-851d-e053-ca3ca8c0ca7f,18766,Halfway,Cork
4c07d11e-0820-851d-e053-ca3ca8c0ca7f,17364,Cork city and suburbs,Cork
4c07d11e-0821-851d-e053-ca3ca8c0ca7f,17364,Cork city and suburbs,Cork
4c07d11e-0822-851d-e053-ca3ca8c0ca7f,17364,Cork city and suburbs,Cork
4c07d11e-0823-851d-e053-ca3ca8c0ca7f,21518,Patrickswell,Limerick
4c07d11e-0828-851d-e053-ca3ca8c0ca7f,20497,Limerick city and suburbs,Limerick
4c07d11e-0829-851d-e053-ca3ca8c0ca7f,20497,Limerick city and suburbs,Limerick
4c07d11e-083a-851d-e053-ca3ca8c0ca7f,32050,Cavan,Cavan
4c07d11e-0853-851d-e053-ca3ca8c0ca7f,33093,Kilmacrennan,Donegal
4c07d11e-0861-851d-e053-ca3ca8c0ca7f,17364,Cork city and suburbs,Cork
4c07d11e-0863-851d-e053-ca3ca8c0ca7f,18753,Carrigaline,Cork
4c07d11e-0864-851d-e053-ca3ca8c0ca7f,17364,Cork city and suburbs,Cork
4c07d11e-0866-851d-e053-ca3ca8c0ca7f,17364,Cork city and suburbs,Cork
4c07d11e-086b-851d-e053-ca3ca8c0ca7f,20497,Limerick city and suburbs,Limerick
4c07d11e-086c-851d-e053-ca3ca8c0ca7f,20497,Limerick city and suburbs,Limerick
4c07d11e-086d-851d-e053-ca3ca8c0ca7f,20497,Limerick city and suburbs,Limerick
4c07d11e-086e-851d-e053-ca3ca8c0ca7f,20497,Limerick city and suburbs,Limerick
4c07d11e-0872-851d-e053-ca3ca8c0ca7f,21508,Caherconlish,Limerick
4c07d11e-0874-851d-e053-ca3ca8c0ca7f,21505,Moroe,Limerick
4c07d11e-0875-851d-e053-ca3ca8c0ca7f,16564,Kildysart,Clare
4c07d11e-0881-851d-e053-ca3ca8c0ca7f,32043,Mullagh,Cavan
4c07d11e-0896-851d-e053-ca3ca8c0ca7f,33091,Letterkenny,Donegal
4c07d11e-0897-851d-e053-ca3ca8c0ca7f,33091,Letterkenny,Donegal
4c07d11e-08a8-851d-e053-ca3ca8c0ca7f,17364,Cork city and suburbs,Cork
4c07d11e-08a9-851d-e053-ca3ca8c0ca7f,17364,Cork city and suburbs,Cork
4c07d11e-08aa-851d-e053-ca3ca8c0ca7f,17364,Cork city and suburbs,Cork
4c07d11e-08ab-851d-e053-ca3ca8c0ca7f,17364,Cork city and suburbs,Cork
4c07d11e-08ad-851d-e053-ca3ca8c0ca7f,16559,Shannon,Clare
4c07d11e-08ae-851d-e053-ca3ca8c0ca7f,16559,Shannon,Clare
4c07d11e-08af-851d-e053-ca3ca8c0ca7f,16559,Shannon,Clare
4c07d11e-08b4-851d-e053-ca3ca8c0ca7f,16562,Ennis,Clare
4c07d11e-08b8-851d-e053-ca3ca8c0ca7f,16562,Ennis,Clare
4c07d11e-08c6-851d-e053-ca3ca8c0ca7f,32044,Bailieborough,Cavan
4c07d11e-08cd-851d-e053-ca3ca8c0ca7f,32041,Kingscourt,Cavan
4c07d11e-08e5-851d-e053-ca3ca8c0ca7f,33081,Rathmullan,Donegal
4c07d11e-08e7-851d-e053-ca3ca8c0ca7f,33075,Buncrana,Donegal
4c07d11e-08e8-851d-e053-ca3ca8c0ca7f,17364,Cork city and suburbs,Cork
4c07d11e-08e9-851d-e053-ca3ca8c0ca7f,17365,Blarney,Cork
4c07d11e-08ed-851d-e053-ca3ca8c0ca7f,16562,Ennis,Clare
4c07d11e-08ee-851d-e053-ca3ca8c0ca7f,16558,Quin,Clare
4c07d11e-08ef-851d-e053-ca3ca8c0ca7f,16562,Ennis,Clare
4c07d11e-08f1-851d-e053-ca3ca8c0ca7f,16554,Cratloe,Clare
4c07d11e-08f2-851d-e053-ca3ca8c0ca7f,20497,Limerick city and suburbs,Limerick
4c07d11e-08f4-851d-e053-ca3ca8c0ca7f,20497,Limerick city and suburbs,Limerick
4c07d11e-08f7-851d-e053-ca3ca8c0ca7f,16555,Sixmilebridge,Clare
4c07d11e-08f8-851d-e053-ca3ca8c0ca7f,16555,Sixmilebridge,Clare
4c07d11e-0903-851d-e053-ca3ca8c0ca7f,34024,Carrickmacross,Monaghan
4c07d11e-091c-851d-e053-ca3ca8c0ca7f,33073,Tievebane,Donegal
4c07d11e-0922-851d-e053-ca3ca8c0ca7f,33077,Fahan,Donegal
4c07d11e-0936-851d-e053-ca3ca8c0ca7f,17364,Cork city and suburbs,Cork
4c07d11e-0937-851d-e053-ca3ca8c0ca7f,17364,Cork city and suburbs,Cork
4c07d11e-093b-851d-e053-ca3ca8c0ca7f,17364,Cork city and suburbs,Cork
4c07d11e-093c-851d-e053-ca3ca8c0ca7f,17364,Cork city and suburbs,Cork
4c07d11e-093d-851d-e053-ca3ca8c0ca7f,17364,Cork city and suburbs,Cork
4c07d11e-093f-851d-e053-ca3ca8c0ca7f,17364,Cork city and suburbs,Cork
4c07d11e-0940-851d-e053-ca3ca8c0ca7f,17364,Cork city and suburbs,Cork
4c07d11e-0942-851d-e053-ca3ca8c0ca7f,17365,Blarney,Cork
4c07d11e-0944-851d-e053-ca3ca8c0ca7f,16555,Sixmilebridge,Clare
4c07d11e-0945-851d-e053-ca3ca8c0ca7f,16555,Sixmilebridge,Clare
4c07d11e-0946-851d-e053-ca3ca8c0ca7f,16556,Kilmurry,Clare
4c07d11e-0947-851d-e053-ca3ca8c0ca7f,20497,Limerick city and suburbs,Limerick
4c07d11e-0948-851d-e053-ca3ca8c0ca7f,20497,Limerick city and suburbs,Limerick
4c07d11e-0949-851d-e053-ca3ca8c0ca7f,21511,Annacotty,Limerick
4c07d11e-094a-851d-e053-ca3ca8c0ca7f,20497,Limerick city and suburbs,Limerick
4c07d11e-094c-851d-e053-ca3ca8c0ca7f,16548,Parteen,Clare
4c07d11e-0951-851d-e053-ca3ca8c0ca7f,22495,Newport,Tipperary
4c07d11e-0954-851d-e053-ca3ca8c0ca7f,28130,Drumshanbo,Leitrim
4c07d11e-095b-851d-e053-ca3ca8c0ca7f,28136,Dromahair,Leitrim
4c07d11e-095f-851d-e053-ca3ca8c0ca7f,28134,Manorhamilton,Leitrim
4c07d11e-0960-851d-e053-ca3ca8c0ca7f,28134,Manorhamilton,Leitrim
4c07d11e-0961-851d-e053-ca3ca8c0ca7f,28134,Manorhamilton,Leitrim
4c07d11e-0972-851d-e053-ca3ca8c0ca7f,33069,Ballyliffin,Donegal
4c07d11e-0979-851d-e053-ca3ca8c0ca7f,33066,Carndonagh,Donegal
4c07d11e-097f-851d-e053-ca3ca8c0ca7f,33061,Moville,Donegal
4c07d11e-0981-851d-e053-ca3ca8c0ca7f,33061,Moville,Donegal
4c07d11e-0982-851d-e053-ca3ca8c0ca7f,33061,Moville,Donegal
4c07d11e-0983-851d-e053-ca3ca8c0ca7f,33060,Greencastle,Donegal
4c07d11e-0984-851d-e053-ca3ca8c0ca7f,33060,Greencastle,Donegal
4c07d11e-0985-851d-e053-ca3ca8c0ca7f,33060,Greencastle,Donegal
4c07d11e-0987-851d-e053-ca3ca8c0ca7f,33062,Gleneely,Donegal
4c07d11e-098a-851d-e053-ca3ca8c0ca7f,33063,Culdaff,Donegal
4c07d11e-0990-851d-e053-ca3ca8c0ca7f,18763,Whitechurch,Cork
4c07d11e-0991-851d-e053-ca3ca8c0ca7f,17364,Cork city and suburbs,Cork
4c07d11e-0993-851d-e053-ca3ca8c0ca7f,18760,Carrignavar,Cork
4c07d11e-0994-851d-e053-ca3ca8c0ca7f,18810,Boherbue,Cork
4c07d11e-0995-851d-e053-ca3ca8c0ca7f,22495,Newport,Tipperary
4c07d11e-0996-851d-e053-ca3ca8c0ca7f,16546,Clonlara,Clare
4c07d11e-0997-851d-e053-ca3ca8c0ca7f,21510,Castleconnell,Limerick
4c07d11e-0998-851d-e053-ca3ca8c0ca7f,16544,O'Briensbridge-Montpelier,Clare
4c07d11e-099d-851d-e053-ca3ca8c0ca7f,32056,Ballyconnell,Cavan
4c07d11e-09a1-851d-e053-ca3ca8c0ca7f,28135,Kinlough,Leitrim
4c07d11e-09a2-851d-e053-ca3ca8c0ca7f,28135,Kinlough,Leitrim
4c07d11e-09ac-851d-e053-ca3ca8c0ca7f,33106,Ballyshannon,Donegal
4c07d11e-09b3-851d-e053-ca3ca8c0ca7f,32051,Butlersbridge,Cavan
4c07d11e-09bb-851d-e053-ca3ca8c0ca7f,19867,Portmagee,Kerry
4c07d11e-09c8-851d-e053-ca3ca8c0ca7f,18822,Baltimore,Cork
4c07d11e-09cd-851d-e053-ca3ca8c0ca7f,18800,Banteer,Cork
4c07d11e-09cf-851d-e053-ca3ca8c0ca7f,18802,Kanturk,Cork
4c07d11e-09d0-851d-e053-ca3ca8c0ca7f,18802,Kanturk,Cork
4c07d11e-09d1-851d-e053-ca3ca8c0ca7f,14605,Bridgetown,Wexford
4c07d11e-09d2-851d-e053-ca3ca8c0ca7f,01630,Tullow,Carlow
4c07d11e-09d3-851d-e053-ca3ca8c0ca7f,01630,Tullow,Carlow
4c07d11e-09d4-851d-e053-ca3ca8c0ca7f,01630,Tullow,Carlow
4c07d11e-09d5-851d-e053-ca3ca8c0ca7f,21501,Cappamore,Limerick
4c07d11e-09d6-851d-e053-ca3ca8c0ca7f,23710,Cahir,Tipperary
4c07d11e-09d7-851d-e053-ca3ca8c0ca7f,07661,Kilkenny,Kilkenny
4c07d11e-09d9-851d-e053-ca3ca8c0ca7f,07661,Kilkenny,Kilkenny
4c07d11e-09da-851d-e053-ca3ca8c0ca7f,08171,Abbeyleix,Laois
4c07d11e-09db-851d-e053-ca3ca8c0ca7f,08171,Abbeyleix,Laois
4c07d11e-09dc-851d-e053-ca3ca8c0ca7f,01629,Rathvilly,Carlow
4c07d11e-09de-851d-e053-ca3ca8c0ca7f,23704,Ballyclerahan,Tipperary
4c07d11e-09df-851d-e053-ca3ca8c0ca7f,23708,Cashel,Tipperary
4c07d11e-09e0-851d-e053-ca3ca8c0ca7f,07650,Thomastown,Kilkenny
4c07d11e-09e1-851d-e053-ca3ca8c0ca7f,07650,Thomastown,Kilkenny
4c07d11e-09e3-851d-e053-ca3ca8c0ca7f,07655,Bennettsbridge,Kilkenny
4c07d11e-09e4-851d-e053-ca3ca8c0ca7f,08171,Abbeyleix,Laois
4c07d11e-09e5-851d-e053-ca3ca8c0ca7f,08169,Ballinakill,Laois
4c07d11e-09e6-851d-e053-ca3ca8c0ca7f,14612,Taghmon,Wexford
4c07d11e-09e7-851d-e053-ca3ca8c0ca7f,14601,Murntown,Wexford
4c07d11e-09e8-851d-e053-ca3ca8c0ca7f,23708,Cashel,Tipperary
4c07d11e-09e9-851d-e053-ca3ca8c0ca7f,23701,Fethard,Tipperary
4c07d11e-09ea-851d-e053-ca3ca8c0ca7f,23701,Fethard,Tipperary
4c07d11e-09eb-851d-e053-ca3ca8c0ca7f,23701,Fethard,Tipperary
4c07d11e-09ec-851d-e053-ca3ca8c0ca7f,23708,Cashel,Tipperary
4c07d11e-09ee-851d-e053-ca3ca8c0ca7f,07649,Gowran,Kilkenny
4c07d11e-09ef-851d-e053-ca3ca8c0ca7f,01640,Muinebeag (Bagenalstown),Carlow
4c07d11e-09f0-851d-e053-ca3ca8c0ca7f,01640,Muinebeag (Bagenalstown),Carlow
4c07d11e-09f1-851d-e053-ca3ca8c0ca7f,14587,Rosslare Harbour,Wexford
4c07d11e-09f4-851d-e053-ca3ca8c0ca7f,23708,Cashel,Tipperary
4c07d11e-09f5-851d-e053-ca3ca8c0ca7f,23708,Cashel,Tipperary
4c07d11e-09f8-851d-e053-ca3ca8c0ca7f,14623,New Ross,Wexford
4c07d11e-09f9-851d-e053-ca3ca8c0ca7f,01640,Muinebeag (Bagenalstown),Carlow
4c07d11e-09fa-851d-e053-ca3ca8c0ca7f,01634,Fennagh,Carlow
4c07d11e-09fc-851d-e053-ca3ca8c0ca7f,14587,Rosslare Harbour,Wexford
4c07d11e-09fd-851d-e053-ca3ca8c0ca7f,14587,Rosslare Harbour,Wexford
4c07d11e-09fe-851d-e053-ca3ca8c0ca7f,23700,Killenaule,Tipperary
4c07d11e-09ff-851d-e053-ca3ca8c0ca7f,23700,Killenaule,Tipperary
4c07d11e-0a00-851d-e053-ca3ca8c0ca7f,14623,New Ross,Wexford
4c07d11e-0a01-851d-e053-ca3ca8c0ca7f,14623,New Ross,Wexford
4c07d11e-0a02-851d-e053-ca3ca8c0ca7f,14623,New Ross,Wexford
4c07d11e-0a03-851d-e053-ca3ca8c0ca7f,01641,Leighlinbridge,Carlow
4c07d11e-0a04-851d-e053-ca3ca8c0ca7f,01631,Ballon,Carlow
4c07d11e-0a05-851d-e053-ca3ca8c0ca7f,14591,Rosslare,Wexford
4c07d11e-0a06-851d-e053-ca3ca8c0ca7f,14591,Rosslare,Wexford
4c07d11e-0a07-851d-e053-ca3ca8c0ca7f,23700,Killenaule,Tipperary
4c07d11e-0a08-851d-e053-ca3ca8c0ca7f,22484,Borrisoleigh,Tipperary
4c07d11e-0a09-851d-e053-ca3ca8c0ca7f,22488,Nenagh,Tipperary
4c07d11e-0a0a-851d-e053-ca3ca8c0ca7f,14623,New Ross,Wexford
4c07d11e-0a0b-851d-e053-ca3ca8c0ca7f,14623,New Ross,Wexford
4c07d11e-0a0d-851d-e053-ca3ca8c0ca7f,14613,Bunclody,Wexford
4c07d11e-0a0e-851d-e053-ca3ca8c0ca7f,14613,Bunclody,Wexford
4c07d11e-0a10-851d-e053-ca3ca8c0ca7f,14591,Rosslare,Wexford
4c07d11e-0a11-851d-e053-ca3ca8c0ca7f,14591,Rosslare,Wexford
4c07d11e-0a12-851d-e053-ca3ca8c0ca7f,22488,Nenagh,Tipperary
4c07d11e-0a13-851d-e053-ca3ca8c0ca7f,22488,Nenagh,Tipperary
4c07d11e-0a14-851d-e053-ca3ca8c0ca7f,22494,Portroe,Tipperary
4c07d11e-0a15-851d-e053-ca3ca8c0ca7f,14606,Enniscorthy,Wexford
4c07d11e-0a16-851d-e053-ca3ca8c0ca7f,14606,Enniscorthy,Wexford
4c07d11e-0a17-851d-e053-ca3ca8c0ca7f,14606,Enniscorthy,Wexford
4c07d11e-0a18-851d-e053-ca3ca8c0ca7f,07644,Graiguenamanagh-Tinnahinch,Kilkenny
4c07d11e-0a19-851d-e053-ca3ca8c0ca7f,14613,Bunclody,Wexford
4c07d11e-0a1a-851d-e053-ca3ca8c0ca7f,01639,Carlow,Carlow
4c07d11e-0a1b-851d-e053-ca3ca8c0ca7f,01639,Carlow,Carlow
4c07d11e-0a1c-851d-e053-ca3ca8c0ca7f,14596,Wexford,Wexford
4c07d11e-0a1d-851d-e053-ca3ca8c0ca7f,14596,Wexford,Wexford
4c07d11e-0a1e-851d-e053-ca3ca8c0ca7f,22488,Nenagh,Tipperary
4c07d11e-0a1f-851d-e053-ca3ca8c0ca7f,22488,Nenagh,Tipperary
4c07d11e-0a20-851d-e053-ca3ca8c0ca7f,22488,Nenagh,Tipperary
4c07d11e-0a21-851d-e053-ca3ca8c0ca7f,07644,Graiguenamanagh-Tinnahinch,Kilkenny
4c07d11e-0a23-851d-e053-ca3ca8c0ca7f,14606,Enniscorthy,Wexford
4c07d11e-0a24-851d-e053-ca3ca8c0ca7f,14606,Enniscorthy,Wexford
4c07d11e-0a25-851d-e053-ca3ca8c0ca7f,01639,Carlow,Carlow
4c07d11e-0a26-851d-e053-ca3ca8c0ca7f,01639,Carlow,Carlow
4c07d11e-0a28-851d-e053-ca3ca8c0ca7f,14596,Wexford,Wexford
4c07d11e-0a29-851d-e053-ca3ca8c0ca7f,22488,Nenagh,Tipperary
4c07d11e-0a2a-851d-e053-ca3ca8c0ca7f,22488,Nenagh,Tipperary
4c07d11e-0a2b-851d-e053-ca3ca8c0ca7f,22481,Thurles,Tipperary
4c07d11e-0a2c-851d-e053-ca3ca8c0ca7f,22481,Thurles,Tipperary
4c07d11e-0a2d-851d-e053-ca3ca8c0ca7f,14606,Enniscorthy,Wexford
4c07d11e-0a2e-851d-e053-ca3ca8c0ca7f,14613,Bunclody,Wexford
4c07d11e-0a2f-851d-e053-ca3ca8c0ca7f,01639,Carlow,Carlow
4c07d11e-0a30-851d-e053-ca3ca8c0ca7f,01639,Carlow,Carlow
4c07d11e-0a31-851d-e053-ca3ca8c0ca7f,14596,Wexford,Wexford
4c07d11e-0a32-851d-e053-ca3ca8c0ca7f,14596,Wexford,Wexford
4c07d11e-0a33-851d-e053-ca3ca8c0ca7f,22481,Thurles,Tipperary
4c07d11e-0a34-851d-e053-ca3ca8c0ca7f,22481,Thurles,Tipperary
4c07d11e-0a35-851d-e053-ca3ca8c0ca7f,22481,Thurles,Tipperary
4c07d11e-0a36-851d-e053-ca3ca8c0ca7f,07661,Kilkenny,Kilkenny
4c07d11e-0a37-851d-e053-ca3ca8c0ca7f,07661,Kilkenny,Kilkenny
4c07d11e-0a38-851d-e053-ca3ca8c0ca7f,01639,Carlow,Carlow
4c07d11e-0a39-851d-e053-ca3ca8c0ca7f,01639,Carlow,Carlow
4c07d11e-0a3a-851d-e053-ca3ca8c0ca7f,01639,Carlow,Carlow
4c07d11e-0a3b-851d-e053-ca3ca8c0ca7f,14596,Wexford,Wexford
4c07d11e-0a3c-851d-e053-ca3ca8c0ca7f,14596,Wexford,Wexford
4c07d11e-0a3d-851d-e053-ca3ca8c0ca7f,22481,Thurles,Tipperary
4c07d11e-0a3e-851d-e053-ca3ca8c0ca7f,22481,Thurles,Tipperary
4c07d11e-0a3f-851d-e053-ca3ca8c0ca7f,07661,Kilkenny,Kilkenny
4c07d11e-0a40-851d-e053-ca3ca8c0ca7f,07661,Kilkenny,Kilkenny
4c07d11e-0a41-851d-e053-ca3ca8c0ca7f,01639,Carlow,Carlow
4c07d11e-0a42-851d-e053-ca3ca8c0ca7f,01639,Carlow,Carlow
4c07d11e-0a43-851d-e053-ca3ca8c0ca7f,01639,Carlow,Carlow
4c07d11e-0a44-851d-e053-ca3ca8c0ca7f,14596,Wexford,Wexford
4c07d11e-0a45-851d-e053-ca3ca8c0ca7f,23717,Tipperary,Tipperary
4c07d11e-0a46-851d-e053-ca3ca8c0ca7f,23717,Tipperary,Tipperary
4c07d11e-0a47-851d-e053-ca3ca8c0ca7f,23717,Tipperary,Tipperary
4c07d11e-0a48-851d-e053-ca3ca8c0ca7f,23717,Tipperary,Tipperary
4c07d11e-0a49-851d-e053-ca3ca8c0ca7f,22481,Thurles,Tipperary
4c07d11e-0a4a-851d-e053-ca3ca8c0ca7f,22481,Thurles,Tipperary
4c07d11e-0a4b-851d-e053-ca3ca8c0ca7f,22482,Templemore,Tipperary
4c07d11e-0a4c-851d-e053-ca3ca8c0ca7f,07661,Kilkenny,Kilkenny
4c07d11e-0a4d-851d-e053-ca3ca8c0ca7f,07661,Kilkenny,Kilkenny
4c07d11e-0a4e-851d-e053-ca3ca8c0ca7f,01639,Carlow,Carlow
4c07d11e-0a4f-851d-e053-ca3ca8c0ca7f,01639,Carlow,Carlow
4c07d11e-0a50-851d-e053-ca3ca8c0ca7f,23717,Tipperary,Tipperary
4c07d11e-0a51-851d-e053-ca3ca8c0ca7f,23717,Tipperary,Tipperary
4c07d11e-0a52-851d-e053-ca3ca8c0ca7f,07670,Urlingford,Kilkenny
4c07d11e-0a53-851d-e053-ca3ca8c0ca7f,07670,Urlingford,Kilkenny
4c07d11e-0a54-851d-e053-ca3ca8c0ca7f,07661,Kilkenny,Kilkenny
4c07d11e-0a55-851d-e053-ca3ca8c0ca7f,07661,Kilkenny,Kilkenny
4c07d11e-0a56-851d-e053-ca3ca8c0ca7f,07661,Kilkenny,Kilkenny
4c07d11e-0a57-851d-e053-ca3ca8c0ca7f,01639,Carlow,Carlow
4c07d11e-0a58-851d-e053-ca3ca8c0ca7f,06460,Castledermot,Kildare
4c07d11e-0a59-851d-e053-ca3ca8c0ca7f,23710,Cahir,Tipperary
4c07d11e-0a5b-851d-e053-ca3ca8c0ca7f,23710,Cahir,Tipperary
4c07d11e-0a5d-851d-e053-ca3ca8c0ca7f,22482,Templemore,Tipperary
4c07d11e-0a5e-851d-e053-ca3ca8c0ca7f,07661,Kilkenny,Kilkenny
4c07d11e-0a60-851d-e053-ca3ca8c0ca7f,01630,Tullow,Carlow
4c07d11e-0a61-851d-e053-ca3ca8c0ca7f,01630,Tullow,Carlow
4c07d11e-0a63-851d-e053-ca3ca8c0ca7f,22482,Templemore,Tipperary
4c07d11e-0a64-851d-e053-ca3ca8c0ca7f,22482,Templemore,Tipperary
4c07d11e-0a65-851d-e053-ca3ca8c0ca7f,07667,Callan,Kilkenny
4c07d11e-0a66-851d-e053-ca3ca8c0ca7f,08172,Durrow,Laois
4c07d11e-0a67-851d-e053-ca3ca8c0ca7f,08172,Durrow,Laois
4c07d11e-0a68-851d-e053-ca3ca8c0ca7f,08171,Abbeyleix,Laois
4c07d11e-0a69-851d-e053-ca3ca8c0ca7f,01630,Tullow,Carlow
4c07d11e-0a6a-851d-e053-ca3ca8c0ca7f,01630,Tullow,Carlow
4c07d11e-0a6b-851d-e053-ca3ca8c0ca7f,21499,Oola,Limerick
4c07d11e-0a6c-851d-e053-ca3ca8c0ca7f,21501,Cappamore,Limerick
4c07d11e-0a6d-851d-e053-ca3ca8c0ca7f,07667,Callan,Kilkenny
4c07d11e-0a6e-851d-e053-ca3ca8c0ca7f,07661,Kilkenny,Kilkenny
4c07d11e-0a6f-851d-e053-ca3ca8c0ca7f,07661,Kilkenny,Kilkenny
4c07d11e-0a70-851d-e053-ca3ca8c0ca7f,08171,Abbeyleix,Laois
4c07d11e-0a73-851d-e053-ca3ca8c0ca7f,06439,Ballymore Eustace,Kildare
4c07d11e-0a75-851d-e053-ca3ca8c0ca7f,15395,Blessington,Wicklow
4c07d11e-0a76-851d-e053-ca3ca8c0ca7f,15395,Blessington,Wicklow
4c07d11e-0a77-851d-e053-ca3ca8c0ca7f,15395,Blessington,Wicklow
4c07d11e-0a7a-851d-e053-ca3ca8c0ca7f,11411,Dunshaughlin,Meath
4c07d11e-0a7c-851d-e053-ca3ca8c0ca7f,11410,Kentstown,Meath
4c07d11e-0a7f-851d-e053-ca3ca8c0ca7f,15385,Ballinaclash,Wicklow
4c07d11e-0a84-851d-e053-ca3ca8c0ca7f,29314,Claremorris,Mayo
4c07d11e-0a85-851d-e053-ca3ca8c0ca7f,30247,Roscommon,Roscommon
4c07d11e-0a87-851d-e053-ca3ca8c0ca7f,11425,Kells,Meath
4c07d11e-0a88-851d-e053-ca3ca8c0ca7f,15384,Rathdrum,Wicklow
4c07d11e-0a89-851d-e053-ca3ca8c0ca7f,15384,Rathdrum,Wicklow
4c07d11e-0a8b-851d-e053-ca3ca8c0ca7f,15374,Barndarrig,Wicklow
4c07d11e-0a8c-851d-e053-ca3ca8c0ca7f,15379,Glenealy,Wicklow
4c07d11e-0a8e-851d-e053-ca3ca8c0ca7f,15373,Newtownmountkennedy,Wicklow
4c07d11e-0a90-851d-e053-ca3ca8c0ca7f,15373,Newtownmountkennedy,Wicklow
4c07d11e-0a92-851d-e053-ca3ca8c0ca7f,15368,Kilcoole,Wicklow
4c07d11e-0a94-851d-e053-ca3ca8c0ca7f,15370,Greystones-Delgany,Wicklow
4c07d11e-0a95-851d-e053-ca3ca8c0ca7f,15370,Greystones-Delgany,Wicklow
4c07d11e-0a96-851d-e053-ca3ca8c0ca7f,15381,Enniskerry,Wicklow
4c07d11e-0a97-851d-e053-ca3ca8c0ca7f,15380,Kilmacanogue,Wicklow
4c07d11e-0a98-851d-e053-ca3ca8c0ca7f,15380,Kilmacanogue,Wicklow
4c07d11e-0a99-851d-e053-ca3ca8c0ca7f,15381,Enniskerry,Wicklow
4c07d11e-0aa0-851d-e053-ca3ca8c0ca7f,09239,Lanesborough-Ballyleague,Longford
4c07d11e-0aa1-851d-e053-ca3ca8c0ca7f,15395,Blessington,Wicklow
4c07d11e-0aa2-851d-e053-ca3ca8c0ca7f,12209,Ballinagar,Offaly
4c07d11e-0aa5-851d-e053-ca3ca8c0ca7f,15370,Greystones-Delgany,Wicklow
4c07d11e-0aa6-851d-e053-ca3ca8c0ca7f,15376,Bray,Wicklow
4c07d11e-0aa7-851d-e053-ca3ca8c0ca7f,15376,Bray,Wicklow
4c07d11e-0aa9-851d-e053-ca3ca8c0ca7f,15367,Wicklow,Wicklow
4c07d11e-0aaa-851d-e053-ca3ca8c0ca7f,02341,Dublin city and suburbs,Dublin
4c07d11e-0aad-851d-e053-ca3ca8c0ca7f,03360,Saggart,Dublin
4c07d11e-0ab0-851d-e053-ca3ca8c0ca7f,27280,Tuam,Galway
4c07d11e-0ab1-851d-e053-ca3ca8c0ca7f,27275,Dunmore,Galway
4c07d11e-0ab2-851d-e053-ca3ca8c0ca7f,27275,Dunmore,Galway
4c07d11e-0ab6-851d-e053-ca3ca8c0ca7f,09233,Ballymahon,Longford
4c07d11e-0ab7-851d-e053-ca3ca8c0ca7f,12207,Daingean,Offaly
4c07d11e-0ab9-851d-e053-ca3ca8c0ca7f,12207,Daingean,Offaly
4c07d11e-0abb-851d-e053-ca3ca8c0ca7f,06473,Rathangan,Kildare
4c07d11e-0abc-851d-e053-ca3ca8c0ca7f,03363,Newcastle,Dublin
4c07d11e-0ac0-851d-e053-ca3ca8c0ca7f,27271,Moylough,Galway
4c07d11e-0ac2-851d-e053-ca3ca8c0ca7f,30261,Cloonfad,Roscommon
4c07d11e-0ac3-851d-e053-ca3ca8c0ca7f,29306,Ballyhaunis,Mayo
4c07d11e-0ac4-851d-e053-ca3ca8c0ca7f,29306,Ballyhaunis,Mayo
4c07d11e-0ac5-851d-e053-ca3ca8c0ca7f,09233,Ballymahon,Longford
4c07d11e-0ac6-851d-e053-ca3ca8c0ca7f,09231,Legan,Longford
4c07d11e-0ac8-851d-e053-ca3ca8c0ca7f,12201,Edenderry,Offaly
4c07d11e-0aca-851d-e053-ca3ca8c0ca7f,13187,Rochfortbridge,Westmeath
4c07d11e-0ace-851d-e053-ca3ca8c0ca7f,02341,Dublin city and suburbs,Dublin
4c07d11e-0acf-851d-e053-ca3ca8c0ca7f,02341,Dublin city and suburbs,Dublin
4c07d11e-0ad0-851d-e053-ca3ca8c0ca7f,02341,Dublin city and suburbs,Dublin
4c07d11e-0ad1-851d-e053-ca3ca8c0ca7f,02341,Dublin city and suburbs,Dublin
4c07d11e-0ad2-851d-e053-ca3ca8c0ca7f,02341,Dublin city and suburbs,Dublin
4c07d11e-0ad3-851d-e053-ca3ca8c0ca7f,02341,Dublin city and suburbs,Dublin
4c07d11e-0ad4-851d-e053-ca3ca8c0ca7f,02341,Dublin city and suburbs,Dublin
4c07d11e-0ad5-851d-e053-ca3ca8c0ca7f,02341,Dublin city and suburbs,Dublin
4c07d11e-0ad6-851d-e053-ca3ca8c0ca7f,02341,Dublin city and suburbs,Dublin
4c07d11e-0ad7-851d-e053-ca3ca8c0ca7f,02341,Dublin city and suburbs,Dublin
4c07d11e-0ad8-851d-e053-ca3ca8c0ca7f,02341,Dublin city and suburbs,Dublin
4c07d11e-0ad9-851d-e053-ca3ca8c0ca7f,15381,Enniskerry,Wicklow
4c07d11e-0ada-851d-e053-ca3ca8c0ca7f,02341,Dublin city and suburbs,Dublin
4c07d11e-0adb-851d-e053-ca3ca8c0ca7f,02341,Dublin city and suburbs,Dublin
4c07d11e-0adf-851d-e053-ca3ca8c0ca7f,27273,Williamstown,Galway
4c07d11e-0ae1-851d-e053-ca3ca8c0ca7f,30257,Castlerea,Roscommon
4c07d11e-0ae2-851d-e053-ca3ca8c0ca7f,30257,Castlerea,Roscommon
4c07d11e-0ae3-851d-e053-ca3ca8c0ca7f,30257,Castlerea,Roscommon
4c07d11e-0ae6-851d-e053-ca3ca8c0ca7f,09235,Longford,Longford
4c07d11e-0ae7-851d-e053-ca3ca8c0ca7f,09237,Newtownforbes,Longford
4c07d11e-0aeb-851d-e053-ca3ca8c0ca7f,06473,Rathangan,Kildare
4c07d11e-0aec-851d-e053-ca3ca8c0ca7f,06473,Rathangan,Kildare
4c07d11e-0aed-851d-e053-ca3ca8c0ca7f,02341,Dublin city and suburbs,Dublin
4c07d11e-0aef-851d-e053-ca3ca8c0ca7f,02341,Dublin city and suburbs,Dublin
4c07d11e-0af0-851d-e053-ca3ca8c0ca7f,15376,Bray,Wicklow
4c07d11e-0af1-851d-e053-ca3ca8c0ca7f,15376,Bray,Wicklow
4c07d11e-0af4-851d-e053-ca3ca8c0ca7f,29320,Balla,Mayo
4c07d11e-0af6-851d-e053-ca3ca8c0ca7f,09235,Longford,Longford
4c07d11e-0af7-851d-e053-ca3ca8c0ca7f,09235,Longford,Longford
4c07d11e-0afa-851d-e053-ca3ca8c0ca7f,09230,Edgeworthstown,Longford
4c07d11e-0afc-851d-e053-ca3ca8c0ca7f,06463,Milltown,Kildare
4c07d11e-0afd-851d-e053-ca3ca8c0ca7f,06462,Kilmeage,Kildare
4c07d11e-0b00-851d-e053-ca3ca8c0ca7f,02341,Dublin city and suburbs,Dublin
4c07d11e-0b01-851d-e053-ca3ca8c0ca7f,02341,Dublin city and suburbs,Dublin
4c07d11e-0b02-851d-e053-ca3ca8c0ca7f,02341,Dublin city and suburbs,Dublin
4c07d11e-0b03-851d-e053-ca3ca8c0ca7f,02341,Dublin city and suburbs,Dublin
4c07d11e-0b04-851d-e053-ca3ca8c0ca7f,02341,Dublin city and suburbs,Dublin
4c07d11e-0b05-851d-e053-ca3ca8c0ca7f,29327,Castlebar,Mayo
4c07d11e-0b06-851d-e053-ca3ca8c0ca7f,29327,Castlebar,Mayo
4c07d11e-0b09-851d-e053-ca3ca8c0ca7f,29327,Castlebar,Mayo
4c07d11e-0b0a-851d-e053-ca3ca8c0ca7f,29327,Castlebar,Mayo
4c07d11e-0b0b-851d-e053-ca3ca8c0ca7f,29322,Bellavary,Mayo
4c07d11e-0b0e-851d-e053-ca3ca8c0ca7f,13194,Rathowen,Westmeath
4c07d11e-0b0f-851d-e053-ca3ca8c0ca7f,30254,Bellanagare,Roscommon
4c07d11e-0b10-851d-e053-ca3ca8c0ca7f,06470,Derrinturn,Kildare
4c07d11e-0b12-851d-e053-ca3ca8c0ca7f,06442,Naas,Kildare
4c07d11e-0b14-851d-e053-ca3ca8c0ca7f,06449,Carragh,Kildare
4c07d11e-0b15-851d-e053-ca3ca8c0ca7f,02341,Dublin city and suburbs,Dublin
4c07d11e-0b17-851d-e053-ca3ca8c0ca7f,02341,Dublin city and suburbs,Dublin
4c07d11e-0b1a-851d-e053-ca3ca8c0ca7f,02341,Dublin city and suburbs,Dublin
4c07d11e-0b1c-851d-e053-ca3ca8c0ca7f,02341,Dublin city and suburbs,Dublin
4c07d11e-0b1d-851d-e053-ca3ca8c0ca7f,02341,Dublin city and suburbs,Dublin
4c07d11e-0b20-851d-e053-ca3ca8c0ca7f,29329,Lahardane,Mayo
4c07d11e-0b21-851d-e053-ca3ca8c0ca7f,30248,Elphin,Roscommon
4c07d11e-0b24-851d-e053-ca3ca8c0ca7f,30240,Roosky,Roscommon
4c07d11e-0b25-851d-e053-ca3ca8c0ca7f,28127,Drumod,Leitrim
4c07d11e-0b26-851d-e053-ca3ca8c0ca7f,30252,Boyle,Roscommon
4c07d11e-0b27-851d-e053-ca3ca8c0ca7f,28132,Carrick-On-Shannon,Leitrim
4c07d11e-0b28-851d-e053-ca3ca8c0ca7f,06443,Sallins,Kildare
4c07d11e-0b29-851d-e053-ca3ca8c0ca7f,06443,Sallins,Kildare
4c07d11e-0b2b-851d-e053-ca3ca8c0ca7f,06441,Johnstown,Kildare
4c07d11e-0b30-851d-e053-ca3ca8c0ca7f,06440,Straffan,Kildare
4c07d11e-0b32-851d-e053-ca3ca8c0ca7f,02341,Dublin city and suburbs,Dublin
4c07d11e-0b33-851d-e053-ca3ca8c0ca7f,11407,Clonee,Meath
4c07d11e-0b34-851d-e053-ca3ca8c0ca7f,02341,Dublin city and suburbs,Dublin
4c07d11e-0b35-851d-e053-ca3ca8c0ca7f,02341,Dublin city and suburbs,Dublin
4c07d11e-0b37-851d-e053-ca3ca8c0ca7f,29318,Foxford,Mayo
4c07d11e-0b38-851d-e053-ca3ca8c0ca7f,29318,Foxford,Mayo
4c07d11e-0b3b-851d-e053-ca3ca8c0ca7f,29311,Swinford,Mayo
4c07d11e-0b3d-851d-e053-ca3ca8c0ca7f,29318,Foxford,Mayo
4c07d11e-0b41-851d-e053-ca3ca8c0ca7f,28132,Carrick-On-Shannon,Leitrim
4c07d11e-0b42-851d-e053-ca3ca8c0ca7f,11428,Longwood,Meath
4c07d11e-0b45-851d-e053-ca3ca8c0ca7f,06436,Celbridge,Kildare
4c07d11e-0b47-851d-e053-ca3ca8c0ca7f,06433,Leixlip,Kildare
4c07d11e-0b49-851d-e053-ca3ca8c0ca7f,02341,Dublin city and suburbs,Dublin
4c07d11e-0b4a-851d-e053-ca3ca8c0ca7f,02341,Dublin city and suburbs,Dublin
4c07d11e-0b4c-851d-e053-ca3ca8c0ca7f,11409,Dunboyne,Meath
4c07d11e-0b4e-851d-e053-ca3ca8c0ca7f,11409,Dunboyne,Meath
4c07d11e-0b51-851d-e053-ca3ca8c0ca7f,04356,Rivermeade,Dublin
4c07d11e-0b52-851d-e053-ca3ca8c0ca7f,04356,Rivermeade,Dublin
4c07d11e-0b53-851d-e053-ca3ca8c0ca7f,02341,Dublin city and suburbs,Dublin
4c07d11e-0b54-851d-e053-ca3ca8c0ca7f,02341,Dublin city and suburbs,Dublin
4c07d11e-0b55-851d-e053-ca3ca8c0ca7f,02341,Dublin city and suburbs,Dublin
4c07d11e-0b56-851d-e053-ca3ca8c0ca7f,02341,Dublin city and suburbs,Dublin
4c07d11e-0b57-851d-e053-ca3ca8c0ca7f,02341,Dublin city and suburbs,Dublin
4c07d11e-0b59-851d-e053-ca3ca8c0ca7f,02341,Dublin city and suburbs,Dublin
4c07d11e-0b5a-851d-e053-ca3ca8c0ca7f,02341,Dublin city and suburbs,Dublin
4c07d11e-0b5e-851d-e053-ca3ca8c0ca7f,30259,Ballaghaderreen,Roscommon
4c07d11e-0b5f-851d-e053-ca3ca8c0ca7f,30255,Frenchpark,Roscommon
4c07d11e-0b60-851d-e053-ca3ca8c0ca7f,29307,Charlestown-Bellahy,Mayo
4c07d11e-0b61-851d-e053-ca3ca8c0ca7f,29307,Charlestown-Bellahy,Mayo
4c07d11e-0b62-851d-e053-ca3ca8c0ca7f,31155,Tubbercurry,Sligo
4c07d11e-0b63-851d-e053-ca3ca8c0ca7f,28132,Carrick-On-Shannon,Leitrim
4c07d11e-0b67-851d-e053-ca3ca8c0ca7f,30246,Cootehall,Roscommon
4c07d11e-0b68-851d-e053-ca3ca8c0ca7f,28131,Leitrim,Leitrim
4c07d11e-0b69-851d-e053-ca3ca8c0ca7f,28130,Drumshanbo,Leitrim
4c07d11e-0b75-851d-e053-ca3ca8c0ca7f,14599,Ballysimon,Wexford
4c07d11e-0b76-851d-e053-ca3ca8c0ca7f,14592,Oulart,Wexford
4c07d11e-0b77-851d-e053-ca3ca8c0ca7f,02341,Dublin city and suburbs,Dublin
4c07d11e-0b78-851d-e053-ca3ca8c0ca7f,02341,Dublin city and suburbs,Dublin
4c07d11e-0b7d-851d-e053-ca3ca8c0ca7f,04353,Kinsealy-Drinan,Dublin
4c07d11e-0b7f-851d-e053-ca3ca8c0ca7f,04348,Malahide,Dublin
4c07d11e-0b80-851d-e053-ca3ca8c0ca7f,04348,Malahide,Dublin
4c07d11e-0b82-851d-e053-ca3ca8c0ca7f,31155,Tubbercurry,Sligo
4c07d11e-0b83-851d-e053-ca3ca8c0ca7f,31147,Gurteen,Sligo
4c07d11e-0b84-851d-e053-ca3ca8c0ca7f,29338,Béal An Mhuirthead,Mayo
4c07d11e-0b86-851d-e053-ca3ca8c0ca7f,29330,Ballycastle,Mayo
4c07d11e-0b88-851d-e053-ca3ca8c0ca7f,29328,Crossmolina,Mayo
4c07d11e-0b8b-851d-e053-ca3ca8c0ca7f,30240,Roosky,Roscommon
4c07d11e-0b8c-851d-e053-ca3ca8c0ca7f,09234,Drumlish,Longford
4c07d11e-0b92-851d-e053-ca3ca8c0ca7f,32055,Loch Gowna,Cavan
4c07d11e-0b93-851d-e053-ca3ca8c0ca7f,28125,Ballinamore,Leitrim
4c07d11e-0b95-851d-e053-ca3ca8c0ca7f,14600,Ferns,Wexford
4c07d11e-0b96-851d-e053-ca3ca8c0ca7f,14594,Camolin,Wexford
4c07d11e-0b97-851d-e053-ca3ca8c0ca7f,14583,Kilmuckridge,Wexford
4c07d11e-0b9c-851d-e053-ca3ca8c0ca7f,14581,Courtown,Wexford
4c07d11e-0b9d-851d-e053-ca3ca8c0ca7f,04354,Swords,Dublin
4c07d11e-0b9f-851d-e053-ca3ca8c0ca7f,04348,Malahide,Dublin
4c07d11e-0ba0-851d-e053-ca3ca8c0ca7f,04346,Portmarnock,Dublin
4c07d11e-0ba1-851d-e053-ca3ca8c0ca7f,29321,Ballina,Mayo
4c07d11e-0ba2-851d-e053-ca3ca8c0ca7f,29321,Ballina,Mayo
4c07d11e-0ba3-851d-e053-ca3ca8c0ca7f,29321,Ballina,Mayo
4c07d11e-0ba8-851d-e053-ca3ca8c0ca7f,29321,Ballina,Mayo
4c07d11e-0ba9-851d-e053-ca3ca8c0ca7f,29315,Bonniconlon,Mayo
4c07d11e-0baa-851d-e053-ca3ca8c0ca7f,29323,Killala,Mayo
4c07d11e-0bac-851d-e053-ca3ca8c0ca7f,31158,Enniscrone,Sligo
4c07d11e-0bad-851d-e053-ca3ca8c0ca7f,31158,Enniscrone,Sligo
4c07d11e-0bae-851d-e053-ca3ca8c0ca7f,32057,Arvagh,Cavan
4c07d11e-0baf-851d-e053-ca3ca8c0ca7f,28124,Carrigallen,Leitrim
4c07d11e-0bb1-851d-e053-ca3ca8c0ca7f,13188,Mullingar,Westmeath
4c07d11e-0bb3-851d-e053-ca3ca8c0ca7f,13188,Mullingar,Westmeath
4c07d11e-0bb5-851d-e053-ca3ca8c0ca7f,13182,Raharney,Westmeath
4c07d11e-0bb6-851d-e053-ca3ca8c0ca7f,15391,Carnew,Wicklow
4c07d11e-0bb7-851d-e053-ca3ca8c0ca7f,14585,Gorey,Wexford
4c07d11e-0bb8-851d-e053-ca3ca8c0ca7f,15391,Carnew,Wicklow
4c07d11e-0bbc-851d-e053-ca3ca8c0ca7f,04346,Portmarnock,Dublin
4c07d11e-0bbe-851d-e053-ca3ca8c0ca7f,29339,Keel-Dooagh,Mayo
4c07d11e-0bbf-851d-e053-ca3ca8c0ca7f,29335,Louisburgh,Mayo
4c07d11e-0bc0-851d-e053-ca3ca8c0ca7f,31158,Enniscrone,Sligo
4c07d11e-0bc1-851d-e053-ca3ca8c0ca7f,31156,Dromore West,Sligo
4c07d11e-0bc2-851d-e053-ca3ca8c0ca7f,31157,Easky,Sligo
4c07d11e-0bc3-851d-e053-ca3ca8c0ca7f,31155,Tubbercurry,Sligo
4c07d11e-0bc4-851d-e053-ca3ca8c0ca7f,31155,Tubbercurry,Sligo
4c07d11e-0bc5-851d-e053-ca3ca8c0ca7f,31155,Tubbercurry,Sligo
4c07d11e-0bc6-851d-e053-ca3ca8c0ca7f,31139,Riverstown,Sligo
4c07d11e-0bce-851d-e053-ca3ca8c0ca7f,31143,Sligo,Sligo
4c07d11e-0bd0-851d-e053-ca3ca8c0ca7f,31143,Sligo,Sligo
4c07d11e-0bd1-851d-e053-ca3ca8c0ca7f,31143,Sligo,Sligo
4c07d11e-0bd2-851d-e053-ca3ca8c0ca7f,31151,Rosses Point,Sligo
4c07d11e-0bd4-851d-e053-ca3ca8c0ca7f,13186,Castlepollard,Westmeath
4c07d11e-0bd5-851d-e053-ca3ca8c0ca7f,13185,Collinstown,Westmeath
4c07d11e-0bd7-851d-e053-ca3ca8c0ca7f,14585,Gorey,Wexford
4c07d11e-0be0-851d-e053-ca3ca8c0ca7f,29331,Westport,Mayo
4c07d11e-0be1-851d-e053-ca3ca8c0ca7f,29331,Westport,Mayo
4c07d11e-0be2-851d-e053-ca3ca8c0ca7f,29331,Westport,Mayo
4c07d11e-0be3-851d-e053-ca3ca8c0ca7f,29331,Westport,Mayo
4c07d11e-0be5-851d-e053-ca3ca8c0ca7f,29331,Westport,Mayo
4c07d11e-0be9-851d-e053-ca3ca8c0ca7f,31151,Rosses Point,Sligo
4c07d11e-0bea-851d-e053-ca3ca8c0ca7f,31143,Sligo,Sligo
4c07d11e-0beb-851d-e053-ca3ca8c0ca7f,31143,Sligo,Sligo
4c07d11e-0bec-851d-e053-ca3ca8c0ca7f,31145,Ballincar,Sligo
4c07d11e-0bed-851d-e053-ca3ca8c0ca7f,31143,Sligo,Sligo
4c07d11e-0bee-851d-e053-ca3ca8c0ca7f,13180,Clonmellon,Westmeath
4c07d11e-0bf0-851d-e053-ca3ca8c0ca7f,11429,Ballivor,Meath
4c07d11e-0bf1-851d-e053-ca3ca8c0ca7f,11420,Trim,Meath
4c07d11e-0bf8-851d-e053-ca3ca8c0ca7f,29326,Ballinrobe,Mayo
4c07d11e-0bf9-851d-e053-ca3ca8c0ca7f,29317,Shrule,Mayo
4c07d11e-0bfa-851d-e053-ca3ca8c0ca7f,27280,Tuam,Galway
4c07d11e-0bfb-851d-e053-ca3ca8c0ca7f,31143,Sligo,Sligo
4c07d11e-0c03-851d-e053-ca3ca8c0ca7f,11420,Trim,Meath
4c07d11e-0c04-851d-e053-ca3ca8c0ca7f,11420,Trim,Meath
4c07d11e-0c05-851d-e053-ca3ca8c0ca7f,11427,Athboy,Meath
4c07d11e-0c0a-851d-e053-ca3ca8c0ca7f,14584,Killinierin,Wexford
4c07d11e-0c0b-851d-e053-ca3ca8c0ca7f,15389,Tinahely,Wicklow
4c07d11e-0c0c-851d-e053-ca3ca8c0ca7f,15392,Knockananna,Wicklow
4c07d11e-0c0d-851d-e053-ca3ca8c0ca7f,15387,Aughrim,Wicklow
4c07d11e-0c0f-851d-e053-ca3ca8c0ca7f,15378,Arklow,Wicklow
4c07d11e-0c11-851d-e053-ca3ca8c0ca7f,15378,Arklow,Wicklow
4c07d11e-0c14-851d-e053-ca3ca8c0ca7f,29309,Irishtown,Mayo
4c07d11e-0c18-851d-e053-ca3ca8c0ca7f,31141,Mullaghmore,Sligo
4c07d11e-0c1c-851d-e053-ca3ca8c0ca7f,33121,Cill Charthaigh,Donegal
4c07d11e-0c1f-851d-e053-ca3ca8c0ca7f,33120,Killybegs,Donegal
4c07d11e-0c21-851d-e053-ca3ca8c0ca7f,33118,Ardara,Donegal
4c07d11e-0c22-851d-e053-ca3ca8c0ca7f,33118,Ardara,Donegal
4c07d11e-0c25-851d-e053-ca3ca8c0ca7f,33119,Ailt An Chorráin,Donegal
4c07d11e-0c26-851d-e053-ca3ca8c0ca7f,33119,Ailt An Chorráin,Donegal
4c07d11e-0c29-851d-e053-ca3ca8c0ca7f,30250,Athleague,Roscommon
4c07d11e-0c2a-851d-e053-ca3ca8c0ca7f,30247,Roscommon,Roscommon
4c07d11e-0c2b-851d-e053-ca3ca8c0ca7f,27300,Oughterard,Galway
4c07d11e-0c2e-851d-e053-ca3ca8c0ca7f,33120,Killybegs,Donegal
4c07d11e-0c39-851d-e053-ca3ca8c0ca7f,27266,Ballygar,Galway
4c07d11e-0c41-851d-e053-ca3ca8c0ca7f,30247,Roscommon,Roscommon
4c07d11e-0c47-851d-e053-ca3ca8c0ca7f,30243,Knockcroghery,Roscommon
4c07d11e-0c48-851d-e053-ca3ca8c0ca7f,30243,Knockcroghery,Roscommon
4c07d11e-0c4e-851d-e053-ca3ca8c0ca7f,14624,Arthurstown,Wexford
4c07d11e-0c51-851d-e053-ca3ca8c0ca7f,14625,Ballyhack,Wexford
4c07d11e-0c6c-851d-e053-ca3ca8c0ca7f,22480,Roscrea,Tipperary
4c07d11e-0c73-851d-e053-ca3ca8c0ca7f,08174,Mountrath,Laois
4c07d11e-0c77-851d-e053-ca3ca8c0ca7f,12218,Kilcormac,Offaly
4c07d11e-0c97-851d-e053-ca3ca8c0ca7f,14581,Courtown,Wexford
4c07d11e-0ca8-851d-e053-ca3ca8c0ca7f,14582,Coolgreany,Wexford
4c07d11e-0cb8-851d-e053-ca3ca8c0ca7f,30242,Cloontuskert,Roscommon
4c07d11e-0cc3-851d-e053-ca3ca8c0ca7f,13196,Ballymore,Westmeath
4c07d11e-0cc6-851d-e053-ca3ca8c0ca7f,09238,Killashee,Longford
4c07d11e-0ce7-851d-e053-ca3ca8c0ca7f,30251,Ballyforan,Roscommon
4c07d11e-0cf1-851d-e053-ca3ca8c0ca7f,13200,Athlone,Westmeath
4c07d11e-0cf4-851d-e053-ca3ca8c0ca7f,13200,Athlone,Westmeath
4c07d11e-0cfc-851d-e053-ca3ca8c0ca7f,15382,Avoca,Wicklow
4c07d11e-0d02-851d-e053-ca3ca8c0ca7f,15384,Rathdrum,Wicklow
4c07d11e-0d07-851d-e053-ca3ca8c0ca7f,15367,Wicklow,Wicklow
4c07d11e-0d0e-851d-e053-ca3ca8c0ca7f,15367,Wicklow,Wicklow
4c07d11e-0d13-851d-e053-ca3ca8c0ca7f,15383,Roundwood,Wicklow
4c07d11e-0d14-851d-e053-ca3ca8c0ca7f,15383,Roundwood,Wicklow
4c07d11e-0d15-851d-e053-ca3ca8c0ca7f,15369,Newcastle,Wicklow
4c07d11e-0d19-851d-e053-ca3ca8c0ca7f,27293,Cluain Bú,Galway
4c07d11e-0d2e-851d-e053-ca3ca8c0ca7f,23717,Tipperary,Tipperary
4c07d11e-0d32-851d-e053-ca3ca8c0ca7f,23710,Cahir,Tipperary
4c07d11e-0d35-851d-e053-ca3ca8c0ca7f,23710,Cahir,Tipperary
4c07d11e-0d44-851d-e053-ca3ca8c0ca7f,15380,Kilmacanogue,Wicklow
4c07d11e-0d47-851d-e053-ca3ca8c0ca7f,15367,Wicklow,Wicklow
4c07d11e-0d4a-851d-e053-ca3ca8c0ca7f,06435,Kilteel,Kildare
4c07d11e-0d57-851d-e053-ca3ca8c0ca7f,02341,Dublin city and suburbs,Dublin
4c07d11e-0d58-851d-e053-ca3ca8c0ca7f,02341,Dublin city and suburbs,Dublin
4c07d11e-0d5b-851d-e053-ca3ca8c0ca7f,02341,Dublin city and suburbs,Dublin
4c07d11e-0d65-851d-e053-ca3ca8c0ca7f,21502,Pallasgreen,Limerick
4c07d11e-0d75-851d-e053-ca3ca8c0ca7f,23718,Cappawhite,Tipperary
4c07d11e-0d79-851d-e053-ca3ca8c0ca7f,23704,Ballyclerahan,Tipperary
4c07d11e-0d7c-851d-e053-ca3ca8c0ca7f,12220,Cloghan,Offaly
4c07d11e-0d7f-851d-e053-ca3ca8c0ca7f,12216,Pollagh,Offaly
4c07d11e-0d88-851d-e053-ca3ca8c0ca7f,12211,Tullamore,Offaly
4c07d11e-0d95-851d-e053-ca3ca8c0ca7f,13197,Moate,Westmeath
4c07d11e-0d99-851d-e053-ca3ca8c0ca7f,13198,Baylin,Westmeath
4c07d11e-0d9b-851d-e053-ca3ca8c0ca7f,02341,Dublin city and suburbs,Dublin
4c07d11e-0d9c-851d-e053-ca3ca8c0ca7f,02341,Dublin city and suburbs,Dublin
4c07d11e-0d9d-851d-e053-ca3ca8c0ca7f,02341,Dublin city and suburbs,Dublin
4c07d11e-0d9e-851d-e053-ca3ca8c0ca7f,02341,Dublin city and suburbs,Dublin
4c07d11e-0d9f-851d-e053-ca3ca8c0ca7f,02341,Dublin city and suburbs,Dublin
4c07d11e-0da4-851d-e053-ca3ca8c0ca7f,02341,Dublin city and suburbs,Dublin
4c07d11e-0da7-851d-e053-ca3ca8c0ca7f,02341,Dublin city and suburbs,Dublin
4c07d11e-0da8-851d-e053-ca3ca8c0ca7f,02341,Dublin city and suburbs,Dublin
4c07d11e-0da9-851d-e053-ca3ca8c0ca7f,02341,Dublin city and suburbs,Dublin
4c07d11e-0dac-851d-e053-ca3ca8c0ca7f,02341,Dublin city and suburbs,Dublin
4c07d11e-0db1-851d-e053-ca3ca8c0ca7f,02341,Dublin city and suburbs,Dublin
4c07d11e-0dce-851d-e053-ca3ca8c0ca7f,23702,Clonmel,Tipperary
4c07d11e-0dcf-851d-e053-ca3ca8c0ca7f,23703,Lisronagh,Tipperary
4c07d11e-0dd4-851d-e053-ca3ca8c0ca7f,23701,Fethard,Tipperary
4c07d11e-0dd7-851d-e053-ca3ca8c0ca7f,23708,Cashel,Tipperary
4c07d11e-0dd9-851d-e053-ca3ca8c0ca7f,23709,Boherlahan,Tipperary
4c07d11e-0ddb-851d-e053-ca3ca8c0ca7f,22483,Holycross,Tipperary
4c07d11e-0df3-851d-e053-ca3ca8c0ca7f,13193,Kilbeggan,Westmeath
4c07d11e-0df9-851d-e053-ca3ca8c0ca7f,13192,Castletown Geoghegan,Westmeath
4c07d11e-0dff-851d-e053-ca3ca8c0ca7f,08168,Ballyroan,Laois
4c07d11e-0e02-851d-e053-ca3ca8c0ca7f,08167,Portlaoise,Laois
4c07d11e-0e25-851d-e053-ca3ca8c0ca7f,29331,Westport,Mayo
4c07d11e-0e28-851d-e053-ca3ca8c0ca7f,27283,Corrofin,Galway
4c07d11e-0e2e-851d-e053-ca3ca8c0ca7f,27284,Clarinbridge,Galway
4c07d11e-0e31-851d-e053-ca3ca8c0ca7f,27284,Clarinbridge,Galway
4c07d11e-0e41-851d-e053-ca3ca8c0ca7f,27277,Athenry,Galway
4c07d11e-0e48-851d-e053-ca3ca8c0ca7f,23696,The Commons,Tipperary
4c07d11e-0e51-851d-e053-ca3ca8c0ca7f,22489,Silvermines,Tipperary
4c07d11e-0e55-851d-e053-ca3ca8c0ca7f,22493,Newtown,Tipperary
4c07d11e-0e69-851d-e053-ca3ca8c0ca7f,08162,Stradbally,Laois
4c07d11e-0e72-851d-e053-ca3ca8c0ca7f,08166,Emo,Laois
4c07d11e-0e75-851d-e053-ca3ca8c0ca7f,08170,Mountmellick,Laois
4c07d11e-0e7a-851d-e053-ca3ca8c0ca7f,12206,Clonygowan,Offaly
4c07d11e-0e82-851d-e053-ca3ca8c0ca7f,06476,Monasterevin,Kildare
4c07d11e-0e91-851d-e053-ca3ca8c0ca7f,29334,Mulranny,Mayo
4c07d11e-0eb5-851d-e053-ca3ca8c0ca7f,27274,Monivea,Galway
4c07d11e-0ebc-851d-e053-ca3ca8c0ca7f,22481,Thurles,Tipperary
4c07d11e-0ecb-851d-e053-ca3ca8c0ca7f,22478,Templetuohy,Tipperary
4c07d11e-0ee8-851d-e053-ca3ca8c0ca7f,06472,Athy,Kildare
4c07d11e-0eee-851d-e053-ca3ca8c0ca7f,06455,Ballitore,Kildare
4c07d11e-0ef1-851d-e053-ca3ca8c0ca7f,06458,Narraghmore,Kildare
4c07d11e-0ef2-851d-e053-ca3ca8c0ca7f,06458,Narraghmore,Kildare
4c07d11e-0ef5-851d-e053-ca3ca8c0ca7f,15399,Baltinglass,Wicklow
4c07d11e-0ef7-851d-e053-ca3ca8c0ca7f,15399,Baltinglass,Wicklow
4c07d11e-0f02-851d-e053-ca3ca8c0ca7f,29319,Kilmaine,Mayo
4c07d11e-0f0d-851d-e053-ca3ca8c0ca7f,29326,Ballinrobe,Mayo
4c07d11e-0f40-851d-e053-ca3ca8c0ca7f,07657,Knocktopher,Kilkenny
4c07d11e-0f53-851d-e053-ca3ca8c0ca7f,06459,Cut Bush,Kildare
4c07d11e-0f58-851d-e053-ca3ca8c0ca7f,06468,Kildare,Kildare
4c07d11e-0f62-851d-e053-ca3ca8c0ca7f,06446,Brannockstown,Kildare
4c07d11e-0f6f-851d-e053-ca3ca8c0ca7f,27280,Tuam,Galway
4c07d11e-0f9a-851d-e053-ca3ca8c0ca7f,07662,Kells,Kilkenny
4c07d11e-0fb1-851d-e053-ca3ca8c0ca7f,07661,Kilkenny,Kilkenny
4c07d11e-0fb5-851d-e053-ca3ca8c0ca7f,06439,Ballymore Eustace,Kildare
4c07d11e-0fb7-851d-e053-ca3ca8c0ca7f,12210,Killeigh,Offaly
4c07d11e-0fb8-851d-e053-ca3ca8c0ca7f,12211,Tullamore,Offaly
4c07d11e-0fba-851d-e053-ca3ca8c0ca7f,12208,Geashill,Offaly
4c07d11e-0fc2-851d-e053-ca3ca8c0ca7f,12203,Bracknagh,Offaly
4c07d11e-0fcb-851d-e053-ca3ca8c0ca7f,12201,Edenderry,Offaly
4c07d11e-0fcd-851d-e053-ca3ca8c0ca7f,13183,Kinnegad,Westmeath
4c07d11e-0fe9-851d-e053-ca3ca8c0ca7f,30256,Ballintober,Roscommon
4c07d11e-0ff1-851d-e053-ca3ca8c0ca7f,18751,Shanbally,Cork
4c07d11e-0ff2-851d-e053-ca3ca8c0ca7f,17364,Cork city and suburbs,Cork
4c07d11e-0ff3-851d-e053-ca3ca8c0ca7f,18734,Aghada-Rostellan,Cork
4c07d11e-0ff5-851d-e053-ca3ca8c0ca7f,17364,Cork city and suburbs,Cork
4c07d11e-0ff6-851d-e053-ca3ca8c0ca7f,17364,Cork city and suburbs,Cork
4c07d11e-0ff9-851d-e053-ca3ca8c0ca7f,17364,Cork city and suburbs,Cork
4c07d11e-0ffa-851d-e053-ca3ca8c0ca7f,17364,Cork city and suburbs,Cork
4c07d11e-0ffb-851d-e053-ca3ca8c0ca7f,17364,Cork city and suburbs,Cork
4c07d11e-1003-851d-e053-ca3ca8c0ca7f,18733,Midleton,Cork
4c07d11e-100a-851d-e053-ca3ca8c0ca7f,18725,Shanagarry,Cork
4c07d11e-100b-851d-e053-ca3ca8c0ca7f,18725,Shanagarry,Cork
4c07d11e-100d-851d-e053-ca3ca8c0ca7f,18732,Saleen,Cork
4c07d11e-102f-851d-e053-ca3ca8c0ca7f,06473,Rathangan,Kildare
4c07d11e-1034-851d-e053-ca3ca8c0ca7f,29327,Castlebar,Mayo
4c07d11e-1040-851d-e053-ca3ca8c0ca7f,29310,Knock,Mayo
4c07d11e-1057-851d-e053-ca3ca8c0ca7f,18727,Castlemartyr,Cork
4c07d11e-105c-851d-e053-ca3ca8c0ca7f,18723,Killeagh,Cork
4c07d11e-1060-851d-e053-ca3ca8c0ca7f,18750,Watergrasshill,Cork
4c07d11e-1062-851d-e053-ca3ca8c0ca7f,18750,Watergrasshill,Cork
4c07d11e-1082-851d-e053-ca3ca8c0ca7f,06454,Newbridge,Kildare
4c07d11e-1086-851d-e053-ca3ca8c0ca7f,06456,Robertstown,Kildare
4c07d11e-1091-851d-e053-ca3ca8c0ca7f,06457,Coill Dubh (Blackwood),Kildare
4c07d11e-10a1-851d-e053-ca3ca8c0ca7f,29311,Swinford,Mayo
4c07d11e-10b5-851d-e053-ca3ca8c0ca7f,18729,Ballynoe,Cork
4c07d11e-10c0-851d-e053-ca3ca8c0ca7f,25687,Clashmore,Waterford
4c07d11e-10d6-851d-e053-ca3ca8c0ca7f,01638,Borris,Carlow
4c07d11e-10e5-851d-e053-ca3ca8c0ca7f,14606,Enniscorthy,Wexford
4c07d11e-10f3-851d-e053-ca3ca8c0ca7f,06442,Naas,Kildare
4c07d11e-10fa-851d-e053-ca3ca8c0ca7f,06437,Kill,Kildare
4c07d11e-10ff-851d-e053-ca3ca8c0ca7f,06447,Clane,Kildare
4c07d11e-1106-851d-e053-ca3ca8c0ca7f,30259,Ballaghaderreen,Roscommon
4c07d11e-111b-851d-e053-ca3ca8c0ca7f,31147,Gurteen,Sligo
4c07d11e-1139-851d-e053-ca3ca8c0ca7f,25689,Cappoquin,Waterford
4c07d11e-1143-851d-e053-ca3ca8c0ca7f,07668,Freshford,Kilkenny
4c07d11e-115d-851d-e053-ca3ca8c0ca7f,06451,Prosperous,Kildare
4c07d11e-1160-851d-e053-ca3ca8c0ca7f,06445,Rathcoffey,Kildare
4c07d11e-119c-851d-e053-ca3ca8c0ca7f,25684,Dungarvan,Waterford
4c07d11e-11a2-851d-e053-ca3ca8c0ca7f,25681,Lemybrien,Waterford
4c07d11e-11ac-851d-e053-ca3ca8c0ca7f,23702,Clonmel,Tipperary
4c07d11e-11b3-851d-e053-ca3ca8c0ca7f,25678,Kill,Waterford
4c07d11e-11b4-851d-e053-ca3ca8c0ca7f,25676,Dunhill,Waterford
4c07d11e-11c5-851d-e053-ca3ca8c0ca7f,08164,The Swan,Laois
4c07d11e-11f4-851d-e053-ca3ca8c0ca7f,31158,Enniscrone,Sligo
4c07d11e-11fc-851d-e053-ca3ca8c0ca7f,31157,Easky,Sligo
4c07d11e-1202-851d-e053-ca3ca8c0ca7f,31148,Ballymote,Sligo
4c07d11e-1205-851d-e053-ca3ca8c0ca7f,31154,Coolaney,Sligo
4c07d11e-120f-851d-e053-ca3ca8c0ca7f,25674,Tramore,Waterford
4c07d11e-1220-851d-e053-ca3ca8c0ca7f,25677,Portlaw,Waterford
4c07d11e-1228-851d-e053-ca3ca8c0ca7f,07664,Piltown,Kilkenny
4c07d11e-122d-851d-e053-ca3ca8c0ca7f,14613,Bunclody,Wexford
4c07d11e-123d-851d-e053-ca3ca8c0ca7f,01633,Rathtoe,Carlow
4c07d11e-1246-851d-e053-ca3ca8c0ca7f,01635,Palatine,Carlow
4c07d11e-1248-851d-e053-ca3ca8c0ca7f,06460,Castledermot,Kildare
4c07d11e-1261-851d-e053-ca3ca8c0ca7f,14588,Blackwater,Wexford
4c07d11e-1279-851d-e053-ca3ca8c0ca7f,31150,Carney,Sligo
4c07d11e-1281-851d-e053-ca3ca8c0ca7f,33122,An Charraig,Donegal
4c07d11e-1282-851d-e053-ca3ca8c0ca7f,33123,Gleann Cholm Cille,Donegal
4c07d11e-128c-851d-e053-ca3ca8c0ca7f,24643,Waterford city and suburbs,Waterford
4c07d11e-1291-851d-e053-ca3ca8c0ca7f,24643,Waterford city and suburbs,Waterford
4c07d11e-1292-851d-e053-ca3ca8c0ca7f,24643,Waterford city and suburbs,Waterford
4c07d11e-1293-851d-e053-ca3ca8c0ca7f,24643,Waterford city and suburbs,Waterford
4c07d11e-12a8-851d-e053-ca3ca8c0ca7f,01629,Rathvilly,Carlow
4c07d11e-12ae-851d-e053-ca3ca8c0ca7f,16541,Whitegate,Clare
4c07d11e-12c5-851d-e053-ca3ca8c0ca7f,22480,Roscrea,Tipperary
4c07d11e-12e6-851d-e053-ca3ca8c0ca7f,12224,Shinrone,Offaly
4c07d11e-12e8-851d-e053-ca3ca8c0ca7f,12207,Daingean,Offaly
4c07d11e-12e9-851d-e053-ca3ca8c0ca7f,06473,Rathangan,Kildare
4c07d11e-12ea-851d-e053-ca3ca8c0ca7f,13200,Athlone,Westmeath
4c07d11e-12eb-851d-e053-ca3ca8c0ca7f,13200,Athlone,Westmeath
4c07d11e-12ec-851d-e053-ca3ca8c0ca7f,13200,Athlone,Westmeath
4c07d11e-12ef-851d-e053-ca3ca8c0ca7f,08167,Portlaoise,Laois
4c07d11e-12f0-851d-e053-ca3ca8c0ca7f,15399,Baltinglass,Wicklow
4c07d11e-12f1-851d-e053-ca3ca8c0ca7f,15398,Dunlavin,Wicklow
4c07d11e-12f2-851d-e053-ca3ca8c0ca7f,15398,Dunlavin,Wicklow
4c07d11e-12f3-851d-e053-ca3ca8c0ca7f,06473,Rathangan,Kildare
4c07d11e-12f4-851d-e053-ca3ca8c0ca7f,06473,Rathangan,Kildare
4c07d11e-12f6-851d-e053-ca3ca8c0ca7f,13200,Athlone,Westmeath
4c07d11e-12f7-851d-e053-ca3ca8c0ca7f,13200,Athlone,Westmeath
4c07d11e-12f8-851d-e053-ca3ca8c0ca7f,08167,Portlaoise,Laois
4c07d11e-12f9-851d-e053-ca3ca8c0ca7f,08167,Portlaoise,Laois
4c07d11e-12fa-851d-e053-ca3ca8c0ca7f,08167,Portlaoise,Laois
4c07d11e-12fb-851d-e053-ca3ca8c0ca7f,08167,Portlaoise,Laois
4c07d11e-12fc-851d-e053-ca3ca8c0ca7f,06471,Nurney,Kildare
4c07d11e-12fd-851d-e053-ca3ca8c0ca7f,06471,Nurney,Kildare
4c07d11e-12fe-851d-e053-ca3ca8c0ca7f,27264,Portumna,Galway
4c07d11e-12ff-851d-e053-ca3ca8c0ca7f,12223,Birr,Offaly
4c07d11e-1300-851d-e053-ca3ca8c0ca7f,13200,Athlone,Westmeath
4c07d11e-1301-851d-e053-ca3ca8c0ca7f,13200,Athlone,Westmeath
4c07d11e-1302-851d-e053-ca3ca8c0ca7f,13200,Athlone,Westmeath
4c07d11e-1303-851d-e053-ca3ca8c0ca7f,13200,Athlone,Westmeath
4c07d11e-1304-851d-e053-ca3ca8c0ca7f,08167,Portlaoise,Laois
4c07d11e-1305-851d-e053-ca3ca8c0ca7f,08167,Portlaoise,Laois
4c07d11e-1306-851d-e053-ca3ca8c0ca7f,06453,Calverstown,Kildare
4c07d11e-1308-851d-e053-ca3ca8c0ca7f,06450,Kilcullen,Kildare
4c07d11e-1309-851d-e053-ca3ca8c0ca7f,06450,Kilcullen,Kildare
4c07d11e-130a-851d-e053-ca3ca8c0ca7f,12223,Birr,Offaly
4c07d11e-130b-851d-e053-ca3ca8c0ca7f,12226,Banagher,Offaly
4c07d11e-130c-851d-e053-ca3ca8c0ca7f,13200,Athlone,Westmeath
4c07d11e-130d-851d-e053-ca3ca8c0ca7f,08167,Portlaoise,Laois
4c07d11e-130e-851d-e053-ca3ca8c0ca7f,08167,Portlaoise,Laois
4c07d11e-130f-851d-e053-ca3ca8c0ca7f,06450,Kilcullen,Kildare
4c07d11e-1310-851d-e053-ca3ca8c0ca7f,06468,Kildare,Kildare
4c07d11e-1312-851d-e053-ca3ca8c0ca7f,22480,Roscrea,Tipperary
4c07d11e-1313-851d-e053-ca3ca8c0ca7f,13200,Athlone,Westmeath
4c07d11e-1314-851d-e053-ca3ca8c0ca7f,13200,Athlone,Westmeath
4c07d11e-1315-851d-e053-ca3ca8c0ca7f,08167,Portlaoise,Laois
4c07d11e-1316-851d-e053-ca3ca8c0ca7f,08167,Portlaoise,Laois
4c07d11e-1317-851d-e053-ca3ca8c0ca7f,06468,Kildare,Kildare
4c07d11e-1318-851d-e053-ca3ca8c0ca7f,06468,Kildare,Kildare
4c07d11e-1319-851d-e053-ca3ca8c0ca7f,22480,Roscrea,Tipperary
4c07d11e-131a-851d-e053-ca3ca8c0ca7f,22480,Roscrea,Tipperary
4c07d11e-131b-851d-e053-ca3ca8c0ca7f,22480,Roscrea,Tipperary
4c07d11e-131d-851d-e053-ca3ca8c0ca7f,12219,Ferbane,Offaly
4c07d11e-131e-851d-e053-ca3ca8c0ca7f,08167,Portlaoise,Laois
4c07d11e-131f-851d-e053-ca3ca8c0ca7f,08167,Portlaoise,Laois
4c07d11e-1320-851d-e053-ca3ca8c0ca7f,06454,Newbridge,Kildare
4c07d11e-1321-851d-e053-ca3ca8c0ca7f,06454,Newbridge,Kildare
4c07d11e-1322-851d-e053-ca3ca8c0ca7f,22480,Roscrea,Tipperary
4c07d11e-1323-851d-e053-ca3ca8c0ca7f,22480,Roscrea,Tipperary
4c07d11e-1325-851d-e053-ca3ca8c0ca7f,12219,Ferbane,Offaly
4c07d11e-1326-851d-e053-ca3ca8c0ca7f,12211,Tullamore,Offaly
4c07d11e-1327-851d-e053-ca3ca8c0ca7f,08167,Portlaoise,Laois
4c07d11e-1328-851d-e053-ca3ca8c0ca7f,08159,Ballylinan,Laois
4c07d11e-1329-851d-e053-ca3ca8c0ca7f,06454,Newbridge,Kildare
4c07d11e-132a-851d-e053-ca3ca8c0ca7f,06452,Athgarvan,Kildare
4c07d11e-132b-851d-e053-ca3ca8c0ca7f,06452,Athgarvan,Kildare
4c07d11e-132c-851d-e053-ca3ca8c0ca7f,22480,Roscrea,Tipperary
4c07d11e-132d-851d-e053-ca3ca8c0ca7f,08174,Mountrath,Laois
4c07d11e-132e-851d-e053-ca3ca8c0ca7f,08174,Mountrath,Laois
4c07d11e-132f-851d-e053-ca3ca8c0ca7f,12211,Tullamore,Offaly
4c07d11e-1330-851d-e053-ca3ca8c0ca7f,12211,Tullamore,Offaly
4c07d11e-1331-851d-e053-ca3ca8c0ca7f,08159,Ballylinan,Laois
4c07d11e-1332-851d-e053-ca3ca8c0ca7f,06472,Athy,Kildare
4c07d11e-1333-851d-e053-ca3ca8c0ca7f,06472,Athy,Kildare
4c07d11e-1334-851d-e053-ca3ca8c0ca7f,08162,Stradbally,Laois
4c07d11e-1335-851d-e053-ca3ca8c0ca7f,08170,Mountmellick,Laois
4c07d11e-1336-851d-e053-ca3ca8c0ca7f,08170,Mountmellick,Laois
4c07d11e-1337-851d-e053-ca3ca8c0ca7f,06454,Newbridge,Kildare
4c07d11e-1339-851d-e053-ca3ca8c0ca7f,12223,Birr,Offaly
4c07d11e-133a-851d-e053-ca3ca8c0ca7f,12211,Tullamore,Offaly
4c07d11e-133b-851d-e053-ca3ca8c0ca7f,12211,Tullamore,Offaly
4c07d11e-133c-851d-e053-ca3ca8c0ca7f,08170,Mountmellick,Laois
4c07d11e-133e-851d-e053-ca3ca8c0ca7f,06454,Newbridge,Kildare
4c07d11e-133f-851d-e053-ca3ca8c0ca7f,06454,Newbridge,Kildare
4c07d11e-1340-851d-e053-ca3ca8c0ca7f,12223,Birr,Offaly
4c07d11e-1341-851d-e053-ca3ca8c0ca7f,12218,Kilcormac,Offaly
4c07d11e-1342-851d-e053-ca3ca8c0ca7f,12218,Kilcormac,Offaly
4c07d11e-1343-851d-e053-ca3ca8c0ca7f,12211,Tullamore,Offaly
4c07d11e-1344-851d-e053-ca3ca8c0ca7f,12211,Tullamore,Offaly
4c07d11e-1345-851d-e053-ca3ca8c0ca7f,12211,Tullamore,Offaly
4c07d11e-1346-851d-e053-ca3ca8c0ca7f,08170,Mountmellick,Laois
4c07d11e-1348-851d-e053-ca3ca8c0ca7f,08165,Portarlington,Laois
4c07d11e-1349-851d-e053-ca3ca8c0ca7f,08165,Portarlington,Laois
4c07d11e-134a-851d-e053-ca3ca8c0ca7f,06454,Newbridge,Kildare
4c07d11e-134b-851d-e053-ca3ca8c0ca7f,06454,Newbridge,Kildare
4c07d11e-134c-851d-e053-ca3ca8c0ca7f,08176,Clonaslee,Laois
4c07d11e-134d-851d-e053-ca3ca8c0ca7f,27263,Ballinasloe,Galway
4c07d11e-134e-851d-e053-ca3ca8c0ca7f,12211,Tullamore,Offaly
4c07d11e-134f-851d-e053-ca3ca8c0ca7f,12211,Tullamore,Offaly
4c07d11e-1350-851d-e053-ca3ca8c0ca7f,12214,Clara,Offaly
4c07d11e-1351-851d-e053-ca3ca8c0ca7f,08161,Ballybrittas,Laois
4c07d11e-1352-851d-e053-ca3ca8c0ca7f,06476,Monasterevin,Kildare
4c07d11e-1353-851d-e053-ca3ca8c0ca7f,08165,Portarlington,Laois
4c07d11e-1354-851d-e053-ca3ca8c0ca7f,06454,Newbridge,Kildare
4c07d11e-1355-851d-e053-ca3ca8c0ca7f,06454,Newbridge,Kildare
4c07d11e-1356-851d-e053-ca3ca8c0ca7f,27263,Ballinasloe,Galway
4c07d11e-1357-851d-e053-ca3ca8c0ca7f,27263,Ballinasloe,Galway
4c07d11e-1358-851d-e053-ca3ca8c0ca7f,27263,Ballinasloe,Galway
4c07d11e-1359-851d-e053-ca3ca8c0ca7f,12214,Clara,Offaly
4c07d11e-135a-851d-e053-ca3ca8c0ca7f,12214,Clara,Offaly
4c07d11e-135b-851d-e053-ca3ca8c0ca7f,12214,Clara,Offaly
4c07d11e-135c-851d-e053-ca3ca8c0ca7f,08165,Portarlington,Laois
4c07d11e-135d-851d-e053-ca3ca8c0ca7f,08165,Portarlington,Laois
4c07d11e-135e-851d-e053-ca3ca8c0ca7f,08165,Portarlington,Laois
4c07d11e-135f-851d-e053-ca3ca8c0ca7f,08165,Portarlington,Laois
4c07d11e-1360-851d-e053-ca3ca8c0ca7f,06450,Kilcullen,Kildare
4c07d11e-1361-851d-e053-ca3ca8c0ca7f,06450,Kilcullen,Kildare
4c07d11e-1362-851d-e053-ca3ca8c0ca7f,27263,Ballinasloe,Galway
4c07d11e-1363-851d-e053-ca3ca8c0ca7f,27263,Ballinasloe,Galway
4c07d11e-1364-851d-e053-ca3ca8c0ca7f,12214,Clara,Offaly
4c07d11e-1365-851d-e053-ca3ca8c0ca7f,12211,Tullamore,Offaly
4c07d11e-1366-851d-e053-ca3ca8c0ca7f,12211,Tullamore,Offaly
4c07d11e-1367-851d-e053-ca3ca8c0ca7f,08165,Portarlington,Laois
4c07d11e-1369-851d-e053-ca3ca8c0ca7f,08165,Portarlington,Laois
4c07d11e-136a-851d-e053-ca3ca8c0ca7f,06439,Ballymore Eustace,Kildare
4c07d11e-136b-851d-e053-ca3ca8c0ca7f,06450,Kilcullen,Kildare
4c07d11e-136d-851d-e053-ca3ca8c0ca7f,27263,Ballinasloe,Galway
4c07d11e-136e-851d-e053-ca3ca8c0ca7f,13200,Athlone,Westmeath
4c07d11e-136f-851d-e053-ca3ca8c0ca7f,13200,Athlone,Westmeath
4c07d11e-1370-851d-e053-ca3ca8c0ca7f,13200,Athlone,Westmeath
4c07d11e-1371-851d-e053-ca3ca8c0ca7f,13200,Athlone,Westmeath
4c07d11e-1372-851d-e053-ca3ca8c0ca7f,12211,Tullamore,Offaly
4c07d11e-1373-851d-e053-ca3ca8c0ca7f,12211,Tullamore,Offaly
4c07d11e-1374-851d-e053-ca3ca8c0ca7f,13200,Athlone,Westmeath
4c07d11e-1375-851d-e053-ca3ca8c0ca7f,13197,Moate,Westmeath
4c07d11e-1376-851d-e053-ca3ca8c0ca7f,13197,Moate,Westmeath
4c07d11e-1377-851d-e053-ca3ca8c0ca7f,06476,Monasterevin,Kildare
4c07d11e-1378-851d-e053-ca3ca8c0ca7f,06476,Monasterevin,Kildare
4c07d11e-1379-851d-e053-ca3ca8c0ca7f,15395,Blessington,Wicklow
4c07d11e-137a-851d-e053-ca3ca8c0ca7f,15395,Blessington,Wicklow
4c07d11e-137b-851d-e053-ca3ca8c0ca7f,15395,Blessington,Wicklow
4c07d11e-137c-851d-e053-ca3ca8c0ca7f,13200,Athlone,Westmeath
4c07d11e-137d-851d-e053-ca3ca8c0ca7f,13200,Athlone,Westmeath
4c07d11e-137e-851d-e053-ca3ca8c0ca7f,13200,Athlone,Westmeath
4c07d11e-137f-851d-e053-ca3ca8c0ca7f,13200,Athlone,Westmeath
4c07d11e-1380-851d-e053-ca3ca8c0ca7f,13197,Moate,Westmeath
4c07d11e-1382-851d-e053-ca3ca8c0ca7f,13200,Athlone,Westmeath
4c07d11e-1383-851d-e053-ca3ca8c0ca7f,06472,Athy,Kildare
4c07d11e-1385-851d-e053-ca3ca8c0ca7f,06472,Athy,Kildare
4c07d11e-1386-851d-e053-ca3ca8c0ca7f,15395,Blessington,Wicklow
4c07d11e-1387-851d-e053-ca3ca8c0ca7f,15395,Blessington,Wicklow
4c07d11e-1388-851d-e053-ca3ca8c0ca7f,13200,Athlone,Westmeath
4c07d11e-1389-851d-e053-ca3ca8c0ca7f,13200,Athlone,Westmeath
4c07d11e-138a-851d-e053-ca3ca8c0ca7f,13200,Athlone,Westmeath
4c07d11e-138b-851d-e053-ca3ca8c0ca7f,13193,Kilbeggan,Westmeath
4c07d11e-138c-851d-e053-ca3ca8c0ca7f,13193,Kilbeggan,Westmeath
4c07d11e-138d-851d-e053-ca3ca8c0ca7f,06472,Athy,Kildare
4c07d11e-138e-851d-e053-ca3ca8c0ca7f,06472,Athy,Kildare
4c07d11e-138f-851d-e053-ca3ca8c0ca7f,16543,Killaloe,Clare
4c07d11e-1390-851d-e053-ca3ca8c0ca7f,16545,Scarriff-Tuamgraney,Clare
4c07d11e-1391-851d-e053-ca3ca8c0ca7f,16545,Scarriff-Tuamgraney,Clare
4c07d11e-1394-851d-e053-ca3ca8c0ca7f,16573,Lehinch,Clare
4c07d11e-1395-851d-e053-ca3ca8c0ca7f,16573,Lehinch,Clare
4c07d11e-1396-851d-e053-ca3ca8c0ca7f,15399,Baltinglass,Wicklow
4c07d11e-1397-851d-e053-ca3ca8c0ca7f,15399,Baltinglass,Wicklow
4c07d11e-1399-851d-e053-ca3ca8c0ca7f,06453,Calverstown,Kildare
4c07d11e-139b-851d-e053-ca3ca8c0ca7f,06461,Curragh Camp,Kildare
4c07d11e-139c-851d-e053-ca3ca8c0ca7f,06461,Curragh Camp,Kildare
4c07d11e-139d-851d-e053-ca3ca8c0ca7f,18722,Ballymacoda,Cork
4c07d11e-139e-851d-e053-ca3ca8c0ca7f,18748,Knockraha,Cork
4c07d11e-139f-851d-e053-ca3ca8c0ca7f,18750,Watergrasshill,Cork
4c07d11e-13a0-851d-e053-ca3ca8c0ca7f,18743,Rathcormac,Cork
4c07d11e-13a1-851d-e053-ca3ca8c0ca7f,18743,Rathcormac,Cork
4c07d11e-13a2-851d-e053-ca3ca8c0ca7f,18721,Youghal,Cork
4c07d11e-13a3-851d-e053-ca3ca8c0ca7f,18721,Youghal,Cork
4c07d11e-13a4-851d-e053-ca3ca8c0ca7f,25685,Ardmore,Waterford
4c07d11e-13a5-851d-e053-ca3ca8c0ca7f,18721,Youghal,Cork
4c07d11e-13a7-851d-e053-ca3ca8c0ca7f,25688,Aglish,Waterford
4c07d11e-13a9-851d-e053-ca3ca8c0ca7f,18743,Rathcormac,Cork
4c07d11e-13ab-851d-e053-ca3ca8c0ca7f,18742,Fermoy,Cork
4c07d11e-13ac-851d-e053-ca3ca8c0ca7f,22483,Holycross,Tipperary
4c07d11e-13ad-851d-e053-ca3ca8c0ca7f,23695,Ballingarry,Tipperary
4c07d11e-13ae-851d-e053-ca3ca8c0ca7f,22484,Borrisoleigh,Tipperary
4c07d11e-13af-851d-e053-ca3ca8c0ca7f,22484,Borrisoleigh,Tipperary
4c07d11e-13b0-851d-e053-ca3ca8c0ca7f,22488,Nenagh,Tipperary
4c07d11e-13b1-851d-e053-ca3ca8c0ca7f,12223,Birr,Offaly
4c07d11e-13b2-851d-e053-ca3ca8c0ca7f,12223,Birr,Offaly
4c07d11e-13b4-851d-e053-ca3ca8c0ca7f,06468,Kildare,Kildare
4c07d11e-13b5-851d-e053-ca3ca8c0ca7f,06454,Newbridge,Kildare
4c07d11e-13b6-851d-e053-ca3ca8c0ca7f,06452,Athgarvan,Kildare
4c07d11e-13b7-851d-e053-ca3ca8c0ca7f,06450,Kilcullen,Kildare
4c07d11e-13b8-851d-e053-ca3ca8c0ca7f,06452,Athgarvan,Kildare
4c07d11e-13bb-851d-e053-ca3ca8c0ca7f,06448,Two Mile House,Kildare
4c07d11e-13bc-851d-e053-ca3ca8c0ca7f,18738,Castlelyons,Cork
4c07d11e-13bd-851d-e053-ca3ca8c0ca7f,18752,Glanworth,Cork
4c07d11e-13be-851d-e053-ca3ca8c0ca7f,18742,Fermoy,Cork
4c07d11e-13bf-851d-e053-ca3ca8c0ca7f,18752,Glanworth,Cork
4c07d11e-13c1-851d-e053-ca3ca8c0ca7f,18739,Kilworth,Cork
4c07d11e-13c2-851d-e053-ca3ca8c0ca7f,18739,Kilworth,Cork
4c07d11e-13c3-851d-e053-ca3ca8c0ca7f,18730,Conna,Cork
4c07d11e-13c4-851d-e053-ca3ca8c0ca7f,25692,Tallow,Waterford
4c07d11e-13c5-851d-e053-ca3ca8c0ca7f,25691,Lismore,Waterford
4c07d11e-13c6-851d-e053-ca3ca8c0ca7f,22488,Nenagh,Tipperary
4c07d11e-13c8-851d-e053-ca3ca8c0ca7f,22492,Dromineer,Tipperary
4c07d11e-13ca-851d-e053-ca3ca8c0ca7f,22488,Nenagh,Tipperary
4c07d11e-13cb-851d-e053-ca3ca8c0ca7f,22485,Toomevara,Tipperary
4c07d11e-13cc-851d-e053-ca3ca8c0ca7f,22485,Toomevara,Tipperary
4c07d11e-13cf-851d-e053-ca3ca8c0ca7f,12225,Moneygall,Offaly
4c07d11e-13d0-851d-e053-ca3ca8c0ca7f,22481,Thurles,Tipperary
4c07d11e-13d2-851d-e053-ca3ca8c0ca7f,22482,Templemore,Tipperary
4c07d11e-13d3-851d-e053-ca3ca8c0ca7f,07670,Urlingford,Kilkenny
4c07d11e-13d5-851d-e053-ca3ca8c0ca7f,08179,Errill,Laois
4c07d11e-13d6-851d-e053-ca3ca8c0ca7f,08177,Rathdowney,Laois
4c07d11e-13d7-851d-e053-ca3ca8c0ca7f,08177,Rathdowney,Laois
4c07d11e-13d9-851d-e053-ca3ca8c0ca7f,07656,Ballyhale,Kilkenny
4c07d11e-13da-851d-e053-ca3ca8c0ca7f,07648,Inistioge,Kilkenny
4c07d11e-13db-851d-e053-ca3ca8c0ca7f,07659,Stoneyford,Kilkenny
4c07d11e-13dc-851d-e053-ca3ca8c0ca7f,07661,Kilkenny,Kilkenny
4c07d11e-13dd-851d-e053-ca3ca8c0ca7f,07650,Thomastown,Kilkenny
4c07d11e-13de-851d-e053-ca3ca8c0ca7f,07650,Thomastown,Kilkenny
4c07d11e-13df-851d-e053-ca3ca8c0ca7f,07650,Thomastown,Kilkenny
4c07d11e-13e0-851d-e053-ca3ca8c0ca7f,12223,Birr,Offaly
4c07d11e-13e1-851d-e053-ca3ca8c0ca7f,12223,Birr,Offaly
4c07d11e-13e2-851d-e053-ca3ca8c0ca7f,12218,Kilcormac,Offaly
4c07d11e-13ec-851d-e053-ca3ca8c0ca7f,27301,An Cheathrú Rua,Galway
4c07d11e-13f7-851d-e053-ca3ca8c0ca7f,25691,Lismore,Waterford
4c07d11e-13fa-851d-e053-ca3ca8c0ca7f,07650,Thomastown,Kilkenny
4c07d11e-13fb-851d-e053-ca3ca8c0ca7f,07661,Kilkenny,Kilkenny
4c07d11e-13fc-851d-e053-ca3ca8c0ca7f,14623,New Ross,Wexford
4c07d11e-13fd-851d-e053-ca3ca8c0ca7f,14614,Adamstown,Wexford
4c07d11e-13ff-851d-e053-ca3ca8c0ca7f,27263,Ballinasloe,Galway
4c07d11e-1400-851d-e053-ca3ca8c0ca7f,27263,Ballinasloe,Galway
4c07d11e-1401-851d-e053-ca3ca8c0ca7f,27263,Ballinasloe,Galway
4c07d11e-1403-851d-e053-ca3ca8c0ca7f,27300,Oughterard,Galway
4c07d11e-1406-851d-e053-ca3ca8c0ca7f,16563,Corofin,Clare
4c07d11e-1407-851d-e053-ca3ca8c0ca7f,16560,Crusheen,Clare
4c07d11e-140d-851d-e053-ca3ca8c0ca7f,27279,Gort,Galway
4c07d11e-140e-851d-e053-ca3ca8c0ca7f,27279,Gort,Galway
4c07d11e-1410-851d-e053-ca3ca8c0ca7f,27272,Loughrea,Galway
4c07d11e-1413-851d-e053-ca3ca8c0ca7f,27297,Na Forbacha,Galway
4c07d11e-1414-851d-e053-ca3ca8c0ca7f,27295,Bearna,Galway
4c07d11e-1416-851d-e053-ca3ca8c0ca7f,27295,Bearna,Galway
4c07d11e-1418-851d-e053-ca3ca8c0ca7f,23712,Clogheen,Tipperary
4c07d11e-141d-851d-e053-ca3ca8c0ca7f,25684,Dungarvan,Waterford
4c07d11e-141e-851d-e053-ca3ca8c0ca7f,14607,Killurin,Wexford
4c07d11e-141f-851d-e053-ca3ca8c0ca7f,14615,Clonroche,Wexford
4c07d11e-1421-851d-e053-ca3ca8c0ca7f,14606,Enniscorthy,Wexford
4c07d11e-1422-851d-e053-ca3ca8c0ca7f,14606,Enniscorthy,Wexford
4c07d11e-1423-851d-e053-ca3ca8c0ca7f,27263,Ballinasloe,Galway
4c07d11e-1426-851d-e053-ca3ca8c0ca7f,27263,Ballinasloe,Galway
4c07d11e-1427-851d-e053-ca3ca8c0ca7f,26305,Galway city and suburbs,Galway
4c07d11e-1429-851d-e053-ca3ca8c0ca7f,26305,Galway city and suburbs,Galway
4c07d11e-142a-851d-e053-ca3ca8c0ca7f,26305,Galway city and suburbs,Galway
4c07d11e-142c-851d-e053-ca3ca8c0ca7f,26305,Galway city and suburbs,Galway
4c07d11e-142e-851d-e053-ca3ca8c0ca7f,27296,Maigh Cuilinn,Galway
4c07d11e-142f-851d-e053-ca3ca8c0ca7f,23707,Ardfinnan,Tipperary
4c07d11e-1430-851d-e053-ca3ca8c0ca7f,23707,Ardfinnan,Tipperary
4c07d11e-1432-851d-e053-ca3ca8c0ca7f,23702,Clonmel,Tipperary
4c07d11e-1433-851d-e053-ca3ca8c0ca7f,23702,Clonmel,Tipperary
4c07d11e-1434-851d-e053-ca3ca8c0ca7f,23702,Clonmel,Tipperary
4c07d11e-1435-851d-e053-ca3ca8c0ca7f,23702,Clonmel,Tipperary
4c07d11e-1436-851d-e053-ca3ca8c0ca7f,23702,Clonmel,Tipperary
4c07d11e-1439-851d-e053-ca3ca8c0ca7f,25679,Kilmacthomas,Waterford
4c07d11e-143a-851d-e053-ca3ca8c0ca7f,25679,Kilmacthomas,Waterford
4c07d11e-143d-851d-e053-ca3ca8c0ca7f,07644,Graiguenamanagh-Tinnahinch,Kilkenny
4c07d11e-143e-851d-e053-ca3ca8c0ca7f,07644,Graiguenamanagh-Tinnahinch,Kilkenny
4c07d11e-143f-851d-e053-ca3ca8c0ca7f,07644,Graiguenamanagh-Tinnahinch,Kilkenny
4c07d11e-1443-851d-e053-ca3ca8c0ca7f,27267,Ahascragh,Galway
4c07d11e-1444-851d-e053-ca3ca8c0ca7f,13200,Athlone,Westmeath
4c07d11e-1446-851d-e053-ca3ca8c0ca7f,26305,Galway city and suburbs,Galway
4c07d11e-1447-851d-e053-ca3ca8c0ca7f,26305,Galway city and suburbs,Galway
4c07d11e-1448-851d-e053-ca3ca8c0ca7f,25672,Dunmore East,Waterford
4c07d11e-1449-851d-e053-ca3ca8c0ca7f,25674,Tramore,Waterford
4c07d11e-144a-851d-e053-ca3ca8c0ca7f,25674,Tramore,Waterford
4c07d11e-144e-851d-e053-ca3ca8c0ca7f,07661,Kilkenny,Kilkenny
4c07d11e-1451-851d-e053-ca3ca8c0ca7f,13200,Athlone,Westmeath
4c07d11e-1453-851d-e053-ca3ca8c0ca7f,13200,Athlone,Westmeath
4c07d11e-1454-851d-e053-ca3ca8c0ca7f,13200,Athlone,Westmeath
4c07d11e-1455-851d-e053-ca3ca8c0ca7f,26305,Galway city and suburbs,Galway
4c07d11e-1458-851d-e053-ca3ca8c0ca7f,25677,Portlaw,Waterford
4c07d11e-1459-851d-e053-ca3ca8c0ca7f,23693,Carrick-on-Suir,Tipperary
4c07d11e-145a-851d-e053-ca3ca8c0ca7f,23693,Carrick-on-Suir,Tipperary
4c07d11e-145c-851d-e053-ca3ca8c0ca7f,23693,Carrick-on-Suir,Tipperary
4c07d11e-145d-851d-e053-ca3ca8c0ca7f,23693,Carrick-on-Suir,Tipperary
4c07d11e-145e-851d-e053-ca3ca8c0ca7f,07663,Fiddown,Kilkenny
4c07d11e-145f-851d-e053-ca3ca8c0ca7f,07661,Kilkenny,Kilkenny
4c07d11e-1461-851d-e053-ca3ca8c0ca7f,07666,Ballyragget,Kilkenny
4c07d11e-1462-851d-e053-ca3ca8c0ca7f,07666,Ballyragget,Kilkenny
4c07d11e-1464-851d-e053-ca3ca8c0ca7f,07651,Moneenroe,Kilkenny
4c07d11e-1466-851d-e053-ca3ca8c0ca7f,13200,Athlone,Westmeath
4c07d11e-1467-851d-e053-ca3ca8c0ca7f,13200,Athlone,Westmeath
4c07d11e-1469-851d-e053-ca3ca8c0ca7f,13200,Athlone,Westmeath
4c07d11e-146a-851d-e053-ca3ca8c0ca7f,26305,Galway city and suburbs,Galway
4c07d11e-146b-851d-e053-ca3ca8c0ca7f,26305,Galway city and suburbs,Galway
4c07d11e-146c-851d-e053-ca3ca8c0ca7f,26305,Galway city and suburbs,Galway
4c07d11e-146d-851d-e053-ca3ca8c0ca7f,26305,Galway city and suburbs,Galway
4c07d11e-146e-851d-e053-ca3ca8c0ca7f,26305,Galway city and suburbs,Galway
4c07d11e-146f-851d-e053-ca3ca8c0ca7f,26305,Galway city and suburbs,Galway
4c07d11e-1470-851d-e053-ca3ca8c0ca7f,07663,Fiddown,Kilkenny
4c07d11e-1471-851d-e053-ca3ca8c0ca7f,07664,Piltown,Kilkenny
4c07d11e-1472-851d-e053-ca3ca8c0ca7f,25675,Kilmeaden,Waterford
4c07d11e-1474-851d-e053-ca3ca8c0ca7f,08160,Newtown,Laois
4c07d11e-1476-851d-e053-ca3ca8c0ca7f,01640,Muinebeag (Bagenalstown),Carlow
4c07d11e-1477-851d-e053-ca3ca8c0ca7f,01640,Muinebeag (Bagenalstown),Carlow
4c07d11e-147b-851d-e053-ca3ca8c0ca7f,01642,Ballinabrannagh,Carlow
4c07d11e-147c-851d-e053-ca3ca8c0ca7f,13200,Athlone,Westmeath
4c07d11e-147d-851d-e053-ca3ca8c0ca7f,12219,Ferbane,Offaly
4c07d11e-147e-851d-e053-ca3ca8c0ca7f,12219,Ferbane,Offaly
4c07d11e-147f-851d-e053-ca3ca8c0ca7f,12219,Ferbane,Offaly
4c07d11e-1480-851d-e053-ca3ca8c0ca7f,12215,Ballycumber,Offaly
4c07d11e-1482-851d-e053-ca3ca8c0ca7f,12213,Mucklagh,Offaly
4c07d11e-1483-851d-e053-ca3ca8c0ca7f,26305,Galway city and suburbs,Galway
4c07d11e-1484-851d-e053-ca3ca8c0ca7f,26305,Galway city and suburbs,Galway
4c07d11e-1485-851d-e053-ca3ca8c0ca7f,26305,Galway city and suburbs,Galway
4c07d11e-1488-851d-e053-ca3ca8c0ca7f,27291,Baile Chláir,Galway
4c07d11e-1489-851d-e053-ca3ca8c0ca7f,27291,Baile Chláir,Galway
4c07d11e-148c-851d-e053-ca3ca8c0ca7f,24643,Waterford city and suburbs,Waterford
4c07d11e-148e-851d-e053-ca3ca8c0ca7f,24643,Waterford city and suburbs,Waterford
4c07d11e-1490-851d-e053-ca3ca8c0ca7f,24643,Waterford city and suburbs,Waterford
4c07d11e-1491-851d-e053-ca3ca8c0ca7f,24643,Waterford city and suburbs,Waterford
4c07d11e-1493-851d-e053-ca3ca8c0ca7f,01631,Ballon,Carlow
4c07d11e-1494-851d-e053-ca3ca8c0ca7f,14613,Bunclody,Wexford
4c07d11e-1495-851d-e053-ca3ca8c0ca7f,01628,Kildavin,Carlow
4c07d11e-1496-851d-e053-ca3ca8c0ca7f,01627,Clonegall,Carlow
4c07d11e-1497-851d-e053-ca3ca8c0ca7f,12211,Tullamore,Offaly
4c07d11e-1499-851d-e053-ca3ca8c0ca7f,12214,Clara,Offaly
4c07d11e-149a-851d-e053-ca3ca8c0ca7f,12214,Clara,Offaly
4c07d11e-149b-851d-e053-ca3ca8c0ca7f,12211,Tullamore,Offaly
4c07d11e-149d-851d-e053-ca3ca8c0ca7f,27300,Oughterard,Galway
4c07d11e-149e-851d-e053-ca3ca8c0ca7f,27300,Oughterard,Galway
4c07d11e-14a1-851d-e053-ca3ca8c0ca7f,27294,Headford,Galway
4c07d11e-14a6-851d-e053-ca3ca8c0ca7f,24643,Waterford city and suburbs,Waterford
4c07d11e-14a9-851d-e053-ca3ca8c0ca7f,24643,Waterford city and suburbs,Waterford
4c07d11e-14aa-851d-e053-ca3ca8c0ca7f,24643,Waterford city and suburbs,Waterford
4c07d11e-14ab-851d-e053-ca3ca8c0ca7f,24643,Waterford city and suburbs,Waterford
4c07d11e-14ae-851d-e053-ca3ca8c0ca7f,15394,Shillelagh,Wicklow
4c07d11e-14b0-851d-e053-ca3ca8c0ca7f,01637,Tinryland,Carlow
4c07d11e-14b1-851d-e053-ca3ca8c0ca7f,01639,Carlow,Carlow
4c07d11e-14b4-851d-e053-ca3ca8c0ca7f,13197,Moate,Westmeath
4c07d11e-14b5-851d-e053-ca3ca8c0ca7f,13197,Moate,Westmeath
4c07d11e-14b7-851d-e053-ca3ca8c0ca7f,13197,Moate,Westmeath
4c07d11e-14b8-851d-e053-ca3ca8c0ca7f,13200,Athlone,Westmeath
4c07d11e-14b9-851d-e053-ca3ca8c0ca7f,13200,Athlone,Westmeath
4c07d11e-14c0-851d-e053-ca3ca8c0ca7f,07654,Kilmacow,Kilkenny
4c07d11e-14c1-851d-e053-ca3ca8c0ca7f,07654,Kilmacow,Kilkenny
4c07d11e-14c7-851d-e053-ca3ca8c0ca7f,14604,Kilmore,Wexford
4c07d11e-14c9-851d-e053-ca3ca8c0ca7f,01639,Carlow,Carlow
4c07d11e-14cc-851d-e053-ca3ca8c0ca7f,01639,Carlow,Carlow
4c07d11e-14cd-851d-e053-ca3ca8c0ca7f,01636,Kernanstown,Carlow
4c07d11e-14d0-851d-e053-ca3ca8c0ca7f,06460,Castledermot,Kildare
4c07d11e-14d1-851d-e053-ca3ca8c0ca7f,06460,Castledermot,Kildare
4c07d11e-14d2-851d-e053-ca3ca8c0ca7f,01630,Tullow,Carlow
4c07d11e-14d3-851d-e053-ca3ca8c0ca7f,01630,Tullow,Carlow
4c07d11e-14d4-851d-e053-ca3ca8c0ca7f,01630,Tullow,Carlow
4c07d11e-14d7-851d-e053-ca3ca8c0ca7f,08167,Portlaoise,Laois
4c07d11e-14d9-851d-e053-ca3ca8c0ca7f,08167,Portlaoise,Laois
4c07d11e-14da-851d-e053-ca3ca8c0ca7f,08167,Portlaoise,Laois
4c07d11e-14db-851d-e053-ca3ca8c0ca7f,08167,Portlaoise,Laois
4c07d11e-14dd-851d-e053-ca3ca8c0ca7f,27276,Craughwell,Galway
4c07d11e-14df-851d-e053-ca3ca8c0ca7f,27277,Athenry,Galway
4c07d11e-14e0-851d-e053-ca3ca8c0ca7f,27277,Athenry,Galway
4c07d11e-14e2-851d-e053-ca3ca8c0ca7f,25671,Passage East,Waterford
4c07d11e-14e5-851d-e053-ca3ca8c0ca7f,25673,Cheekpoint,Waterford
4c07d11e-14e6-851d-e053-ca3ca8c0ca7f,14620,Ballycullane,Wexford
4c07d11e-14e8-851d-e053-ca3ca8c0ca7f,14622,Campile,Wexford
4c07d11e-14e9-851d-e053-ca3ca8c0ca7f,14616,Carrig on Bannow,Wexford
4c07d11e-14eb-851d-e053-ca3ca8c0ca7f,01630,Tullow,Carlow
4c07d11e-14ec-851d-e053-ca3ca8c0ca7f,01629,Rathvilly,Carlow
4c07d11e-14ed-851d-e053-ca3ca8c0ca7f,01626,Hacketstown,Carlow
4c07d11e-14ee-851d-e053-ca3ca8c0ca7f,22491,Puckaun,Tipperary
4c07d11e-14ef-851d-e053-ca3ca8c0ca7f,22487,Borrisokane,Tipperary
4c07d11e-14f0-851d-e053-ca3ca8c0ca7f,22486,Cloughjordan,Tipperary
4c07d11e-14f1-851d-e053-ca3ca8c0ca7f,12224,Shinrone,Offaly
4c07d11e-14f3-851d-e053-ca3ca8c0ca7f,06472,Athy,Kildare
4c07d11e-14f4-851d-e053-ca3ca8c0ca7f,08162,Stradbally,Laois
4c07d11e-14f5-851d-e053-ca3ca8c0ca7f,08162,Stradbally,Laois
4c07d11e-14f6-851d-e053-ca3ca8c0ca7f,08162,Stradbally,Laois
4c07d11e-14f7-851d-e053-ca3ca8c0ca7f,08165,Portarlington,Laois
4c07d11e-14fb-851d-e053-ca3ca8c0ca7f,18745,Myrtleville,Cork
4c07d11e-14fc-851d-e053-ca3ca8c0ca7f,18745,Myrtleville,Cork
4c07d11e-14fd-851d-e053-ca3ca8c0ca7f,18753,Carrigaline,Cork
4c07d11e-14fe-851d-e053-ca3ca8c0ca7f,18745,Myrtleville,Cork
4c07d11e-1500-851d-e053-ca3ca8c0ca7f,18744,Crosshaven,Cork
4c07d11e-1503-851d-e053-ca3ca8c0ca7f,18747,Ringaskiddy-Loughbeg,Cork
4c07d11e-1506-851d-e053-ca3ca8c0ca7f,14617,Clongeen,Wexford
4c07d11e-1507-851d-e053-ca3ca8c0ca7f,14612,Taghmon,Wexford
4c07d11e-150c-851d-e053-ca3ca8c0ca7f,14598,Piercetown,Wexford
4c07d11e-1511-851d-e053-ca3ca8c0ca7f,14587,Rosslare Harbour,Wexford
4c07d11e-1512-851d-e053-ca3ca8c0ca7f,14591,Rosslare,Wexford
4c07d11e-1513-851d-e053-ca3ca8c0ca7f,14590,Tagoat,Wexford
4c07d11e-1515-851d-e053-ca3ca8c0ca7f,27264,Portumna,Galway
4c07d11e-1516-851d-e053-ca3ca8c0ca7f,27264,Portumna,Galway
4c07d11e-1519-851d-e053-ca3ca8c0ca7f,12223,Birr,Offaly
4c07d11e-151a-851d-e053-ca3ca8c0ca7f,27262,Eyrecourt,Galway
4c07d11e-151b-851d-e053-ca3ca8c0ca7f,12226,Banagher,Offaly
4c07d11e-151c-851d-e053-ca3ca8c0ca7f,08163,Killenard,Laois
4c07d11e-151d-851d-e053-ca3ca8c0ca7f,06476,Monasterevin,Kildare
4c07d11e-151e-851d-e053-ca3ca8c0ca7f,06474,Kildangan,Kildare
4c07d11e-1520-851d-e053-ca3ca8c0ca7f,18749,Passage West-Monkstown,Cork
4c07d11e-1521-851d-e053-ca3ca8c0ca7f,18749,Passage West-Monkstown,Cork
4c07d11e-1522-851d-e053-ca3ca8c0ca7f,18736,Whitegate,Cork
4c07d11e-1523-851d-e053-ca3ca8c0ca7f,18734,Aghada-Rostellan,Cork
4c07d11e-1524-851d-e053-ca3ca8c0ca7f,18734,Aghada-Rostellan,Cork
4c07d11e-1529-851d-e053-ca3ca8c0ca7f,17364,Cork city and suburbs,Cork
4c07d11e-152a-851d-e053-ca3ca8c0ca7f,17364,Cork city and suburbs,Cork
4c07d11e-1530-851d-e053-ca3ca8c0ca7f,14603,Barntown,Wexford
4c07d11e-1538-851d-e053-ca3ca8c0ca7f,23714,Bansha,Tipperary
4c07d11e-1539-851d-e053-ca3ca8c0ca7f,23718,Cappawhite,Tipperary
4c07d11e-153a-851d-e053-ca3ca8c0ca7f,12226,Banagher,Offaly
4c07d11e-153b-851d-e053-ca3ca8c0ca7f,12226,Banagher,Offaly
4c07d11e-153c-851d-e053-ca3ca8c0ca7f,12226,Banagher,Offaly
4c07d11e-1540-851d-e053-ca3ca8c0ca7f,08165,Portarlington,Laois
4c07d11e-1541-851d-e053-ca3ca8c0ca7f,17364,Cork city and suburbs,Cork
4c07d11e-1543-851d-e053-ca3ca8c0ca7f,21498,Doon,Limerick
4c07d11e-1544-851d-e053-ca3ca8c0ca7f,23713,Dundrum,Tipperary
4c07d11e-1545-851d-e053-ca3ca8c0ca7f,23710,Cahir,Tipperary
4c07d11e-1546-851d-e053-ca3ca8c0ca7f,23704,Ballyclerahan,Tipperary
4c07d11e-1548-851d-e053-ca3ca8c0ca7f,12224,Shinrone,Offaly
4c07d11e-1549-851d-e053-ca3ca8c0ca7f,22480,Roscrea,Tipperary
4c07d11e-154a-851d-e053-ca3ca8c0ca7f,08178,Borris-In-Ossory,Laois
4c07d11e-154b-851d-e053-ca3ca8c0ca7f,08178,Borris-In-Ossory,Laois
4c07d11e-154e-851d-e053-ca3ca8c0ca7f,08165,Portarlington,Laois
4c07d11e-154f-851d-e053-ca3ca8c0ca7f,08165,Portarlington,Laois
4c07d11e-1550-851d-e053-ca3ca8c0ca7f,08165,Portarlington,Laois
4c07d11e-1552-851d-e053-ca3ca8c0ca7f,06476,Monasterevin,Kildare
4c07d11e-1553-851d-e053-ca3ca8c0ca7f,06472,Athy,Kildare
4c07d11e-1554-851d-e053-ca3ca8c0ca7f,06467,Kilmead,Kildare
4c07d11e-1555-851d-e053-ca3ca8c0ca7f,18741,Carrigtwohill,Cork
4c07d11e-1556-851d-e053-ca3ca8c0ca7f,17364,Cork city and suburbs,Cork
4c07d11e-1557-851d-e053-ca3ca8c0ca7f,18733,Midleton,Cork
4c07d11e-1558-851d-e053-ca3ca8c0ca7f,18733,Midleton,Cork
4c07d11e-1559-851d-e053-ca3ca8c0ca7f,18733,Midleton,Cork
4c07d11e-155b-851d-e053-ca3ca8c0ca7f,18724,Ballycotton,Cork
4c07d11e-155c-851d-e053-ca3ca8c0ca7f,18726,Ladysbridge,Cork
4c07d11e-155e-851d-e053-ca3ca8c0ca7f,23708,Cashel,Tipperary
4c07d11e-155f-851d-e053-ca3ca8c0ca7f,23702,Clonmel,Tipperary
4c07d11e-1563-851d-e053-ca3ca8c0ca7f,29321,Ballina,Mayo
4c07d11e-1564-851d-e053-ca3ca8c0ca7f,29321,Ballina,Mayo
4c07d11e-1565-851d-e053-ca3ca8c0ca7f,11416,Navan,Meath
4c07d11e-1566-851d-e053-ca3ca8c0ca7f,11416,Navan,Meath
4c07d11e-1567-851d-e053-ca3ca8c0ca7f,11416,Navan,Meath
4c07d11e-1569-851d-e053-ca3ca8c0ca7f,33118,Ardara,Donegal
4c07d11e-156a-851d-e053-ca3ca8c0ca7f,33118,Ardara,Donegal
4c07d11e-156b-851d-e053-ca3ca8c0ca7f,33119,Ailt An Chorráin,Donegal
4c07d11e-156d-851d-e053-ca3ca8c0ca7f,09230,Edgeworthstown,Longford
4c07d11e-156f-851d-e053-ca3ca8c0ca7f,13188,Mullingar,Westmeath
4c07d11e-1570-851d-e053-ca3ca8c0ca7f,11416,Navan,Meath
4c07d11e-1571-851d-e053-ca3ca8c0ca7f,11416,Navan,Meath
4c07d11e-1572-851d-e053-ca3ca8c0ca7f,11416,Navan,Meath
4c07d11e-1573-851d-e053-ca3ca8c0ca7f,27266,Ballygar,Galway
4c07d11e-1575-851d-e053-ca3ca8c0ca7f,30244,Strokestown,Roscommon
4c07d11e-1576-851d-e053-ca3ca8c0ca7f,30244,Strokestown,Roscommon
4c07d11e-1577-851d-e053-ca3ca8c0ca7f,30252,Boyle,Roscommon
4c07d11e-1578-851d-e053-ca3ca8c0ca7f,30252,Boyle,Roscommon
4c07d11e-1579-851d-e053-ca3ca8c0ca7f,13188,Mullingar,Westmeath
4c07d11e-157a-851d-e053-ca3ca8c0ca7f,13184,Killucan-Rathwire,Westmeath
4c07d11e-157b-851d-e053-ca3ca8c0ca7f,13184,Killucan-Rathwire,Westmeath
4c07d11e-157c-851d-e053-ca3ca8c0ca7f,29321,Ballina,Mayo
4c07d11e-157d-851d-e053-ca3ca8c0ca7f,29321,Ballina,Mayo
4c07d11e-157e-851d-e053-ca3ca8c0ca7f,30247,Roscommon,Roscommon
4c07d11e-157f-851d-e053-ca3ca8c0ca7f,30247,Roscommon,Roscommon
4c07d11e-1580-851d-e053-ca3ca8c0ca7f,30252,Boyle,Roscommon
4c07d11e-1581-851d-e053-ca3ca8c0ca7f,30252,Boyle,Roscommon
4c07d11e-1582-851d-e053-ca3ca8c0ca7f,30252,Boyle,Roscommon
4c07d11e-1584-851d-e053-ca3ca8c0ca7f,13186,Castlepollard,Westmeath
4c07d11e-1585-851d-e053-ca3ca8c0ca7f,13186,Castlepollard,Westmeath
4c07d11e-1586-851d-e053-ca3ca8c0ca7f,29321,Ballina,Mayo
4c07d11e-1587-851d-e053-ca3ca8c0ca7f,29321,Ballina,Mayo
4c07d11e-1588-851d-e053-ca3ca8c0ca7f,30247,Roscommon,Roscommon
4c07d11e-1589-851d-e053-ca3ca8c0ca7f,30247,Roscommon,Roscommon
4c07d11e-158a-851d-e053-ca3ca8c0ca7f,30252,Boyle,Roscommon
4c07d11e-158b-851d-e053-ca3ca8c0ca7f,30252,Boyle,Roscommon
4c07d11e-158d-851d-e053-ca3ca8c0ca7f,13180,Clonmellon,Westmeath
4c07d11e-158e-851d-e053-ca3ca8c0ca7f,11432,Oldcastle,Meath
4c07d11e-158f-851d-e053-ca3ca8c0ca7f,29321,Ballina,Mayo
4c07d11e-1590-851d-e053-ca3ca8c0ca7f,29321,Ballina,Mayo
4c07d11e-1592-851d-e053-ca3ca8c0ca7f,31158,Enniscrone,Sligo
4c07d11e-1593-851d-e053-ca3ca8c0ca7f,30247,Roscommon,Roscommon
4c07d11e-1594-851d-e053-ca3ca8c0ca7f,30247,Roscommon,Roscommon
4c07d11e-1595-851d-e053-ca3ca8c0ca7f,28132,Carrick-On-Shannon,Leitrim
4c07d11e-1596-851d-e053-ca3ca8c0ca7f,28132,Carrick-On-Shannon,Leitrim
4c07d11e-1597-851d-e053-ca3ca8c0ca7f,11432,Oldcastle,Meath
4c07d11e-1598-851d-e053-ca3ca8c0ca7f,11429,Ballivor,Meath
4c07d11e-1599-851d-e053-ca3ca8c0ca7f,31158,Enniscrone,Sligo
4c07d11e-159a-851d-e053-ca3ca8c0ca7f,31148,Ballymote,Sligo
4c07d11e-159b-851d-e053-ca3ca8c0ca7f,30247,Roscommon,Roscommon
4c07d11e-159c-851d-e053-ca3ca8c0ca7f,30247,Roscommon,Roscommon
4c07d11e-159e-851d-e053-ca3ca8c0ca7f,28132,Carrick-On-Shannon,Leitrim
4c07d11e-159f-851d-e053-ca3ca8c0ca7f,11420,Trim,Meath
4c07d11e-15a1-851d-e053-ca3ca8c0ca7f,11420,Trim,Meath
4c07d11e-15a2-851d-e053-ca3ca8c0ca7f,31148,Ballymote,Sligo
4c07d11e-15a3-851d-e053-ca3ca8c0ca7f,31154,Coolaney,Sligo
4c07d11e-15a4-851d-e053-ca3ca8c0ca7f,30247,Roscommon,Roscommon
4c07d11e-15a5-851d-e053-ca3ca8c0ca7f,30247,Roscommon,Roscommon
4c07d11e-15a6-851d-e053-ca3ca8c0ca7f,28132,Carrick-On-Shannon,Leitrim
4c07d11e-15a8-851d-e053-ca3ca8c0ca7f,11420,Trim,Meath
4c07d11e-15a9-851d-e053-ca3ca8c0ca7f,11420,Trim,Meath
4c07d11e-15aa-851d-e053-ca3ca8c0ca7f,31154,Coolaney,Sligo
4c07d11e-15ab-851d-e053-ca3ca8c0ca7f,31154,Coolaney,Sligo
4c07d11e-15ac-851d-e053-ca3ca8c0ca7f,30247,Roscommon,Roscommon
4c07d11e-15ae-851d-e053-ca3ca8c0ca7f,09239,Lanesborough-Ballyleague,Longford
4c07d11e-15af-851d-e053-ca3ca8c0ca7f,28131,Leitrim,Leitrim
4c07d11e-15b2-851d-e053-ca3ca8c0ca7f,28130,Drumshanbo,Leitrim
4c07d11e-15b3-851d-e053-ca3ca8c0ca7f,11420,Trim,Meath
4c07d11e-15b4-851d-e053-ca3ca8c0ca7f,11420,Trim,Meath
4c07d11e-15b5-851d-e053-ca3ca8c0ca7f,11427,Athboy,Meath
4c07d11e-15b6-851d-e053-ca3ca8c0ca7f,31144,Collooney,Sligo
4c07d11e-15b7-851d-e053-ca3ca8c0ca7f,31144,Collooney,Sligo
4c07d11e-15b8-851d-e053-ca3ca8c0ca7f,09239,Lanesborough-Ballyleague,Longford
4c07d11e-15b9-851d-e053-ca3ca8c0ca7f,09239,Lanesborough-Ballyleague,Longford
4c07d11e-15ba-851d-e053-ca3ca8c0ca7f,28130,Drumshanbo,Leitrim
4c07d11e-15bb-851d-e053-ca3ca8c0ca7f,28130,Drumshanbo,Leitrim
4c07d11e-15bc-851d-e053-ca3ca8c0ca7f,09234,Drumlish,Longford
4c07d11e-15bd-851d-e053-ca3ca8c0ca7f,11427,Athboy,Meath
4c07d11e-15be-851d-e053-ca3ca8c0ca7f,11427,Athboy,Meath
4c07d11e-15bf-851d-e053-ca3ca8c0ca7f,11420,Trim,Meath
4c07d11e-15c0-851d-e053-ca3ca8c0ca7f,11420,Trim,Meath
4c07d11e-15c1-851d-e053-ca3ca8c0ca7f,31146,Ballysadare,Sligo
4c07d11e-15c4-851d-e053-ca3ca8c0ca7f,09233,Ballymahon,Longford
4c07d11e-15c6-851d-e053-ca3ca8c0ca7f,09233,Ballymahon,Longford
4c07d11e-15c7-851d-e053-ca3ca8c0ca7f,09235,Longford,Longford
4c07d11e-15c9-851d-e053-ca3ca8c0ca7f,28126,Mohill,Leitrim
4c07d11e-15ca-851d-e053-ca3ca8c0ca7f,09232,Ballinalee,Longford
4c07d11e-15cb-851d-e053-ca3ca8c0ca7f,09228,Granard,Longford
4c07d11e-15cc-851d-e053-ca3ca8c0ca7f,28126,Mohill,Leitrim
4c07d11e-15cd-851d-e053-ca3ca8c0ca7f,28125,Ballinamore,Leitrim
4c07d11e-15ce-851d-e053-ca3ca8c0ca7f,28125,Ballinamore,Leitrim
4c07d11e-15cf-851d-e053-ca3ca8c0ca7f,11420,Trim,Meath
4c07d11e-15d0-851d-e053-ca3ca8c0ca7f,11411,Dunshaughlin,Meath
4c07d11e-15d1-851d-e053-ca3ca8c0ca7f,11411,Dunshaughlin,Meath
4c07d11e-15d3-851d-e053-ca3ca8c0ca7f,31146,Ballysadare,Sligo
4c07d11e-15d4-851d-e053-ca3ca8c0ca7f,09235,Longford,Longford
4c07d11e-15d5-851d-e053-ca3ca8c0ca7f,32054,Killeshandra,Cavan
4c07d11e-15d7-851d-e053-ca3ca8c0ca7f,11411,Dunshaughlin,Meath
4c07d11e-15d8-851d-e053-ca3ca8c0ca7f,11414,Kilmessan,Meath
4c07d11e-15da-851d-e053-ca3ca8c0ca7f,31143,Sligo,Sligo
4c07d11e-15db-851d-e053-ca3ca8c0ca7f,09235,Longford,Longford
4c07d11e-15dc-851d-e053-ca3ca8c0ca7f,09237,Newtownforbes,Longford
4c07d11e-15dd-851d-e053-ca3ca8c0ca7f,13188,Mullingar,Westmeath
4c07d11e-15e0-851d-e053-ca3ca8c0ca7f,11417,Robinstown,Meath
4c07d11e-15e1-851d-e053-ca3ca8c0ca7f,11425,Kells,Meath
4c07d11e-15e2-851d-e053-ca3ca8c0ca7f,31143,Sligo,Sligo
4c07d11e-15e3-851d-e053-ca3ca8c0ca7f,31143,Sligo,Sligo
4c07d11e-15e4-851d-e053-ca3ca8c0ca7f,31143,Sligo,Sligo
4c07d11e-15e5-851d-e053-ca3ca8c0ca7f,09237,Newtownforbes,Longford
4c07d11e-15e6-851d-e053-ca3ca8c0ca7f,09235,Longford,Longford
4c07d11e-15e7-851d-e053-ca3ca8c0ca7f,09235,Longford,Longford
4c07d11e-15e8-851d-e053-ca3ca8c0ca7f,13188,Mullingar,Westmeath
4c07d11e-15e9-851d-e053-ca3ca8c0ca7f,13188,Mullingar,Westmeath
4c07d11e-15ea-851d-e053-ca3ca8c0ca7f,13188,Mullingar,Westmeath
4c07d11e-15eb-851d-e053-ca3ca8c0ca7f,13188,Mullingar,Westmeath
4c07d11e-15ec-851d-e053-ca3ca8c0ca7f,13188,Mullingar,Westmeath
4c07d11e-15ed-851d-e053-ca3ca8c0ca7f,11425,Kells,Meath
4c07d11e-15ee-851d-e053-ca3ca8c0ca7f,11425,Kells,Meath
4c07d11e-15ef-851d-e053-ca3ca8c0ca7f,31143,Sligo,Sligo
4c07d11e-15f0-851d-e053-ca3ca8c0ca7f,31153,Strandhill,Sligo
4c07d11e-15f1-851d-e053-ca3ca8c0ca7f,31151,Rosses Point,Sligo
4c07d11e-15f2-851d-e053-ca3ca8c0ca7f,31151,Rosses Point,Sligo
4c07d11e-15f3-851d-e053-ca3ca8c0ca7f,31143,Sligo,Sligo
4c07d11e-15f4-851d-e053-ca3ca8c0ca7f,31143,Sligo,Sligo
4c07d11e-15f5-851d-e053-ca3ca8c0ca7f,09235,Longford,Longford
4c07d11e-15f6-851d-e053-ca3ca8c0ca7f,09235,Longford,Longford
4c07d11e-15f7-851d-e053-ca3ca8c0ca7f,13188,Mullingar,Westmeath
4c07d11e-15f8-851d-e053-ca3ca8c0ca7f,13188,Mullingar,Westmeath
4c07d11e-15f9-851d-e053-ca3ca8c0ca7f,11425,Kells,Meath
4c07d11e-15fa-851d-e053-ca3ca8c0ca7f,11416,Navan,Meath
4c07d11e-15fb-851d-e053-ca3ca8c0ca7f,11416,Navan,Meath
4c07d11e-15fc-851d-e053-ca3ca8c0ca7f,31143,Sligo,Sligo
4c07d11e-15fe-851d-e053-ca3ca8c0ca7f,31143,Sligo,Sligo
4c07d11e-15ff-851d-e053-ca3ca8c0ca7f,09235,Longford,Longford
4c07d11e-1600-851d-e053-ca3ca8c0ca7f,09235,Longford,Longford
4c07d11e-1601-851d-e053-ca3ca8c0ca7f,13188,Mullingar,Westmeath
4c07d11e-1602-851d-e053-ca3ca8c0ca7f,13188,Mullingar,Westmeath
4c07d11e-1603-851d-e053-ca3ca8c0ca7f,13188,Mullingar,Westmeath
4c07d11e-1604-851d-e053-ca3ca8c0ca7f,13188,Mullingar,Westmeath
4c07d11e-1605-851d-e053-ca3ca8c0ca7f,11416,Navan,Meath
4c07d11e-1606-851d-e053-ca3ca8c0ca7f,11416,Navan,Meath
4c07d11e-1607-851d-e053-ca3ca8c0ca7f,11416,Navan,Meath
4c07d11e-1609-851d-e053-ca3ca8c0ca7f,33120,Killybegs,Donegal
4c07d11e-160a-851d-e053-ca3ca8c0ca7f,33120,Killybegs,Donegal
4c07d11e-160b-851d-e053-ca3ca8c0ca7f,09235,Longford,Longford
4c07d11e-160c-851d-e053-ca3ca8c0ca7f,09235,Longford,Longford
4c07d11e-160d-851d-e053-ca3ca8c0ca7f,13188,Mullingar,Westmeath
4c07d11e-160e-851d-e053-ca3ca8c0ca7f,13188,Mullingar,Westmeath
4c07d11e-160f-851d-e053-ca3ca8c0ca7f,02341,Dublin city and suburbs,Dublin
4c07d11e-1611-851d-e053-ca3ca8c0ca7f,02341,Dublin city and suburbs,Dublin
4c07d11e-1612-851d-e053-ca3ca8c0ca7f,02341,Dublin city and suburbs,Dublin
4c07d11e-1613-851d-e053-ca3ca8c0ca7f,02341,Dublin city and suburbs,Dublin
4c07d11e-1614-851d-e053-ca3ca8c0ca7f,02341,Dublin city and suburbs,Dublin
4c07d11e-1615-851d-e053-ca3ca8c0ca7f,02341,Dublin city and suburbs,Dublin
4c07d11e-1616-851d-e053-ca3ca8c0ca7f,02341,Dublin city and suburbs,Dublin
4c07d11e-1617-851d-e053-ca3ca8c0ca7f,02341,Dublin city and suburbs,Dublin
4c07d11e-1618-851d-e053-ca3ca8c0ca7f,02341,Dublin city and suburbs,Dublin
4c07d11e-1619-851d-e053-ca3ca8c0ca7f,02341,Dublin city and suburbs,Dublin
4c07d11e-161a-851d-e053-ca3ca8c0ca7f,02341,Dublin city and suburbs,Dublin
4c07d11e-161b-851d-e053-ca3ca8c0ca7f,02341,Dublin city and suburbs,Dublin
4c07d11e-161c-851d-e053-ca3ca8c0ca7f,02341,Dublin city and suburbs,Dublin
4c07d11e-161d-851d-e053-ca3ca8c0ca7f,02341,Dublin city and suburbs,Dublin
4c07d11e-161e-851d-e053-ca3ca8c0ca7f,06433,Leixlip,Kildare
4c07d11e-161f-851d-e053-ca3ca8c0ca7f,02341,Dublin city and suburbs,Dublin
4c07d11e-1620-851d-e053-ca3ca8c0ca7f,02341,Dublin city and suburbs,Dublin
4c07d11e-1621-851d-e053-ca3ca8c0ca7f,02341,Dublin city and suburbs,Dublin
4c07d11e-1622-851d-e053-ca3ca8c0ca7f,02341,Dublin city and suburbs,Dublin
4c07d11e-1623-851d-e053-ca3ca8c0ca7f,02341,Dublin city and suburbs,Dublin
4c07d11e-1624-851d-e053-ca3ca8c0ca7f,02341,Dublin city and suburbs,Dublin
4c07d11e-1625-851d-e053-ca3ca8c0ca7f,02341,Dublin city and suburbs,Dublin
4c07d11e-1626-851d-e053-ca3ca8c0ca7f,02341,Dublin city and suburbs,Dublin
4c07d11e-1627-851d-e053-ca3ca8c0ca7f,02341,Dublin city and suburbs,Dublin
4c07d11e-1628-851d-e053-ca3ca8c0ca7f,02341,Dublin city and suburbs,Dublin
4c07d11e-1629-851d-e053-ca3ca8c0ca7f,06433,Leixlip,Kildare
4c07d11e-162a-851d-e053-ca3ca8c0ca7f,06433,Leixlip,Kildare
4c07d11e-162b-851d-e053-ca3ca8c0ca7f,02341,Dublin city and suburbs,Dublin
4c07d11e-162c-851d-e053-ca3ca8c0ca7f,02341,Dublin city and suburbs,Dublin
4c07d11e-162d-851d-e053-ca3ca8c0ca7f,02341,Dublin city and suburbs,Dublin
4c07d11e-162e-851d-e053-ca3ca8c0ca7f,02341,Dublin city and suburbs,Dublin
4c07d11e-162f-851d-e053-ca3ca8c0ca7f,02341,Dublin city and suburbs,Dublin
4c07d11e-1630-851d-e053-ca3ca8c0ca7f,02341,Dublin city and suburbs,Dublin
4c07d11e-1631-851d-e053-ca3ca8c0ca7f,02341,Dublin city and suburbs,Dublin
4c07d11e-1632-851d-e053-ca3ca8c0ca7f,02341,Dublin city and suburbs,Dublin
4c07d11e-1633-851d-e053-ca3ca8c0ca7f,02341,Dublin city and suburbs,Dublin
4c07d11e-1634-851d-e053-ca3ca8c0ca7f,02341,Dublin city and suburbs,Dublin
4c07d11e-1635-851d-e053-ca3ca8c0ca7f,02341,Dublin city and suburbs,Dublin
4c07d11e-1636-851d-e053-ca3ca8c0ca7f,02341,Dublin city and suburbs,Dublin
4c07d11e-1638-851d-e053-ca3ca8c0ca7f,02341,Dublin city and suburbs,Dublin
4c07d11e-163a-851d-e053-ca3ca8c0ca7f,02341,Dublin city and suburbs,Dublin
4c07d11e-163b-851d-e053-ca3ca8c0ca7f,02341,Dublin city and suburbs,Dublin
4c07d11e-163c-851d-e053-ca3ca8c0ca7f,02341,Dublin city and suburbs,Dublin
4c07d11e-163d-851d-e053-ca3ca8c0ca7f,02341,Dublin city and suburbs,Dublin
4c07d11e-163e-851d-e053-ca3ca8c0ca7f,02341,Dublin city and suburbs,Dublin
4c07d11e-163f-851d-e053-ca3ca8c0ca7f,02341,Dublin city and suburbs,Dublin
4c07d11e-1640-851d-e053-ca3ca8c0ca7f,02341,Dublin city and suburbs,Dublin
4c07d11e-1641-851d-e053-ca3ca8c0ca7f,02341,Dublin city and suburbs,Dublin
4c07d11e-1642-851d-e053-ca3ca8c0ca7f,11409,Dunboyne,Meath
4c07d11e-1643-851d-e053-ca3ca8c0ca7f,11409,Dunboyne,Meath
4c07d11e-1644-851d-e053-ca3ca8c0ca7f,02341,Dublin city and suburbs,Dublin
4c07d11e-1645-851d-e053-ca3ca8c0ca7f,02341,Dublin city and suburbs,Dublin
4c07d11e-1646-851d-e053-ca3ca8c0ca7f,02341,Dublin city and suburbs,Dublin
4c07d11e-1647-851d-e053-ca3ca8c0ca7f,15376,Bray,Wicklow
4c07d11e-1648-851d-e053-ca3ca8c0ca7f,15376,Bray,Wicklow
4c07d11e-1649-851d-e053-ca3ca8c0ca7f,02341,Dublin city and suburbs,Dublin
4c07d11e-164a-851d-e053-ca3ca8c0ca7f,02341,Dublin city and suburbs,Dublin
4c07d11e-164b-851d-e053-ca3ca8c0ca7f,02341,Dublin city and suburbs,Dublin
4c07d11e-164c-851d-e053-ca3ca8c0ca7f,02341,Dublin city and suburbs,Dublin
4c07d11e-164d-851d-e053-ca3ca8c0ca7f,02341,Dublin city and suburbs,Dublin
4c07d11e-164f-851d-e053-ca3ca8c0ca7f,02341,Dublin city and suburbs,Dublin
4c07d11e-1650-851d-e053-ca3ca8c0ca7f,02341,Dublin city and suburbs,Dublin
4c07d11e-1651-851d-e053-ca3ca8c0ca7f,02341,Dublin city and suburbs,Dublin
4c07d11e-1652-851d-e053-ca3ca8c0ca7f,02341,Dublin city and suburbs,Dublin
4c07d11e-1653-851d-e053-ca3ca8c0ca7f,02341,Dublin city and suburbs,Dublin
4c07d11e-1654-851d-e053-ca3ca8c0ca7f,02341,Dublin city and suburbs,Dublin
4c07d11e-1655-851d-e053-ca3ca8c0ca7f,02341,Dublin city and suburbs,Dublin
4c07d11e-1656-851d-e053-ca3ca8c0ca7f,02341,Dublin city and suburbs,Dublin
4c07d11e-1657-851d-e053-ca3ca8c0ca7f,02341,Dublin city and suburbs,Dublin
4c07d11e-1658-851d-e053-ca3ca8c0ca7f,02341,Dublin city and suburbs,Dublin
4c07d11e-1659-851d-e053-ca3ca8c0ca7f,02341,Dublin city and suburbs,Dublin
4c07d11e-165a-851d-e053-ca3ca8c0ca7f,02341,Dublin city and suburbs,Dublin
4c07d11e-165b-851d-e053-ca3ca8c0ca7f,02341,Dublin city and suburbs,Dublin
4c07d11e-165c-851d-e053-ca3ca8c0ca7f,02341,Dublin city and suburbs,Dublin
4c07d11e-165d-851d-e053-ca3ca8c0ca7f,02341,Dublin city and suburbs,Dublin
4c07d11e-165e-851d-e053-ca3ca8c0ca7f,02341,Dublin city and suburbs,Dublin
4c07d11e-165f-851d-e053-ca3ca8c0ca7f,02341,Dublin city and suburbs,Dublin
4c07d11e-1660-851d-e053-ca3ca8c0ca7f,02341,Dublin city and suburbs,Dublin
4c07d11e-1661-851d-e053-ca3ca8c0ca7f,02341,Dublin city and suburbs,Dublin
4c07d11e-1662-851d-e053-ca3ca8c0ca7f,02341,Dublin city and suburbs,Dublin
4c07d11e-1663-851d-e053-ca3ca8c0ca7f,02341,Dublin city and suburbs,Dublin
4c07d11e-1664-851d-e053-ca3ca8c0ca7f,02341,Dublin city and suburbs,Dublin
4c07d11e-1665-851d-e053-ca3ca8c0ca7f,02341,Dublin city and suburbs,Dublin
4c07d11e-1666-851d-e053-ca3ca8c0ca7f,02341,Dublin city and suburbs,Dublin
4c07d11e-1667-851d-e053-ca3ca8c0ca7f,02341,Dublin city and suburbs,Dublin
4c07d11e-1668-851d-e053-ca3ca8c0ca7f,02341,Dublin city and suburbs,Dublin
4c07d11e-1669-851d-e053-ca3ca8c0ca7f,02341,Dublin city and suburbs,Dublin
4c07d11e-166a-851d-e053-ca3ca8c0ca7f,02341,Dublin city and suburbs,Dublin
4c07d11e-166b-851d-e053-ca3ca8c0ca7f,02341,Dublin city and suburbs,Dublin
4c07d11e-166c-851d-e053-ca3ca8c0ca7f,02341,Dublin city and suburbs,Dublin
4c07d11e-166d-851d-e053-ca3ca8c0ca7f,02341,Dublin city and suburbs,Dublin
4c07d11e-166e-851d-e053-ca3ca8c0ca7f,02341,Dublin city and suburbs,Dublin
4c07d11e-166f-851d-e053-ca3ca8c0ca7f,02341,Dublin city and suburbs,Dublin
4c07d11e-1670-851d-e053-ca3ca8c0ca7f,02341,Dublin city and suburbs,Dublin
4c07d11e-1671-851d-e053-ca3ca8c0ca7f,02341,Dublin city and suburbs,Dublin
4c07d11e-1672-851d-e053-ca3ca8c0ca7f,02341,Dublin city and suburbs,Dublin
4c07d11e-1673-851d-e053-ca3ca8c0ca7f,02341,Dublin city and suburbs,Dublin
4c07d11e-1674-851d-e053-ca3ca8c0ca7f,02341,Dublin city and suburbs,Dublin
4c07d11e-1675-851d-e053-ca3ca8c0ca7f,02341,Dublin city and suburbs,Dublin
4c07d11e-1676-851d-e053-ca3ca8c0ca7f,02341,Dublin city and suburbs,Dublin
4c07d11e-1677-851d-e053-ca3ca8c0ca7f,02341,Dublin city and suburbs,Dublin
4c07d11e-1678-851d-e053-ca3ca8c0ca7f,02341,Dublin city and suburbs,Dublin
4c07d11e-1679-851d-e053-ca3ca8c0ca7f,02341,Dublin city and suburbs,Dublin
4c07d11e-167a-851d-e053-ca3ca8c0ca7f,02341,Dublin city and suburbs,Dublin
4c07d11e-167b-851d-e053-ca3ca8c0ca7f,02341,Dublin city and suburbs,Dublin
4c07d11e-167c-851d-e053-ca3ca8c0ca7f,02341,Dublin city and suburbs,Dublin
4c07d11e-167d-851d-e053-ca3ca8c0ca7f,02341,Dublin city and suburbs,Dublin
4c07d11e-167e-851d-e053-ca3ca8c0ca7f,02341,Dublin city and suburbs,Dublin
4c07d11e-167f-851d-e053-ca3ca8c0ca7f,02341,Dublin city and suburbs,Dublin
4c07d11e-1680-851d-e053-ca3ca8c0ca7f,02341,Dublin city and suburbs,Dublin
4c07d11e-1681-851d-e053-ca3ca8c0ca7f,02341,Dublin city and suburbs,Dublin
4c07d11e-1682-851d-e053-ca3ca8c0ca7f,02341,Dublin city and suburbs,Dublin
4c07d11e-1683-851d-e053-ca3ca8c0ca7f,02341,Dublin city and suburbs,Dublin
4c07d11e-1684-851d-e053-ca3ca8c0ca7f,02341,Dublin city and suburbs,Dublin
4c07d11e-1686-851d-e053-ca3ca8c0ca7f,02341,Dublin city and suburbs,Dublin
4c07d11e-1687-851d-e053-ca3ca8c0ca7f,02341,Dublin city and suburbs,Dublin
4c07d11e-1688-851d-e053-ca3ca8c0ca7f,02341,Dublin city and suburbs,Dublin
4c07d11e-1689-851d-e053-ca3ca8c0ca7f,02341,Dublin city and suburbs,Dublin
4c07d11e-168a-851d-e053-ca3ca8c0ca7f,02341,Dublin city and suburbs,Dublin
4c07d11e-168b-851d-e053-ca3ca8c0ca7f,02341,Dublin city and suburbs,Dublin
4c07d11e-168c-851d-e053-ca3ca8c0ca7f,02341,Dublin city and suburbs,Dublin
4c07d11e-168d-851d-e053-ca3ca8c0ca7f,02341,Dublin city and suburbs,Dublin
4c07d11e-168e-851d-e053-ca3ca8c0ca7f,02341,Dublin city and suburbs,Dublin
4c07d11e-168f-851d-e053-ca3ca8c0ca7f,02341,Dublin city and suburbs,Dublin
4c07d11e-1690-851d-e053-ca3ca8c0ca7f,02341,Dublin city and suburbs,Dublin
4c07d11e-1691-851d-e053-ca3ca8c0ca7f,02341,Dublin city and suburbs,Dublin
4c07d11e-1692-851d-e053-ca3ca8c0ca7f,02341,Dublin city and suburbs,Dublin
4c07d11e-1693-851d-e053-ca3ca8c0ca7f,02341,Dublin city and suburbs,Dublin
4c07d11e-1694-851d-e053-ca3ca8c0ca7f,02341,Dublin city and suburbs,Dublin
4c07d11e-1695-851d-e053-ca3ca8c0ca7f,02341,Dublin city and suburbs,Dublin
4c07d11e-1696-851d-e053-ca3ca8c0ca7f,02341,Dublin city and suburbs,Dublin
4c07d11e-1697-851d-e053-ca3ca8c0ca7f,02341,Dublin city and suburbs,Dublin
4c07d11e-1698-851d-e053-ca3ca8c0ca7f,02341,Dublin city and suburbs,Dublin
4c07d11e-1699-851d-e053-ca3ca8c0ca7f,02341,Dublin city and suburbs,Dublin
4c07d11e-169b-851d-e053-ca3ca8c0ca7f,02341,Dublin city and suburbs,Dublin
4c07d11e-169c-851d-e053-ca3ca8c0ca7f,02341,Dublin city and suburbs,Dublin
4c07d11e-169d-851d-e053-ca3ca8c0ca7f,02341,Dublin city and suburbs,Dublin
4c07d11e-169e-851d-e053-ca3ca8c0ca7f,02341,Dublin city and suburbs,Dublin
4c07d11e-169f-851d-e053-ca3ca8c0ca7f,02341,Dublin city and suburbs,Dublin
4c07d11e-16a0-851d-e053-ca3ca8c0ca7f,02341,Dublin city and suburbs,Dublin
4c07d11e-16a1-851d-e053-ca3ca8c0ca7f,02341,Dublin city and suburbs,Dublin
4c07d11e-16a2-851d-e053-ca3ca8c0ca7f,02341,Dublin city and suburbs,Dublin
4c07d11e-16a3-851d-e053-ca3ca8c0ca7f,02341,Dublin city and suburbs,Dublin
4c07d11e-16a4-851d-e053-ca3ca8c0ca7f,02341,Dublin city and suburbs,Dublin
4c07d11e-16a5-851d-e053-ca3ca8c0ca7f,02341,Dublin city and suburbs,Dublin
4c07d11e-16a7-851d-e053-ca3ca8c0ca7f,02341,Dublin city and suburbs,Dublin
4c07d11e-16a8-851d-e053-ca3ca8c0ca7f,02341,Dublin city and suburbs,Dublin
4c07d11e-16aa-851d-e053-ca3ca8c0ca7f,02341,Dublin city and suburbs,Dublin
4c07d11e-16ab-851d-e053-ca3ca8c0ca7f,02341,Dublin city and suburbs,Dublin
4c07d11e-16ac-851d-e053-ca3ca8c0ca7f,02341,Dublin city and suburbs,Dublin
4c07d11e-16ad-851d-e053-ca3ca8c0ca7f,02341,Dublin city and suburbs,Dublin
4c07d11e-16ae-851d-e053-ca3ca8c0ca7f,02341,Dublin city and suburbs,Dublin
4c07d11e-16af-851d-e053-ca3ca8c0ca7f,02341,Dublin city and suburbs,Dublin
4c07d11e-16b0-851d-e053-ca3ca8c0ca7f,02341,Dublin city and suburbs,Dublin
4c07d11e-16b1-851d-e053-ca3ca8c0ca7f,02341,Dublin city and suburbs,Dublin
4c07d11e-16b2-851d-e053-ca3ca8c0ca7f,02341,Dublin city and suburbs,Dublin
4c07d11e-16b3-851d-e053-ca3ca8c0ca7f,02341,Dublin city and suburbs,Dublin
4c07d11e-16b4-851d-e053-ca3ca8c0ca7f,02341,Dublin city and suburbs,Dublin
4c07d11e-16b6-851d-e053-ca3ca8c0ca7f,02341,Dublin city and suburbs,Dublin
4c07d11e-16b7-851d-e053-ca3ca8c0ca7f,02341,Dublin city and suburbs,Dublin
4c07d11e-16b8-851d-e053-ca3ca8c0ca7f,02341,Dublin city and suburbs,Dublin
4c07d11e-16b9-851d-e053-ca3ca8c0ca7f,02341,Dublin city and suburbs,Dublin
4c07d11e-16bb-851d-e053-ca3ca8c0ca7f,02341,Dublin city and suburbs,Dublin
4c07d11e-16bc-851d-e053-ca3ca8c0ca7f,02341,Dublin city and suburbs,Dublin
4c07d11e-16bd-851d-e053-ca3ca8c0ca7f,02341,Dublin city and suburbs,Dublin
4c07d11e-16be-851d-e053-ca3ca8c0ca7f,02341,Dublin city and suburbs,Dublin
4c07d11e-16bf-851d-e053-ca3ca8c0ca7f,02341,Dublin city and suburbs,Dublin
4c07d11e-16c0-851d-e053-ca3ca8c0ca7f,02341,Dublin city and suburbs,Dublin
4c07d11e-16c1-851d-e053-ca3ca8c0ca7f,02341,Dublin city and suburbs,Dublin
4c07d11e-16c2-851d-e053-ca3ca8c0ca7f,02341,Dublin city and suburbs,Dublin
4c07d11e-16c3-851d-e053-ca3ca8c0ca7f,02341,Dublin city and suburbs,Dublin
4c07d11e-16c4-851d-e053-ca3ca8c0ca7f,02341,Dublin city and suburbs,Dublin
4c07d11e-16c5-851d-e053-ca3ca8c0ca7f,02341,Dublin city and suburbs,Dublin
4c07d11e-16c6-851d-e053-ca3ca8c0ca7f,02341,Dublin city and suburbs,Dublin
4c07d11e-16c7-851d-e053-ca3ca8c0ca7f,02341,Dublin city and suburbs,Dublin
4c07d11e-16c8-851d-e053-ca3ca8c0ca7f,02341,Dublin city and suburbs,Dublin
4c07d11e-16c9-851d-e053-ca3ca8c0ca7f,02341,Dublin city and suburbs,Dublin
4c07d11e-16cb-851d-e053-ca3ca8c0ca7f,02341,Dublin city and suburbs,Dublin
4c07d11e-16cc-851d-e053-ca3ca8c0ca7f,02341,Dublin city and suburbs,Dublin
4c07d11e-16ce-851d-e053-ca3ca8c0ca7f,02341,Dublin city and suburbs,Dublin
4c07d11e-16cf-851d-e053-ca3ca8c0ca7f,02341,Dublin city and suburbs,Dublin
4c07d11e-16d0-851d-e053-ca3ca8c0ca7f,02341,Dublin city and suburbs,Dublin
4c07d11e-16d1-851d-e053-ca3ca8c0ca7f,19836,Castleisland,Kerry
4c07d11e-16d3-851d-e053-ca3ca8c0ca7f,19839,Listowel,Kerry
4c07d11e-16d4-851d-e053-ca3ca8c0ca7f,19839,Listowel,Kerry
4c07d11e-16d5-851d-e053-ca3ca8c0ca7f,19839,Listowel,Kerry
4c07d11e-16d6-851d-e053-ca3ca8c0ca7f,19839,Listowel,Kerry
4c07d11e-16d7-851d-e053-ca3ca8c0ca7f,17364,Cork city and suburbs,Cork
4c07d11e-16d9-851d-e053-ca3ca8c0ca7f,17364,Cork city and suburbs,Cork
4c07d11e-16da-851d-e053-ca3ca8c0ca7f,17364,Cork city and suburbs,Cork
4c07d11e-16db-851d-e053-ca3ca8c0ca7f,17364,Cork city and suburbs,Cork
4c07d11e-16dc-851d-e053-ca3ca8c0ca7f,17364,Cork city and suburbs,Cork
4c07d11e-16dd-851d-e053-ca3ca8c0ca7f,17364,Cork city and suburbs,Cork
4c07d11e-16de-851d-e053-ca3ca8c0ca7f,17364,Cork city and suburbs,Cork
4c07d11e-16e0-851d-e053-ca3ca8c0ca7f,17364,Cork city and suburbs,Cork
4c07d11e-16e2-851d-e053-ca3ca8c0ca7f,21526,Drumcollogher,Limerick
4c07d11e-16e4-851d-e053-ca3ca8c0ca7f,18771,Mallow,Cork
4c07d11e-16e5-851d-e053-ca3ca8c0ca7f,19839,Listowel,Kerry
4c07d11e-16e6-851d-e053-ca3ca8c0ca7f,19847,Ballybunion,Kerry
4c07d11e-16e7-851d-e053-ca3ca8c0ca7f,17364,Cork city and suburbs,Cork
4c07d11e-16e8-851d-e053-ca3ca8c0ca7f,17364,Cork city and suburbs,Cork
4c07d11e-16e9-851d-e053-ca3ca8c0ca7f,17364,Cork city and suburbs,Cork
4c07d11e-16ea-851d-e053-ca3ca8c0ca7f,17364,Cork city and suburbs,Cork
4c07d11e-16eb-851d-e053-ca3ca8c0ca7f,17364,Cork city and suburbs,Cork
4c07d11e-16ec-851d-e053-ca3ca8c0ca7f,18771,Mallow,Cork
4c07d11e-16ed-851d-e053-ca3ca8c0ca7f,18771,Mallow,Cork
4c07d11e-16ee-851d-e053-ca3ca8c0ca7f,18771,Mallow,Cork
4c07d11e-16f1-851d-e053-ca3ca8c0ca7f,18804,Macroom,Cork
4c07d11e-16f2-851d-e053-ca3ca8c0ca7f,18804,Macroom,Cork
4c07d11e-16f3-851d-e053-ca3ca8c0ca7f,17364,Cork city and suburbs,Cork
4c07d11e-16f4-851d-e053-ca3ca8c0ca7f,17364,Cork city and suburbs,Cork
4c07d11e-16f5-851d-e053-ca3ca8c0ca7f,17364,Cork city and suburbs,Cork
4c07d11e-16f6-851d-e053-ca3ca8c0ca7f,17364,Cork city and suburbs,Cork
4c07d11e-16f7-851d-e053-ca3ca8c0ca7f,17364,Cork city and suburbs,Cork
4c07d11e-16f8-851d-e053-ca3ca8c0ca7f,17364,Cork city and suburbs,Cork
4c07d11e-16f9-851d-e053-ca3ca8c0ca7f,18771,Mallow,Cork
4c07d11e-16fa-851d-e053-ca3ca8c0ca7f,18771,Mallow,Cork
4c07d11e-16fb-851d-e053-ca3ca8c0ca7f,18804,Macroom,Cork
4c07d11e-16fc-851d-e053-ca3ca8c0ca7f,18804,Macroom,Cork
4c07d11e-16fd-851d-e053-ca3ca8c0ca7f,17364,Cork city and suburbs,Cork
4c07d11e-16fe-851d-e053-ca3ca8c0ca7f,17364,Cork city and suburbs,Cork
4c07d11e-16ff-851d-e053-ca3ca8c0ca7f,17364,Cork city and suburbs,Cork
4c07d11e-1700-851d-e053-ca3ca8c0ca7f,17364,Cork city and suburbs,Cork
4c07d11e-1701-851d-e053-ca3ca8c0ca7f,18771,Mallow,Cork
4c07d11e-1702-851d-e053-ca3ca8c0ca7f,18771,Mallow,Cork
4c07d11e-1703-851d-e053-ca3ca8c0ca7f,18771,Mallow,Cork
4c07d11e-1704-851d-e053-ca3ca8c0ca7f,18771,Mallow,Cork
4c07d11e-1705-851d-e053-ca3ca8c0ca7f,18804,Macroom,Cork
4c07d11e-1706-851d-e053-ca3ca8c0ca7f,18804,Macroom,Cork
4c07d11e-1707-851d-e053-ca3ca8c0ca7f,17364,Cork city and suburbs,Cork
4c07d11e-1708-851d-e053-ca3ca8c0ca7f,17364,Cork city and suburbs,Cork
4c07d11e-1709-851d-e053-ca3ca8c0ca7f,17364,Cork city and suburbs,Cork
4c07d11e-170a-851d-e053-ca3ca8c0ca7f,17364,Cork city and suburbs,Cork
4c07d11e-170b-851d-e053-ca3ca8c0ca7f,17364,Cork city and suburbs,Cork
4c07d11e-170c-851d-e053-ca3ca8c0ca7f,17364,Cork city and suburbs,Cork
4c07d11e-170d-851d-e053-ca3ca8c0ca7f,18771,Mallow,Cork
4c07d11e-170e-851d-e053-ca3ca8c0ca7f,18771,Mallow,Cork
4c07d11e-170f-851d-e053-ca3ca8c0ca7f,18809,Millstreet,Cork
4c07d11e-1710-851d-e053-ca3ca8c0ca7f,18809,Millstreet,Cork
4c07d11e-1711-851d-e053-ca3ca8c0ca7f,18809,Millstreet,Cork
4c07d11e-1712-851d-e053-ca3ca8c0ca7f,17364,Cork city and suburbs,Cork
4c07d11e-1713-851d-e053-ca3ca8c0ca7f,17364,Cork city and suburbs,Cork
4c07d11e-1714-851d-e053-ca3ca8c0ca7f,17364,Cork city and suburbs,Cork
4c07d11e-1715-851d-e053-ca3ca8c0ca7f,17364,Cork city and suburbs,Cork
4c07d11e-1716-851d-e053-ca3ca8c0ca7f,17364,Cork city and suburbs,Cork
4c07d11e-1717-851d-e053-ca3ca8c0ca7f,18771,Mallow,Cork
4c07d11e-1718-851d-e053-ca3ca8c0ca7f,18771,Mallow,Cork
4c07d11e-1719-851d-e053-ca3ca8c0ca7f,18783,Rathard-Aherla,Cork
4c07d11e-171a-851d-e053-ca3ca8c0ca7f,18774,Killumney,Cork
4c07d11e-171b-851d-e053-ca3ca8c0ca7f,18774,Killumney,Cork
4c07d11e-171c-851d-e053-ca3ca8c0ca7f,17364,Cork city and suburbs,Cork
4c07d11e-171d-851d-e053-ca3ca8c0ca7f,17364,Cork city and suburbs,Cork
4c07d11e-171e-851d-e053-ca3ca8c0ca7f,17364,Cork city and suburbs,Cork
4c07d11e-171f-851d-e053-ca3ca8c0ca7f,17364,Cork city and suburbs,Cork
4c07d11e-1720-851d-e053-ca3ca8c0ca7f,18771,Mallow,Cork
4c07d11e-1723-851d-e053-ca3ca8c0ca7f,17364,Cork city and suburbs,Cork
4c07d11e-1724-851d-e053-ca3ca8c0ca7f,17364,Cork city and suburbs,Cork
4c07d11e-1725-851d-e053-ca3ca8c0ca7f,17364,Cork city and suburbs,Cork
4c07d11e-1726-851d-e053-ca3ca8c0ca7f,17364,Cork city and suburbs,Cork
4c07d11e-1727-851d-e053-ca3ca8c0ca7f,17364,Cork city and suburbs,Cork
4c07d11e-1728-851d-e053-ca3ca8c0ca7f,17364,Cork city and suburbs,Cork
4c07d11e-1729-851d-e053-ca3ca8c0ca7f,17364,Cork city and suburbs,Cork
4c07d11e-172a-851d-e053-ca3ca8c0ca7f,18764,Killavullen,Cork
4c07d11e-172c-851d-e053-ca3ca8c0ca7f,18758,Castletownroche,Cork
4c07d11e-172d-851d-e053-ca3ca8c0ca7f,17364,Cork city and suburbs,Cork
4c07d11e-172e-851d-e053-ca3ca8c0ca7f,17364,Cork city and suburbs,Cork
4c07d11e-172f-851d-e053-ca3ca8c0ca7f,17364,Cork city and suburbs,Cork
4c07d11e-1730-851d-e053-ca3ca8c0ca7f,17364,Cork city and suburbs,Cork
4c07d11e-1731-851d-e053-ca3ca8c0ca7f,17364,Cork city and suburbs,Cork
4c07d11e-1732-851d-e053-ca3ca8c0ca7f,17364,Cork city and suburbs,Cork
4c07d11e-1733-851d-e053-ca3ca8c0ca7f,18782,Churchtown,Cork
4c07d11e-1734-851d-e053-ca3ca8c0ca7f,18782,Churchtown,Cork
4c07d11e-1735-851d-e053-ca3ca8c0ca7f,17364,Cork city and suburbs,Cork
4c07d11e-1737-851d-e053-ca3ca8c0ca7f,17364,Cork city and suburbs,Cork
4c07d11e-1738-851d-e053-ca3ca8c0ca7f,17364,Cork city and suburbs,Cork
4c07d11e-1739-851d-e053-ca3ca8c0ca7f,17364,Cork city and suburbs,Cork
4c07d11e-173a-851d-e053-ca3ca8c0ca7f,17364,Cork city and suburbs,Cork
4c07d11e-173b-851d-e053-ca3ca8c0ca7f,17364,Cork city and suburbs,Cork
4c07d11e-173c-851d-e053-ca3ca8c0ca7f,18776,Buttevant,Cork
4c07d11e-173d-851d-e053-ca3ca8c0ca7f,18777,Charleville,Cork
4c07d11e-173e-851d-e053-ca3ca8c0ca7f,17366,Tower,Cork
4c07d11e-173f-851d-e053-ca3ca8c0ca7f,17366,Tower,Cork
4c07d11e-1740-851d-e053-ca3ca8c0ca7f,17364,Cork city and suburbs,Cork
4c07d11e-1741-851d-e053-ca3ca8c0ca7f,17364,Cork city and suburbs,Cork
4c07d11e-1742-851d-e053-ca3ca8c0ca7f,17364,Cork city and suburbs,Cork
4c07d11e-1743-851d-e053-ca3ca8c0ca7f,17364,Cork city and suburbs,Cork
4c07d11e-1744-851d-e053-ca3ca8c0ca7f,17364,Cork city and suburbs,Cork
4c07d11e-1745-851d-e053-ca3ca8c0ca7f,17364,Cork city and suburbs,Cork
4c07d11e-1746-851d-e053-ca3ca8c0ca7f,17364,Cork city and suburbs,Cork
4c07d11e-1747-851d-e053-ca3ca8c0ca7f,18777,Charleville,Cork
4c07d11e-1748-851d-e053-ca3ca8c0ca7f,18777,Charleville,Cork
4c07d11e-1749-851d-e053-ca3ca8c0ca7f,18777,Charleville,Cork
4c07d11e-174a-851d-e053-ca3ca8c0ca7f,18777,Charleville,Cork
4c07d11e-174b-851d-e053-ca3ca8c0ca7f,17364,Cork city and suburbs,Cork
4c07d11e-174c-851d-e053-ca3ca8c0ca7f,17364,Cork city and suburbs,Cork
4c07d11e-174d-851d-e053-ca3ca8c0ca7f,17364,Cork city and suburbs,Cork
4c07d11e-174e-851d-e053-ca3ca8c0ca7f,17364,Cork city and suburbs,Cork
4c07d11e-174f-851d-e053-ca3ca8c0ca7f,17364,Cork city and suburbs,Cork
4c07d11e-1750-851d-e053-ca3ca8c0ca7f,18777,Charleville,Cork
4c07d11e-1752-851d-e053-ca3ca8c0ca7f,17364,Cork city and suburbs,Cork
4c07d11e-1753-851d-e053-ca3ca8c0ca7f,17364,Cork city and suburbs,Cork
4c07d11e-1754-851d-e053-ca3ca8c0ca7f,17364,Cork city and suburbs,Cork
4c07d11e-1755-851d-e053-ca3ca8c0ca7f,17364,Cork city and suburbs,Cork
4c07d11e-1756-851d-e053-ca3ca8c0ca7f,17364,Cork city and suburbs,Cork
4c07d11e-1757-851d-e053-ca3ca8c0ca7f,17364,Cork city and suburbs,Cork
4c07d11e-1758-851d-e053-ca3ca8c0ca7f,17364,Cork city and suburbs,Cork
4c07d11e-1759-851d-e053-ca3ca8c0ca7f,17364,Cork city and suburbs,Cork
4c07d11e-175a-851d-e053-ca3ca8c0ca7f,17364,Cork city and suburbs,Cork
4c07d11e-175b-851d-e053-ca3ca8c0ca7f,21509,Kilfinnane,Limerick
4c07d11e-175c-851d-e053-ca3ca8c0ca7f,19856,Ballyheigue,Kerry
4c07d11e-175d-851d-e053-ca3ca8c0ca7f,17364,Cork city and suburbs,Cork
4c07d11e-1760-851d-e053-ca3ca8c0ca7f,17364,Cork city and suburbs,Cork
4c07d11e-1761-851d-e053-ca3ca8c0ca7f,17364,Cork city and suburbs,Cork
4c07d11e-1762-851d-e053-ca3ca8c0ca7f,17364,Cork city and suburbs,Cork
4c07d11e-1763-851d-e053-ca3ca8c0ca7f,17364,Cork city and suburbs,Cork
4c07d11e-1764-851d-e053-ca3ca8c0ca7f,17364,Cork city and suburbs,Cork
4c07d11e-1765-851d-e053-ca3ca8c0ca7f,17364,Cork city and suburbs,Cork
4c07d11e-1766-851d-e053-ca3ca8c0ca7f,19843,Lixnaw,Kerry
4c07d11e-1768-851d-e053-ca3ca8c0ca7f,18753,Carrigaline,Cork
4c07d11e-1769-851d-e053-ca3ca8c0ca7f,18753,Carrigaline,Cork
4c07d11e-176b-851d-e053-ca3ca8c0ca7f,17364,Cork city and suburbs,Cork
4c07d11e-176c-851d-e053-ca3ca8c0ca7f,17364,Cork city and suburbs,Cork
4c07d11e-176d-851d-e053-ca3ca8c0ca7f,17364,Cork city and suburbs,Cork
4c07d11e-176e-851d-e053-ca3ca8c0ca7f,17364,Cork city and suburbs,Cork
4c07d11e-176f-851d-e053-ca3ca8c0ca7f,18770,Grenagh,Cork
4c07d11e-1770-851d-e053-ca3ca8c0ca7f,18755,Glenville,Cork
4c07d11e-1771-851d-e053-ca3ca8c0ca7f,21540,Abbeyfeale,Limerick
4c07d11e-1772-851d-e053-ca3ca8c0ca7f,21540,Abbeyfeale,Limerick
4c07d11e-1773-851d-e053-ca3ca8c0ca7f,21540,Abbeyfeale,Limerick
4c07d11e-1774-851d-e053-ca3ca8c0ca7f,19839,Listowel,Kerry
4c07d11e-1775-851d-e053-ca3ca8c0ca7f,19839,Listowel,Kerry
4c07d11e-1776-851d-e053-ca3ca8c0ca7f,18753,Carrigaline,Cork
4c07d11e-1777-851d-e053-ca3ca8c0ca7f,18753,Carrigaline,Cork
4c07d11e-1779-851d-e053-ca3ca8c0ca7f,18753,Carrigaline,Cork
4c07d11e-177b-851d-e053-ca3ca8c0ca7f,17364,Cork city and suburbs,Cork
4c07d11e-177c-851d-e053-ca3ca8c0ca7f,17364,Cork city and suburbs,Cork
4c07d11e-177d-851d-e053-ca3ca8c0ca7f,18802,Kanturk,Cork
4c07d11e-177f-851d-e053-ca3ca8c0ca7f,18802,Kanturk,Cork
4c07d11e-1780-851d-e053-ca3ca8c0ca7f,23702,Clonmel,Tipperary
4c07d11e-1781-851d-e053-ca3ca8c0ca7f,23702,Clonmel,Tipperary
4c07d11e-1782-851d-e053-ca3ca8c0ca7f,23702,Clonmel,Tipperary
4c07d11e-1783-851d-e053-ca3ca8c0ca7f,24643,Waterford city and suburbs,Waterford
4c07d11e-1784-851d-e053-ca3ca8c0ca7f,24643,Waterford city and suburbs,Waterford
4c07d11e-1785-851d-e053-ca3ca8c0ca7f,24643,Waterford city and suburbs,Waterford
4c07d11e-1786-851d-e053-ca3ca8c0ca7f,23702,Clonmel,Tipperary
4c07d11e-1787-851d-e053-ca3ca8c0ca7f,23702,Clonmel,Tipperary
4c07d11e-1788-851d-e053-ca3ca8c0ca7f,23702,Clonmel,Tipperary
4c07d11e-1789-851d-e053-ca3ca8c0ca7f,23702,Clonmel,Tipperary
4c07d11e-178a-851d-e053-ca3ca8c0ca7f,25674,Tramore,Waterford
4c07d11e-178b-851d-e053-ca3ca8c0ca7f,25674,Tramore,Waterford
4c07d11e-178c-851d-e053-ca3ca8c0ca7f,25674,Tramore,Waterford
4c07d11e-178d-851d-e053-ca3ca8c0ca7f,24643,Waterford city and suburbs,Waterford
4c07d11e-178e-851d-e053-ca3ca8c0ca7f,24643,Waterford city and suburbs,Waterford
4c07d11e-178f-851d-e053-ca3ca8c0ca7f,24643,Waterford city and suburbs,Waterford
4c07d11e-1790-851d-e053-ca3ca8c0ca7f,24643,Waterford city and suburbs,Waterford
4c07d11e-1791-851d-e053-ca3ca8c0ca7f,24643,Waterford city and suburbs,Waterford
4c07d11e-1792-851d-e053-ca3ca8c0ca7f,23702,Clonmel,Tipperary
4c07d11e-1793-851d-e053-ca3ca8c0ca7f,23702,Clonmel,Tipperary
4c07d11e-1794-851d-e053-ca3ca8c0ca7f,23702,Clonmel,Tipperary
4c07d11e-1795-851d-e053-ca3ca8c0ca7f,23702,Clonmel,Tipperary
4c07d11e-1796-851d-e053-ca3ca8c0ca7f,25674,Tramore,Waterford
4c07d11e-1797-851d-e053-ca3ca8c0ca7f,25674,Tramore,Waterford
4c07d11e-1798-851d-e053-ca3ca8c0ca7f,25674,Tramore,Waterford
4c07d11e-1799-851d-e053-ca3ca8c0ca7f,24643,Waterford city and suburbs,Waterford
4c07d11e-179a-851d-e053-ca3ca8c0ca7f,24643,Waterford city and suburbs,Waterford
4c07d11e-179b-851d-e053-ca3ca8c0ca7f,24643,Waterford city and suburbs,Waterford
4c07d11e-179c-851d-e053-ca3ca8c0ca7f,23702,Clonmel,Tipperary
4c07d11e-179d-851d-e053-ca3ca8c0ca7f,23702,Clonmel,Tipperary
4c07d11e-179e-851d-e053-ca3ca8c0ca7f,23702,Clonmel,Tipperary
4c07d11e-179f-851d-e053-ca3ca8c0ca7f,23702,Clonmel,Tipperary
4c07d11e-17a0-851d-e053-ca3ca8c0ca7f,25677,Portlaw,Waterford
4c07d11e-17a1-851d-e053-ca3ca8c0ca7f,25677,Portlaw,Waterford
4c07d11e-17a2-851d-e053-ca3ca8c0ca7f,07660,Mooncoin,Kilkenny
4c07d11e-17a3-851d-e053-ca3ca8c0ca7f,24643,Waterford city and suburbs,Waterford
4c07d11e-17a4-851d-e053-ca3ca8c0ca7f,24643,Waterford city and suburbs,Waterford
4c07d11e-17a5-851d-e053-ca3ca8c0ca7f,24643,Waterford city and suburbs,Waterford
4c07d11e-17a6-851d-e053-ca3ca8c0ca7f,23702,Clonmel,Tipperary
4c07d11e-17a7-851d-e053-ca3ca8c0ca7f,23702,Clonmel,Tipperary
4c07d11e-17a8-851d-e053-ca3ca8c0ca7f,23702,Clonmel,Tipperary
4c07d11e-17a9-851d-e053-ca3ca8c0ca7f,23702,Clonmel,Tipperary
4c07d11e-17aa-851d-e053-ca3ca8c0ca7f,07660,Mooncoin,Kilkenny
4c07d11e-17ab-851d-e053-ca3ca8c0ca7f,23693,Carrick-on-Suir,Tipperary
4c07d11e-17ac-851d-e053-ca3ca8c0ca7f,23693,Carrick-on-Suir,Tipperary
4c07d11e-17ad-851d-e053-ca3ca8c0ca7f,24643,Waterford city and suburbs,Waterford
4c07d11e-17ae-851d-e053-ca3ca8c0ca7f,24643,Waterford city and suburbs,Waterford
4c07d11e-17af-851d-e053-ca3ca8c0ca7f,24643,Waterford city and suburbs,Waterford
4c07d11e-17b0-851d-e053-ca3ca8c0ca7f,23702,Clonmel,Tipperary
4c07d11e-17b1-851d-e053-ca3ca8c0ca7f,23702,Clonmel,Tipperary
4c07d11e-17b2-851d-e053-ca3ca8c0ca7f,23702,Clonmel,Tipperary
4c07d11e-17b3-851d-e053-ca3ca8c0ca7f,23693,Carrick-on-Suir,Tipperary
4c07d11e-17b4-851d-e053-ca3ca8c0ca7f,23693,Carrick-on-Suir,Tipperary
4c07d11e-17b5-851d-e053-ca3ca8c0ca7f,23693,Carrick-on-Suir,Tipperary
4c07d11e-17b6-851d-e053-ca3ca8c0ca7f,24643,Waterford city and suburbs,Waterford
4c07d11e-17b7-851d-e053-ca3ca8c0ca7f,24643,Waterford city and suburbs,Waterford
4c07d11e-17b8-851d-e053-ca3ca8c0ca7f,25674,Tramore,Waterford
4c07d11e-17b9-851d-e053-ca3ca8c0ca7f,25674,Tramore,Waterford
4c07d11e-17ba-851d-e053-ca3ca8c0ca7f,23693,Carrick-on-Suir,Tipperary
4c07d11e-17bb-851d-e053-ca3ca8c0ca7f,23693,Carrick-on-Suir,Tipperary
4c07d11e-17bc-851d-e053-ca3ca8c0ca7f,07664,Piltown,Kilkenny
4c07d11e-17bd-851d-e053-ca3ca8c0ca7f,07664,Piltown,Kilkenny
4c07d11e-17be-851d-e053-ca3ca8c0ca7f,24643,Waterford city and suburbs,Waterford
4c07d11e-17bf-851d-e053-ca3ca8c0ca7f,24643,Waterford city and suburbs,Waterford
4c07d11e-17c0-851d-e053-ca3ca8c0ca7f,25672,Dunmore East,Waterford
4c07d11e-17c1-851d-e053-ca3ca8c0ca7f,25672,Dunmore East,Waterford
4c07d11e-17c2-851d-e053-ca3ca8c0ca7f,25674,Tramore,Waterford
4c07d11e-17c3-851d-e053-ca3ca8c0ca7f,24643,Waterford city and suburbs,Waterford
4c07d11e-17c4-851d-e053-ca3ca8c0ca7f,24643,Waterford city and suburbs,Waterford
4c07d11e-17c5-851d-e053-ca3ca8c0ca7f,24643,Waterford city and suburbs,Waterford
4c07d11e-17c6-851d-e053-ca3ca8c0ca7f,24643,Waterford city and suburbs,Waterford
4c07d11e-17c7-851d-e053-ca3ca8c0ca7f,24643,Waterford city and suburbs,Waterford
4c07d11e-17c8-851d-e053-ca3ca8c0ca7f,25674,Tramore,Waterford
4c07d11e-17c9-851d-e053-ca3ca8c0ca7f,25674,Tramore,Waterford
4c07d11e-17ca-851d-e053-ca3ca8c0ca7f,25674,Tramore,Waterford
4c07d11e-17cb-851d-e053-ca3ca8c0ca7f,25674,Tramore,Waterford
4c07d11e-17cc-851d-e053-ca3ca8c0ca7f,24643,Waterford city and suburbs,Waterford
4c07d11e-17cd-851d-e053-ca3ca8c0ca7f,24643,Waterford city and suburbs,Waterford
4c07d11e-17cf-851d-e053-ca3ca8c0ca7f,24643,Waterford city and suburbs,Waterford
4c07d11e-17d0-851d-e053-ca3ca8c0ca7f,24643,Waterford city and suburbs,Waterford
4c07d11e-17d1-851d-e053-ca3ca8c0ca7f,24643,Waterford city and suburbs,Waterford
4c07d11e-17d2-851d-e053-ca3ca8c0ca7f,25674,Tramore,Waterford
4c07d11e-17d3-851d-e053-ca3ca8c0ca7f,25674,Tramore,Waterford
4c07d11e-17d4-851d-e053-ca3ca8c0ca7f,25674,Tramore,Waterford
4c07d11e-17d5-851d-e053-ca3ca8c0ca7f,24643,Waterford city and suburbs,Waterford
4c07d11e-17d6-851d-e053-ca3ca8c0ca7f,24643,Waterford city and suburbs,Waterford
4c07d11e-17d7-851d-e053-ca3ca8c0ca7f,24643,Waterford city and suburbs,Waterford
4c07d11e-17d8-851d-e053-ca3ca8c0ca7f,24643,Waterford city and suburbs,Waterford
4c07d11e-17d9-851d-e053-ca3ca8c0ca7f,24643,Waterford city and suburbs,Waterford
4c07d11e-17da-851d-e053-ca3ca8c0ca7f,24643,Waterford city and suburbs,Waterford
4c07d11e-17db-851d-e053-ca3ca8c0ca7f,24643,Waterford city and suburbs,Waterford
4c07d11e-17dc-851d-e053-ca3ca8c0ca7f,25674,Tramore,Waterford
4c07d11e-17dd-851d-e053-ca3ca8c0ca7f,25674,Tramore,Waterford
4c07d11e-17de-851d-e053-ca3ca8c0ca7f,25674,Tramore,Waterford
4c07d11e-17df-851d-e053-ca3ca8c0ca7f,25674,Tramore,Waterford
4c07d11e-17e0-851d-e053-ca3ca8c0ca7f,25674,Tramore,Waterford
4c07d11e-17e1-851d-e053-ca3ca8c0ca7f,24643,Waterford city and suburbs,Waterford
4c07d11e-17e2-851d-e053-ca3ca8c0ca7f,24643,Waterford city and suburbs,Waterford
4c07d11e-17e3-851d-e053-ca3ca8c0ca7f,24643,Waterford city and suburbs,Waterford
4c07d11e-17e4-851d-e053-ca3ca8c0ca7f,24643,Waterford city and suburbs,Waterford
4c07d11e-17e5-851d-e053-ca3ca8c0ca7f,24643,Waterford city and suburbs,Waterford
4c07d11e-17e6-851d-e053-ca3ca8c0ca7f,24643,Waterford city and suburbs,Waterford
4c07d11e-17e7-851d-e053-ca3ca8c0ca7f,24643,Waterford city and suburbs,Waterford
4c07d11e-17e8-851d-e053-ca3ca8c0ca7f,18740,Mitchelstown,Cork
4c07d11e-17e9-851d-e053-ca3ca8c0ca7f,18740,Mitchelstown,Cork
4c07d11e-17ea-851d-e053-ca3ca8c0ca7f,24643,Waterford city and suburbs,Waterford
4c07d11e-17eb-851d-e053-ca3ca8c0ca7f,24643,Waterford city and suburbs,Waterford
4c07d11e-17ec-851d-e053-ca3ca8c0ca7f,24643,Waterford city and suburbs,Waterford
4c07d11e-17ed-851d-e053-ca3ca8c0ca7f,24643,Waterford city and suburbs,Waterford
4c07d11e-17ee-851d-e053-ca3ca8c0ca7f,24643,Waterford city and suburbs,Waterford
4c07d11e-17ef-851d-e053-ca3ca8c0ca7f,24643,Waterford city and suburbs,Waterford
4c07d11e-17f0-851d-e053-ca3ca8c0ca7f,18740,Mitchelstown,Cork
4c07d11e-17f1-851d-e053-ca3ca8c0ca7f,18740,Mitchelstown,Cork
4c07d11e-17f2-851d-e053-ca3ca8c0ca7f,18740,Mitchelstown,Cork
4c07d11e-17f3-851d-e053-ca3ca8c0ca7f,18740,Mitchelstown,Cork
4c07d11e-17f4-851d-e053-ca3ca8c0ca7f,24643,Waterford city and suburbs,Waterford
4c07d11e-17f5-851d-e053-ca3ca8c0ca7f,24643,Waterford city and suburbs,Waterford
4c07d11e-17f6-851d-e053-ca3ca8c0ca7f,24643,Waterford city and suburbs,Waterford
4c07d11e-17f7-851d-e053-ca3ca8c0ca7f,24643,Waterford city and suburbs,Waterford
4c07d11e-17f8-851d-e053-ca3ca8c0ca7f,24643,Waterford city and suburbs,Waterford
4c07d11e-17f9-851d-e053-ca3ca8c0ca7f,21503,Ballylanders,Limerick
4c07d11e-17fa-851d-e053-ca3ca8c0ca7f,25689,Cappoquin,Waterford
4c07d11e-17fb-851d-e053-ca3ca8c0ca7f,25689,Cappoquin,Waterford
4c07d11e-17fc-851d-e053-ca3ca8c0ca7f,24643,Waterford city and suburbs,Waterford
4c07d11e-17fd-851d-e053-ca3ca8c0ca7f,24643,Waterford city and suburbs,Waterford
4c07d11e-17fe-851d-e053-ca3ca8c0ca7f,24643,Waterford city and suburbs,Waterford
4c07d11e-17ff-851d-e053-ca3ca8c0ca7f,24643,Waterford city and suburbs,Waterford
4c07d11e-1800-851d-e053-ca3ca8c0ca7f,24643,Waterford city and suburbs,Waterford
4c07d11e-1801-851d-e053-ca3ca8c0ca7f,24643,Waterford city and suburbs,Waterford
4c07d11e-1802-851d-e053-ca3ca8c0ca7f,25684,Dungarvan,Waterford
4c07d11e-1803-851d-e053-ca3ca8c0ca7f,25684,Dungarvan,Waterford
4c07d11e-1804-851d-e053-ca3ca8c0ca7f,25684,Dungarvan,Waterford
4c07d11e-1805-851d-e053-ca3ca8c0ca7f,24643,Waterford city and suburbs,Waterford
4c07d11e-1806-851d-e053-ca3ca8c0ca7f,24643,Waterford city and suburbs,Waterford
4c07d11e-1807-851d-e053-ca3ca8c0ca7f,24643,Waterford city and suburbs,Waterford
4c07d11e-1808-851d-e053-ca3ca8c0ca7f,24643,Waterford city and suburbs,Waterford
4c07d11e-1809-851d-e053-ca3ca8c0ca7f,23702,Clonmel,Tipperary
4c07d11e-180a-851d-e053-ca3ca8c0ca7f,23702,Clonmel,Tipperary
4c07d11e-180b-851d-e053-ca3ca8c0ca7f,23702,Clonmel,Tipperary
4c07d11e-180c-851d-e053-ca3ca8c0ca7f,23702,Clonmel,Tipperary
4c07d11e-180d-851d-e053-ca3ca8c0ca7f,23702,Clonmel,Tipperary
4c07d11e-180e-851d-e053-ca3ca8c0ca7f,23702,Clonmel,Tipperary
4c07d11e-180f-851d-e053-ca3ca8c0ca7f,25684,Dungarvan,Waterford
4c07d11e-1810-851d-e053-ca3ca8c0ca7f,25684,Dungarvan,Waterford
4c07d11e-1811-851d-e053-ca3ca8c0ca7f,25683,Ballinroad,Waterford
4c07d11e-1812-851d-e053-ca3ca8c0ca7f,24643,Waterford city and suburbs,Waterford
4c07d11e-1813-851d-e053-ca3ca8c0ca7f,24643,Waterford city and suburbs,Waterford
4c07d11e-1814-851d-e053-ca3ca8c0ca7f,23702,Clonmel,Tipperary
4c07d11e-1815-851d-e053-ca3ca8c0ca7f,23702,Clonmel,Tipperary
4c07d11e-1816-851d-e053-ca3ca8c0ca7f,23702,Clonmel,Tipperary
4c07d11e-1817-851d-e053-ca3ca8c0ca7f,25683,Ballinroad,Waterford
4c07d11e-1818-851d-e053-ca3ca8c0ca7f,25680,Stradbally,Waterford
4c07d11e-1819-851d-e053-ca3ca8c0ca7f,23702,Clonmel,Tipperary
4c07d11e-181a-851d-e053-ca3ca8c0ca7f,12201,Edenderry,Offaly
4c07d11e-181b-851d-e053-ca3ca8c0ca7f,12201,Edenderry,Offaly
4c07d11e-181c-851d-e053-ca3ca8c0ca7f,12201,Edenderry,Offaly
4c07d11e-181d-851d-e053-ca3ca8c0ca7f,12201,Edenderry,Offaly
4c07d11e-181e-851d-e053-ca3ca8c0ca7f,14585,Gorey,Wexford
4c07d11e-181f-851d-e053-ca3ca8c0ca7f,14585,Gorey,Wexford
4c07d11e-1820-851d-e053-ca3ca8c0ca7f,14585,Gorey,Wexford
4c07d11e-1821-851d-e053-ca3ca8c0ca7f,06442,Naas,Kildare
4c07d11e-1822-851d-e053-ca3ca8c0ca7f,06442,Naas,Kildare
4c07d11e-1823-851d-e053-ca3ca8c0ca7f,06442,Naas,Kildare
4c07d11e-1824-851d-e053-ca3ca8c0ca7f,06442,Naas,Kildare
4c07d11e-1825-851d-e053-ca3ca8c0ca7f,06436,Celbridge,Kildare
4c07d11e-1826-851d-e053-ca3ca8c0ca7f,06436,Celbridge,Kildare
4c07d11e-1827-851d-e053-ca3ca8c0ca7f,06438,Maynooth,Kildare
4c07d11e-1828-851d-e053-ca3ca8c0ca7f,06438,Maynooth,Kildare
4c07d11e-1829-851d-e053-ca3ca8c0ca7f,06438,Maynooth,Kildare
4c07d11e-182a-851d-e053-ca3ca8c0ca7f,06438,Maynooth,Kildare
4c07d11e-182b-851d-e053-ca3ca8c0ca7f,14585,Gorey,Wexford
4c07d11e-182c-851d-e053-ca3ca8c0ca7f,14585,Gorey,Wexford
4c07d11e-182d-851d-e053-ca3ca8c0ca7f,14585,Gorey,Wexford
4c07d11e-182e-851d-e053-ca3ca8c0ca7f,06442,Naas,Kildare
4c07d11e-1830-851d-e053-ca3ca8c0ca7f,06442,Naas,Kildare
4c07d11e-1831-851d-e053-ca3ca8c0ca7f,06442,Naas,Kildare
4c07d11e-1832-851d-e053-ca3ca8c0ca7f,06436,Celbridge,Kildare
4c07d11e-1833-851d-e053-ca3ca8c0ca7f,06436,Celbridge,Kildare
4c07d11e-1834-851d-e053-ca3ca8c0ca7f,06436,Celbridge,Kildare
4c07d11e-1835-851d-e053-ca3ca8c0ca7f,06438,Maynooth,Kildare
4c07d11e-1836-851d-e053-ca3ca8c0ca7f,06438,Maynooth,Kildare
4c07d11e-1837-851d-e053-ca3ca8c0ca7f,06438,Maynooth,Kildare
4c07d11e-1838-851d-e053-ca3ca8c0ca7f,06438,Maynooth,Kildare
4c07d11e-1839-851d-e053-ca3ca8c0ca7f,12201,Edenderry,Offaly
4c07d11e-183a-851d-e053-ca3ca8c0ca7f,12201,Edenderry,Offaly
4c07d11e-183b-851d-e053-ca3ca8c0ca7f,12201,Edenderry,Offaly
4c07d11e-183c-851d-e053-ca3ca8c0ca7f,12201,Edenderry,Offaly
4c07d11e-183d-851d-e053-ca3ca8c0ca7f,06442,Naas,Kildare
4c07d11e-183e-851d-e053-ca3ca8c0ca7f,06442,Naas,Kildare
4c07d11e-183f-851d-e053-ca3ca8c0ca7f,06436,Celbridge,Kildare
4c07d11e-1840-851d-e053-ca3ca8c0ca7f,06436,Celbridge,Kildare
4c07d11e-1841-851d-e053-ca3ca8c0ca7f,06436,Celbridge,Kildare
4c07d11e-1842-851d-e053-ca3ca8c0ca7f,06438,Maynooth,Kildare
4c07d11e-1843-851d-e053-ca3ca8c0ca7f,06438,Maynooth,Kildare
4c07d11e-1844-851d-e053-ca3ca8c0ca7f,13187,Rochfortbridge,Westmeath
4c07d11e-1845-851d-e053-ca3ca8c0ca7f,13187,Rochfortbridge,Westmeath
4c07d11e-1846-851d-e053-ca3ca8c0ca7f,13183,Kinnegad,Westmeath
4c07d11e-1847-851d-e053-ca3ca8c0ca7f,06442,Naas,Kildare
4c07d11e-1848-851d-e053-ca3ca8c0ca7f,06442,Naas,Kildare
4c07d11e-1849-851d-e053-ca3ca8c0ca7f,06442,Naas,Kildare
4c07d11e-184a-851d-e053-ca3ca8c0ca7f,06436,Celbridge,Kildare
4c07d11e-184b-851d-e053-ca3ca8c0ca7f,06436,Celbridge,Kildare
4c07d11e-184c-851d-e053-ca3ca8c0ca7f,06436,Celbridge,Kildare
4c07d11e-184d-851d-e053-ca3ca8c0ca7f,06438,Maynooth,Kildare
4c07d11e-184e-851d-e053-ca3ca8c0ca7f,06438,Maynooth,Kildare
4c07d11e-184f-851d-e053-ca3ca8c0ca7f,06438,Maynooth,Kildare
4c07d11e-1850-851d-e053-ca3ca8c0ca7f,06438,Maynooth,Kildare
4c07d11e-1851-851d-e053-ca3ca8c0ca7f,13183,Kinnegad,Westmeath
4c07d11e-1852-851d-e053-ca3ca8c0ca7f,13183,Kinnegad,Westmeath
4c07d11e-1853-851d-e053-ca3ca8c0ca7f,13183,Kinnegad,Westmeath
4c07d11e-1854-851d-e053-ca3ca8c0ca7f,11431,Clonard,Meath
4c07d11e-1855-851d-e053-ca3ca8c0ca7f,06442,Naas,Kildare
4c07d11e-1856-851d-e053-ca3ca8c0ca7f,06441,Johnstown,Kildare
4c07d11e-1857-851d-e053-ca3ca8c0ca7f,06443,Sallins,Kildare
4c07d11e-1858-851d-e053-ca3ca8c0ca7f,06443,Sallins,Kildare
4c07d11e-1859-851d-e053-ca3ca8c0ca7f,06436,Celbridge,Kildare
4c07d11e-185a-851d-e053-ca3ca8c0ca7f,06436,Celbridge,Kildare
4c07d11e-185b-851d-e053-ca3ca8c0ca7f,06436,Celbridge,Kildare
4c07d11e-185c-851d-e053-ca3ca8c0ca7f,06436,Celbridge,Kildare
4c07d11e-185d-851d-e053-ca3ca8c0ca7f,06436,Celbridge,Kildare
4c07d11e-185e-851d-e053-ca3ca8c0ca7f,06436,Celbridge,Kildare
4c07d11e-1860-851d-e053-ca3ca8c0ca7f,06465,Allenwood,Kildare
4c07d11e-1861-851d-e053-ca3ca8c0ca7f,06457,Coill Dubh (Blackwood),Kildare
4c07d11e-1862-851d-e053-ca3ca8c0ca7f,06457,Coill Dubh (Blackwood),Kildare
4c07d11e-1863-851d-e053-ca3ca8c0ca7f,06443,Sallins,Kildare
4c07d11e-1864-851d-e053-ca3ca8c0ca7f,06443,Sallins,Kildare
4c07d11e-1865-851d-e053-ca3ca8c0ca7f,06443,Sallins,Kildare
4c07d11e-1866-851d-e053-ca3ca8c0ca7f,06443,Sallins,Kildare
4c07d11e-1867-851d-e053-ca3ca8c0ca7f,06436,Celbridge,Kildare
4c07d11e-1868-851d-e053-ca3ca8c0ca7f,06436,Celbridge,Kildare
4c07d11e-1869-851d-e053-ca3ca8c0ca7f,06436,Celbridge,Kildare
4c07d11e-186a-851d-e053-ca3ca8c0ca7f,06436,Celbridge,Kildare
4c07d11e-186b-851d-e053-ca3ca8c0ca7f,06433,Leixlip,Kildare
4c07d11e-186c-851d-e053-ca3ca8c0ca7f,06451,Prosperous,Kildare
4c07d11e-186d-851d-e053-ca3ca8c0ca7f,06451,Prosperous,Kildare
4c07d11e-186e-851d-e053-ca3ca8c0ca7f,06442,Naas,Kildare
4c07d11e-186f-851d-e053-ca3ca8c0ca7f,06441,Johnstown,Kildare
4c07d11e-1870-851d-e053-ca3ca8c0ca7f,06437,Kill,Kildare
4c07d11e-1871-851d-e053-ca3ca8c0ca7f,06437,Kill,Kildare
4c07d11e-1872-851d-e053-ca3ca8c0ca7f,06436,Celbridge,Kildare
4c07d11e-1873-851d-e053-ca3ca8c0ca7f,11423,Enfield,Meath
4c07d11e-1874-851d-e053-ca3ca8c0ca7f,11423,Enfield,Meath
4c07d11e-1876-851d-e053-ca3ca8c0ca7f,06433,Leixlip,Kildare
4c07d11e-1877-851d-e053-ca3ca8c0ca7f,06433,Leixlip,Kildare
4c07d11e-1878-851d-e053-ca3ca8c0ca7f,06433,Leixlip,Kildare
4c07d11e-1879-851d-e053-ca3ca8c0ca7f,06442,Naas,Kildare
4c07d11e-187a-851d-e053-ca3ca8c0ca7f,06442,Naas,Kildare
4c07d11e-187b-851d-e053-ca3ca8c0ca7f,06442,Naas,Kildare
4c07d11e-187c-851d-e053-ca3ca8c0ca7f,06437,Kill,Kildare
4c07d11e-187d-851d-e053-ca3ca8c0ca7f,06437,Kill,Kildare
4c07d11e-187e-851d-e053-ca3ca8c0ca7f,11423,Enfield,Meath
4c07d11e-187f-851d-e053-ca3ca8c0ca7f,11423,Enfield,Meath
4c07d11e-1882-851d-e053-ca3ca8c0ca7f,06433,Leixlip,Kildare
4c07d11e-1883-851d-e053-ca3ca8c0ca7f,06442,Naas,Kildare
4c07d11e-1884-851d-e053-ca3ca8c0ca7f,06442,Naas,Kildare
4c07d11e-1885-851d-e053-ca3ca8c0ca7f,06442,Naas,Kildare
4c07d11e-1886-851d-e053-ca3ca8c0ca7f,06437,Kill,Kildare
4c07d11e-1887-851d-e053-ca3ca8c0ca7f,06437,Kill,Kildare
4c07d11e-1888-851d-e053-ca3ca8c0ca7f,06447,Clane,Kildare
4c07d11e-1889-851d-e053-ca3ca8c0ca7f,06444,Kilcock,Kildare
4c07d11e-188a-851d-e053-ca3ca8c0ca7f,06444,Kilcock,Kildare
4c07d11e-188b-851d-e053-ca3ca8c0ca7f,06444,Kilcock,Kildare
4c07d11e-188c-851d-e053-ca3ca8c0ca7f,06433,Leixlip,Kildare
4c07d11e-188d-851d-e053-ca3ca8c0ca7f,06433,Leixlip,Kildare
4c07d11e-188e-851d-e053-ca3ca8c0ca7f,06433,Leixlip,Kildare
4c07d11e-188f-851d-e053-ca3ca8c0ca7f,06442,Naas,Kildare
4c07d11e-1890-851d-e053-ca3ca8c0ca7f,06442,Naas,Kildare
4c07d11e-1891-851d-e053-ca3ca8c0ca7f,06442,Naas,Kildare
4c07d11e-1892-851d-e053-ca3ca8c0ca7f,06442,Naas,Kildare
4c07d11e-1893-851d-e053-ca3ca8c0ca7f,06442,Naas,Kildare
4c07d11e-1894-851d-e053-ca3ca8c0ca7f,06447,Clane,Kildare
4c07d11e-1895-851d-e053-ca3ca8c0ca7f,06447,Clane,Kildare
4c07d11e-1896-851d-e053-ca3ca8c0ca7f,06447,Clane,Kildare
4c07d11e-1897-851d-e053-ca3ca8c0ca7f,06444,Kilcock,Kildare
4c07d11e-1898-851d-e053-ca3ca8c0ca7f,06444,Kilcock,Kildare
4c07d11e-1899-851d-e053-ca3ca8c0ca7f,06444,Kilcock,Kildare
4c07d11e-189a-851d-e053-ca3ca8c0ca7f,06438,Maynooth,Kildare
4c07d11e-189b-851d-e053-ca3ca8c0ca7f,06438,Maynooth,Kildare
4c07d11e-189c-851d-e053-ca3ca8c0ca7f,11418,Summerhill,Meath
4c07d11e-189d-851d-e053-ca3ca8c0ca7f,06442,Naas,Kildare
4c07d11e-189e-851d-e053-ca3ca8c0ca7f,06442,Naas,Kildare
4c07d11e-189f-851d-e053-ca3ca8c0ca7f,06442,Naas,Kildare
4c07d11e-18a0-851d-e053-ca3ca8c0ca7f,06442,Naas,Kildare
4c07d11e-18a1-851d-e053-ca3ca8c0ca7f,06447,Clane,Kildare
4c07d11e-18a2-851d-e053-ca3ca8c0ca7f,06447,Clane,Kildare
4c07d11e-18a3-851d-e053-ca3ca8c0ca7f,06444,Kilcock,Kildare
4c07d11e-18a4-851d-e053-ca3ca8c0ca7f,06444,Kilcock,Kildare
4c07d11e-18a5-851d-e053-ca3ca8c0ca7f,06444,Kilcock,Kildare
4c07d11e-18a6-851d-e053-ca3ca8c0ca7f,14595,Castlebridge,Wexford
4c07d11e-18a7-851d-e053-ca3ca8c0ca7f,14595,Castlebridge,Wexford
4c07d11e-18a8-851d-e053-ca3ca8c0ca7f,14595,Castlebridge,Wexford
4c07d11e-18a9-851d-e053-ca3ca8c0ca7f,06442,Naas,Kildare
4c07d11e-18aa-851d-e053-ca3ca8c0ca7f,06442,Naas,Kildare
4c07d11e-18ab-851d-e053-ca3ca8c0ca7f,06447,Clane,Kildare
4c07d11e-18ac-851d-e053-ca3ca8c0ca7f,06447,Clane,Kildare
4c07d11e-18ad-851d-e053-ca3ca8c0ca7f,06447,Clane,Kildare
4c07d11e-18ae-851d-e053-ca3ca8c0ca7f,06447,Clane,Kildare
4c07d11e-18af-851d-e053-ca3ca8c0ca7f,06444,Kilcock,Kildare
4c07d11e-18b0-851d-e053-ca3ca8c0ca7f,06444,Kilcock,Kildare
4c07d11e-18b1-851d-e053-ca3ca8c0ca7f,06444,Kilcock,Kildare
4c07d11e-18b2-851d-e053-ca3ca8c0ca7f,06444,Kilcock,Kildare
4c07d11e-18b3-851d-e053-ca3ca8c0ca7f,14595,Castlebridge,Wexford
4c07d11e-18b5-851d-e053-ca3ca8c0ca7f,14581,Courtown,Wexford
4c07d11e-18b6-851d-e053-ca3ca8c0ca7f,06442,Naas,Kildare
4c07d11e-18b7-851d-e053-ca3ca8c0ca7f,06442,Naas,Kildare
4c07d11e-18b8-851d-e053-ca3ca8c0ca7f,06447,Clane,Kildare
4c07d11e-18b9-851d-e053-ca3ca8c0ca7f,06447,Clane,Kildare
4c07d11e-18ba-851d-e053-ca3ca8c0ca7f,06447,Clane,Kildare
4c07d11e-18bb-851d-e053-ca3ca8c0ca7f,06444,Kilcock,Kildare
4c07d11e-18bc-851d-e053-ca3ca8c0ca7f,06438,Maynooth,Kildare
4c07d11e-18bd-851d-e053-ca3ca8c0ca7f,06438,Maynooth,Kildare
4c07d11e-18be-851d-e053-ca3ca8c0ca7f,14581,Courtown,Wexford
4c07d11e-18bf-851d-e053-ca3ca8c0ca7f,14581,Courtown,Wexford
4c07d11e-18c0-851d-e053-ca3ca8c0ca7f,06442,Naas,Kildare
4c07d11e-18c1-851d-e053-ca3ca8c0ca7f,06442,Naas,Kildare
4c07d11e-18c2-851d-e053-ca3ca8c0ca7f,06447,Clane,Kildare
4c07d11e-18c3-851d-e053-ca3ca8c0ca7f,06447,Clane,Kildare
4c07d11e-18c4-851d-e053-ca3ca8c0ca7f,06447,Clane,Kildare
4c07d11e-18c5-851d-e053-ca3ca8c0ca7f,06438,Maynooth,Kildare
4c07d11e-18c6-851d-e053-ca3ca8c0ca7f,06438,Maynooth,Kildare
4c07d11e-18c7-851d-e053-ca3ca8c0ca7f,14581,Courtown,Wexford
4c07d11e-18c8-851d-e053-ca3ca8c0ca7f,14581,Courtown,Wexford
4c07d11e-18c9-851d-e053-ca3ca8c0ca7f,14581,Courtown,Wexford
4c07d11e-18ca-851d-e053-ca3ca8c0ca7f,06442,Naas,Kildare
4c07d11e-18cb-851d-e053-ca3ca8c0ca7f,06442,Naas,Kildare
4c07d11e-18cc-851d-e053-ca3ca8c0ca7f,06442,Naas,Kildare
4c07d11e-18cd-851d-e053-ca3ca8c0ca7f,06436,Celbridge,Kildare
4c07d11e-18ce-851d-e053-ca3ca8c0ca7f,06436,Celbridge,Kildare
4c07d11e-18cf-851d-e053-ca3ca8c0ca7f,06436,Celbridge,Kildare
4c07d11e-18d0-851d-e053-ca3ca8c0ca7f,06436,Celbridge,Kildare
4c07d11e-18d1-851d-e053-ca3ca8c0ca7f,06438,Maynooth,Kildare
4c07d11e-18d2-851d-e053-ca3ca8c0ca7f,06438,Maynooth,Kildare
4c07d11e-18d3-851d-e053-ca3ca8c0ca7f,14581,Courtown,Wexford
4c07d11e-18d4-851d-e053-ca3ca8c0ca7f,14581,Courtown,Wexford
4c07d11e-18d5-851d-e053-ca3ca8c0ca7f,15391,Carnew,Wicklow
4c07d11e-18d7-851d-e053-ca3ca8c0ca7f,06442,Naas,Kildare
4c07d11e-18d8-851d-e053-ca3ca8c0ca7f,06442,Naas,Kildare
4c07d11e-18d9-851d-e053-ca3ca8c0ca7f,06436,Celbridge,Kildare
4c07d11e-18da-851d-e053-ca3ca8c0ca7f,06436,Celbridge,Kildare
4c07d11e-18db-851d-e053-ca3ca8c0ca7f,06436,Celbridge,Kildare
4c07d11e-18dc-851d-e053-ca3ca8c0ca7f,06436,Celbridge,Kildare
4c07d11e-18dd-851d-e053-ca3ca8c0ca7f,06438,Maynooth,Kildare
4c07d11e-18de-851d-e053-ca3ca8c0ca7f,06438,Maynooth,Kildare
4c07d11e-18df-851d-e053-ca3ca8c0ca7f,06438,Maynooth,Kildare
4c07d11e-18e0-851d-e053-ca3ca8c0ca7f,06438,Maynooth,Kildare
4c07d11e-18e1-851d-e053-ca3ca8c0ca7f,11401,Laytown-Bettystown-Mornington-Donacarney,Meath
4c07d11e-18e2-851d-e053-ca3ca8c0ca7f,11401,Laytown-Bettystown-Mornington-Donacarney,Meath
4c07d11e-18e4-851d-e053-ca3ca8c0ca7f,18765,Kinsale,Cork
4c07d11e-18e5-851d-e053-ca3ca8c0ca7f,18765,Kinsale,Cork
4c07d11e-18e6-851d-e053-ca3ca8c0ca7f,18765,Kinsale,Cork
4c07d11e-18e7-851d-e053-ca3ca8c0ca7f,33102,Donegal,Donegal
4c07d11e-18e9-851d-e053-ca3ca8c0ca7f,33091,Letterkenny,Donegal
4c07d11e-18ea-851d-e053-ca3ca8c0ca7f,33091,Letterkenny,Donegal
4c07d11e-18eb-851d-e053-ca3ca8c0ca7f,33091,Letterkenny,Donegal
4c07d11e-18ec-851d-e053-ca3ca8c0ca7f,33093,Kilmacrennan,Donegal
4c07d11e-18ed-851d-e053-ca3ca8c0ca7f,18828,Castletownbere,Cork
4c07d11e-18ee-851d-e053-ca3ca8c0ca7f,18828,Castletownbere,Cork
4c07d11e-18ef-851d-e053-ca3ca8c0ca7f,18765,Kinsale,Cork
4c07d11e-18f0-851d-e053-ca3ca8c0ca7f,18765,Kinsale,Cork
4c07d11e-18f1-851d-e053-ca3ca8c0ca7f,33094,Ballybofey-Stranorlar,Donegal
4c07d11e-18f2-851d-e053-ca3ca8c0ca7f,33094,Ballybofey-Stranorlar,Donegal
4c07d11e-18f3-851d-e053-ca3ca8c0ca7f,33094,Ballybofey-Stranorlar,Donegal
4c07d11e-18f4-851d-e053-ca3ca8c0ca7f,33094,Ballybofey-Stranorlar,Donegal
4c07d11e-18f5-851d-e053-ca3ca8c0ca7f,33094,Ballybofey-Stranorlar,Donegal
4c07d11e-18f7-851d-e053-ca3ca8c0ca7f,33076,St. Johnston,Donegal
4c07d11e-18f8-851d-e053-ca3ca8c0ca7f,33076,St. Johnston,Donegal
4c07d11e-18f9-851d-e053-ca3ca8c0ca7f,33074,Carrigans,Donegal
4c07d11e-18fa-851d-e053-ca3ca8c0ca7f,18826,Schull,Cork
4c07d11e-18fb-851d-e053-ca3ca8c0ca7f,18824,Ballydehob,Cork
4c07d11e-18fc-851d-e053-ca3ca8c0ca7f,18821,Skibbereen,Cork
4c07d11e-18fd-851d-e053-ca3ca8c0ca7f,11402,Stamullen,Meath
4c07d11e-18fe-851d-e053-ca3ca8c0ca7f,11401,Laytown-Bettystown-Mornington-Donacarney,Meath
4c07d11e-18ff-851d-e053-ca3ca8c0ca7f,11401,Laytown-Bettystown-Mornington-Donacarney,Meath
4c07d11e-1901-851d-e053-ca3ca8c0ca7f,33094,Ballybofey-Stranorlar,Donegal
4c07d11e-1902-851d-e053-ca3ca8c0ca7f,33094,Ballybofey-Stranorlar,Donegal
4c07d11e-1903-851d-e053-ca3ca8c0ca7f,33086,Ramelton,Donegal
4c07d11e-1904-851d-e053-ca3ca8c0ca7f,33086,Ramelton,Donegal
4c07d11e-1905-851d-e053-ca3ca8c0ca7f,18821,Skibbereen,Cork
4c07d11e-1906-851d-e053-ca3ca8c0ca7f,18823,Bantry,Cork
4c07d11e-1907-851d-e053-ca3ca8c0ca7f,18823,Bantry,Cork
4c07d11e-1908-851d-e053-ca3ca8c0ca7f,11401,Laytown-Bettystown-Mornington-Donacarney,Meath
4c07d11e-1909-851d-e053-ca3ca8c0ca7f,11401,Laytown-Bettystown-Mornington-Donacarney,Meath
4c07d11e-190a-851d-e053-ca3ca8c0ca7f,33094,Ballybofey-Stranorlar,Donegal
4c07d11e-190b-851d-e053-ca3ca8c0ca7f,33094,Ballybofey-Stranorlar,Donegal
4c07d11e-190c-851d-e053-ca3ca8c0ca7f,33086,Ramelton,Donegal
4c07d11e-190d-851d-e053-ca3ca8c0ca7f,33086,Ramelton,Donegal
4c07d11e-190e-851d-e053-ca3ca8c0ca7f,18823,Bantry,Cork
4c07d11e-1911-851d-e053-ca3ca8c0ca7f,10012,Dunleer,Louth
4c07d11e-1913-851d-e053-ca3ca8c0ca7f,33094,Ballybofey-Stranorlar,Donegal
4c07d11e-1914-851d-e053-ca3ca8c0ca7f,33094,Ballybofey-Stranorlar,Donegal
4c07d11e-1916-851d-e053-ca3ca8c0ca7f,33079,Newtowncunningham,Donegal
4c07d11e-1918-851d-e053-ca3ca8c0ca7f,33086,Ramelton,Donegal
4c07d11e-1919-851d-e053-ca3ca8c0ca7f,18823,Bantry,Cork
4c07d11e-191a-851d-e053-ca3ca8c0ca7f,18823,Bantry,Cork
4c07d11e-191b-851d-e053-ca3ca8c0ca7f,18821,Skibbereen,Cork
4c07d11e-191c-851d-e053-ca3ca8c0ca7f,18821,Skibbereen,Cork
4c07d11e-191d-851d-e053-ca3ca8c0ca7f,10011,Castlebellingham-Kilsaran,Louth
4c07d11e-191e-851d-e053-ca3ca8c0ca7f,10002,Clogherhead,Louth
4c07d11e-191f-851d-e053-ca3ca8c0ca7f,10014,Dromiskin,Louth
4c07d11e-1920-851d-e053-ca3ca8c0ca7f,10014,Dromiskin,Louth
4c07d11e-1921-851d-e053-ca3ca8c0ca7f,33089,Killygordon,Donegal
4c07d11e-1923-851d-e053-ca3ca8c0ca7f,33087,Convoy,Donegal
4c07d11e-1926-851d-e053-ca3ca8c0ca7f,18821,Skibbereen,Cork
4c07d11e-1927-851d-e053-ca3ca8c0ca7f,18808,Rosscarbery,Cork
4c07d11e-1928-851d-e053-ca3ca8c0ca7f,18801,Clonakilty,Cork
4c07d11e-1929-851d-e053-ca3ca8c0ca7f,10013,Dundalk,Louth
4c07d11e-192b-851d-e053-ca3ca8c0ca7f,10013,Dundalk,Louth
4c07d11e-192c-851d-e053-ca3ca8c0ca7f,33087,Convoy,Donegal
4c07d11e-192d-851d-e053-ca3ca8c0ca7f,33084,Raphoe,Donegal
4c07d11e-192e-851d-e053-ca3ca8c0ca7f,33084,Raphoe,Donegal
4c07d11e-192f-851d-e053-ca3ca8c0ca7f,33084,Raphoe,Donegal
4c07d11e-1930-851d-e053-ca3ca8c0ca7f,33084,Raphoe,Donegal
4c07d11e-1932-851d-e053-ca3ca8c0ca7f,33075,Buncrana,Donegal
4c07d11e-1933-851d-e053-ca3ca8c0ca7f,33075,Buncrana,Donegal
4c07d11e-1934-851d-e053-ca3ca8c0ca7f,33075,Buncrana,Donegal
4c07d11e-1935-851d-e053-ca3ca8c0ca7f,18801,Clonakilty,Cork
4c07d11e-1936-851d-e053-ca3ca8c0ca7f,18801,Clonakilty,Cork
4c07d11e-1937-851d-e053-ca3ca8c0ca7f,18801,Clonakilty,Cork
4c07d11e-1938-851d-e053-ca3ca8c0ca7f,10013,Dundalk,Louth
4c07d11e-1939-851d-e053-ca3ca8c0ca7f,10013,Dundalk,Louth
4c07d11e-193a-851d-e053-ca3ca8c0ca7f,10013,Dundalk,Louth
4c07d11e-193b-851d-e053-ca3ca8c0ca7f,10013,Dundalk,Louth
4c07d11e-193c-851d-e053-ca3ca8c0ca7f,33078,Lifford,Donegal
4c07d11e-193d-851d-e053-ca3ca8c0ca7f,33078,Lifford,Donegal
4c07d11e-193e-851d-e053-ca3ca8c0ca7f,33075,Buncrana,Donegal
4c07d11e-193f-851d-e053-ca3ca8c0ca7f,33075,Buncrana,Donegal
4c07d11e-1940-851d-e053-ca3ca8c0ca7f,33075,Buncrana,Donegal
4c07d11e-1941-851d-e053-ca3ca8c0ca7f,33075,Buncrana,Donegal
4c07d11e-1942-851d-e053-ca3ca8c0ca7f,18801,Clonakilty,Cork
4c07d11e-1943-851d-e053-ca3ca8c0ca7f,18801,Clonakilty,Cork
4c07d11e-1944-851d-e053-ca3ca8c0ca7f,18801,Clonakilty,Cork
4c07d11e-1945-851d-e053-ca3ca8c0ca7f,10013,Dundalk,Louth
4c07d11e-1948-851d-e053-ca3ca8c0ca7f,10013,Dundalk,Louth
4c07d11e-1949-851d-e053-ca3ca8c0ca7f,10013,Dundalk,Louth
4c07d11e-194a-851d-e053-ca3ca8c0ca7f,10013,Dundalk,Louth
4c07d11e-194b-851d-e053-ca3ca8c0ca7f,33117,An Clochán Liath,Donegal
4c07d11e-194c-851d-e053-ca3ca8c0ca7f,33117,An Clochán Liath,Donegal
4c07d11e-194d-851d-e053-ca3ca8c0ca7f,33115,Anagaire,Donegal
4c07d11e-194e-851d-e053-ca3ca8c0ca7f,33104,Gort An Choirce,Donegal
4c07d11e-194f-851d-e053-ca3ca8c0ca7f,33101,An Fál Carrach,Donegal
4c07d11e-1950-851d-e053-ca3ca8c0ca7f,33075,Buncrana,Donegal
4c07d11e-1951-851d-e053-ca3ca8c0ca7f,33075,Buncrana,Donegal
4c07d11e-1952-851d-e053-ca3ca8c0ca7f,18811,Dunmanway,Cork
4c07d11e-1954-851d-e053-ca3ca8c0ca7f,18787,Bandon,Cork
4c07d11e-1955-851d-e053-ca3ca8c0ca7f,18787,Bandon,Cork
4c07d11e-1956-851d-e053-ca3ca8c0ca7f,18787,Bandon,Cork
4c07d11e-1957-851d-e053-ca3ca8c0ca7f,10013,Dundalk,Louth
4c07d11e-1958-851d-e053-ca3ca8c0ca7f,10013,Dundalk,Louth
4c07d11e-1959-851d-e053-ca3ca8c0ca7f,33101,An Fál Carrach,Donegal
4c07d11e-195a-851d-e053-ca3ca8c0ca7f,33098,Creeslough,Donegal
4c07d11e-195c-851d-e053-ca3ca8c0ca7f,33091,Letterkenny,Donegal
4c07d11e-195e-851d-e053-ca3ca8c0ca7f,33075,Buncrana,Donegal
4c07d11e-195f-851d-e053-ca3ca8c0ca7f,33075,Buncrana,Donegal
4c07d11e-1960-851d-e053-ca3ca8c0ca7f,33075,Buncrana,Donegal
4c07d11e-1961-851d-e053-ca3ca8c0ca7f,18787,Bandon,Cork
4c07d11e-1962-851d-e053-ca3ca8c0ca7f,18787,Bandon,Cork
4c07d11e-1964-851d-e053-ca3ca8c0ca7f,10013,Dundalk,Louth
4c07d11e-1965-851d-e053-ca3ca8c0ca7f,10013,Dundalk,Louth
4c07d11e-1966-851d-e053-ca3ca8c0ca7f,10013,Dundalk,Louth
4c07d11e-1967-851d-e053-ca3ca8c0ca7f,10013,Dundalk,Louth
4c07d11e-1968-851d-e053-ca3ca8c0ca7f,33091,Letterkenny,Donegal
4c07d11e-1969-851d-e053-ca3ca8c0ca7f,33091,Letterkenny,Donegal
4c07d11e-196a-851d-e053-ca3ca8c0ca7f,33091,Letterkenny,Donegal
4c07d11e-196b-851d-e053-ca3ca8c0ca7f,33091,Letterkenny,Donegal
4c07d11e-196c-851d-e053-ca3ca8c0ca7f,33091,Letterkenny,Donegal
4c07d11e-196d-851d-e053-ca3ca8c0ca7f,33075,Buncrana,Donegal
4c07d11e-196e-851d-e053-ca3ca8c0ca7f,33075,Buncrana,Donegal
4c07d11e-196f-851d-e053-ca3ca8c0ca7f,18787,Bandon,Cork
4c07d11e-1970-851d-e053-ca3ca8c0ca7f,18787,Bandon,Cork
4c07d11e-1971-851d-e053-ca3ca8c0ca7f,18787,Bandon,Cork
4c07d11e-1974-851d-e053-ca3ca8c0ca7f,33091,Letterkenny,Donegal
4c07d11e-1975-851d-e053-ca3ca8c0ca7f,33091,Letterkenny,Donegal
4c07d11e-1976-851d-e053-ca3ca8c0ca7f,33091,Letterkenny,Donegal
4c07d11e-1977-851d-e053-ca3ca8c0ca7f,33091,Letterkenny,Donegal
4c07d11e-1978-851d-e053-ca3ca8c0ca7f,33075,Buncrana,Donegal
4c07d11e-1979-851d-e053-ca3ca8c0ca7f,33071,Kildrum,Donegal
4c07d11e-197a-851d-e053-ca3ca8c0ca7f,33070,Burnfoot,Donegal
4c07d11e-197c-851d-e053-ca3ca8c0ca7f,18787,Bandon,Cork
4c07d11e-197d-851d-e053-ca3ca8c0ca7f,18787,Bandon,Cork
4c07d11e-197e-851d-e053-ca3ca8c0ca7f,18787,Bandon,Cork
4c07d11e-197f-851d-e053-ca3ca8c0ca7f,10013,Dundalk,Louth
4c07d11e-1980-851d-e053-ca3ca8c0ca7f,10013,Dundalk,Louth
4c07d11e-1981-851d-e053-ca3ca8c0ca7f,33091,Letterkenny,Donegal
4c07d11e-1982-851d-e053-ca3ca8c0ca7f,33091,Letterkenny,Donegal
4c07d11e-1984-851d-e053-ca3ca8c0ca7f,33066,Carndonagh,Donegal
4c07d11e-1986-851d-e053-ca3ca8c0ca7f,33072,Clonmany,Donegal
4c07d11e-1987-851d-e053-ca3ca8c0ca7f,33066,Carndonagh,Donegal
4c07d11e-1988-851d-e053-ca3ca8c0ca7f,33066,Carndonagh,Donegal
4c07d11e-1989-851d-e053-ca3ca8c0ca7f,18787,Bandon,Cork
4c07d11e-198a-851d-e053-ca3ca8c0ca7f,18787,Bandon,Cork
4c07d11e-198b-851d-e053-ca3ca8c0ca7f,18787,Bandon,Cork
4c07d11e-198c-851d-e053-ca3ca8c0ca7f,10013,Dundalk,Louth
4c07d11e-198d-851d-e053-ca3ca8c0ca7f,10001,Carlingford,Louth
4c07d11e-198e-851d-e053-ca3ca8c0ca7f,10006,Omeath,Louth
4c07d11e-198f-851d-e053-ca3ca8c0ca7f,10006,Omeath,Louth
4c07d11e-1990-851d-e053-ca3ca8c0ca7f,33091,Letterkenny,Donegal
4c07d11e-1991-851d-e053-ca3ca8c0ca7f,33091,Letterkenny,Donegal
4c07d11e-1992-851d-e053-ca3ca8c0ca7f,33091,Letterkenny,Donegal
4c07d11e-1993-851d-e053-ca3ca8c0ca7f,33066,Carndonagh,Donegal
4c07d11e-1994-851d-e053-ca3ca8c0ca7f,33061,Moville,Donegal
4c07d11e-1996-851d-e053-ca3ca8c0ca7f,33060,Greencastle,Donegal
4c07d11e-1997-851d-e053-ca3ca8c0ca7f,19864,Cahirciveen,Kerry
4c07d11e-1998-851d-e053-ca3ca8c0ca7f,18787,Bandon,Cork
4c07d11e-1999-851d-e053-ca3ca8c0ca7f,18787,Bandon,Cork
4c07d11e-199a-851d-e053-ca3ca8c0ca7f,18787,Bandon,Cork
4c07d11e-199b-851d-e053-ca3ca8c0ca7f,18787,Bandon,Cork
4c07d11e-199c-851d-e053-ca3ca8c0ca7f,33116,Dunkineely,Donegal
4c07d11e-199d-851d-e053-ca3ca8c0ca7f,33107,Mountcharles,Donegal
4c07d11e-199e-851d-e053-ca3ca8c0ca7f,33091,Letterkenny,Donegal
4c07d11e-199f-851d-e053-ca3ca8c0ca7f,33091,Letterkenny,Donegal
4c07d11e-19a0-851d-e053-ca3ca8c0ca7f,33091,Letterkenny,Donegal
4c07d11e-19a1-851d-e053-ca3ca8c0ca7f,19864,Cahirciveen,Kerry
4c07d11e-19a2-851d-e053-ca3ca8c0ca7f,19864,Cahirciveen,Kerry
4c07d11e-19a3-851d-e053-ca3ca8c0ca7f,19864,Cahirciveen,Kerry
4c07d11e-19a4-851d-e053-ca3ca8c0ca7f,18775,Inishannon,Cork
4c07d11e-19a5-851d-e053-ca3ca8c0ca7f,18775,Inishannon,Cork
4c07d11e-19a6-851d-e053-ca3ca8c0ca7f,18765,Kinsale,Cork
4c07d11e-19a7-851d-e053-ca3ca8c0ca7f,18765,Kinsale,Cork
4c07d11e-19a8-851d-e053-ca3ca8c0ca7f,33102,Donegal,Donegal
4c07d11e-19a9-851d-e053-ca3ca8c0ca7f,33102,Donegal,Donegal
4c07d11e-19aa-851d-e053-ca3ca8c0ca7f,33102,Donegal,Donegal
4c07d11e-19ab-851d-e053-ca3ca8c0ca7f,33102,Donegal,Donegal
4c07d11e-19ac-851d-e053-ca3ca8c0ca7f,33091,Letterkenny,Donegal
4c07d11e-19ad-851d-e053-ca3ca8c0ca7f,33091,Letterkenny,Donegal
4c07d11e-19ae-851d-e053-ca3ca8c0ca7f,33091,Letterkenny,Donegal
4c07d11e-19af-851d-e053-ca3ca8c0ca7f,33091,Letterkenny,Donegal
4c07d11e-19b0-851d-e053-ca3ca8c0ca7f,33091,Letterkenny,Donegal
4c07d11e-19b1-851d-e053-ca3ca8c0ca7f,19865,Dingle-Daingean Uí Chuis,Kerry
4c07d11e-19b2-851d-e053-ca3ca8c0ca7f,19865,Dingle-Daingean Uí Chuis,Kerry
4c07d11e-19b3-851d-e053-ca3ca8c0ca7f,19865,Dingle-Daingean Uí Chuis,Kerry
4c07d11e-19b4-851d-e053-ca3ca8c0ca7f,18822,Baltimore,Cork
4c07d11e-19b6-851d-e053-ca3ca8c0ca7f,20497,Limerick city and suburbs,Limerick
4c07d11e-19b7-851d-e053-ca3ca8c0ca7f,26305,Galway city and suburbs,Galway
4c07d11e-19b8-851d-e053-ca3ca8c0ca7f,26305,Galway city and suburbs,Galway
4c07d11e-19b9-851d-e053-ca3ca8c0ca7f,26305,Galway city and suburbs,Galway
4c07d11e-19ba-851d-e053-ca3ca8c0ca7f,26305,Galway city and suburbs,Galway
4c07d11e-19bb-851d-e053-ca3ca8c0ca7f,20497,Limerick city and suburbs,Limerick
4c07d11e-19bc-851d-e053-ca3ca8c0ca7f,20497,Limerick city and suburbs,Limerick
4c07d11e-19bd-851d-e053-ca3ca8c0ca7f,27272,Loughrea,Galway
4c07d11e-19be-851d-e053-ca3ca8c0ca7f,27272,Loughrea,Galway
4c07d11e-19c0-851d-e053-ca3ca8c0ca7f,27296,Maigh Cuilinn,Galway
4c07d11e-19c1-851d-e053-ca3ca8c0ca7f,26305,Galway city and suburbs,Galway
4c07d11e-19c2-851d-e053-ca3ca8c0ca7f,26305,Galway city and suburbs,Galway
4c07d11e-19c3-851d-e053-ca3ca8c0ca7f,26305,Galway city and suburbs,Galway
4c07d11e-19c4-851d-e053-ca3ca8c0ca7f,26305,Galway city and suburbs,Galway
4c07d11e-19c5-851d-e053-ca3ca8c0ca7f,27289,Oranmore,Galway
4c07d11e-19c6-851d-e053-ca3ca8c0ca7f,20497,Limerick city and suburbs,Limerick
4c07d11e-19c8-851d-e053-ca3ca8c0ca7f,21511,Annacotty,Limerick
4c07d11e-19c9-851d-e053-ca3ca8c0ca7f,27295,Bearna,Galway
4c07d11e-19ca-851d-e053-ca3ca8c0ca7f,27295,Bearna,Galway
4c07d11e-19cb-851d-e053-ca3ca8c0ca7f,26305,Galway city and suburbs,Galway
4c07d11e-19cc-851d-e053-ca3ca8c0ca7f,26305,Galway city and suburbs,Galway
4c07d11e-19cd-851d-e053-ca3ca8c0ca7f,26305,Galway city and suburbs,Galway
4c07d11e-19ce-851d-e053-ca3ca8c0ca7f,26305,Galway city and suburbs,Galway
4c07d11e-19d0-851d-e053-ca3ca8c0ca7f,20497,Limerick city and suburbs,Limerick
4c07d11e-19d1-851d-e053-ca3ca8c0ca7f,21511,Annacotty,Limerick
4c07d11e-19d2-851d-e053-ca3ca8c0ca7f,21511,Annacotty,Limerick
4c07d11e-19d3-851d-e053-ca3ca8c0ca7f,26305,Galway city and suburbs,Galway
4c07d11e-19d4-851d-e053-ca3ca8c0ca7f,26305,Galway city and suburbs,Galway
4c07d11e-19d5-851d-e053-ca3ca8c0ca7f,26305,Galway city and suburbs,Galway
4c07d11e-19d6-851d-e053-ca3ca8c0ca7f,26305,Galway city and suburbs,Galway
4c07d11e-19d7-851d-e053-ca3ca8c0ca7f,26305,Galway city and suburbs,Galway
4c07d11e-19d8-851d-e053-ca3ca8c0ca7f,26305,Galway city and suburbs,Galway
4c07d11e-19d9-851d-e053-ca3ca8c0ca7f,20497,Limerick city and suburbs,Limerick
4c07d11e-19da-851d-e053-ca3ca8c0ca7f,20497,Limerick city and suburbs,Limerick
4c07d11e-19db-851d-e053-ca3ca8c0ca7f,20497,Limerick city and suburbs,Limerick
4c07d11e-19dc-851d-e053-ca3ca8c0ca7f,20497,Limerick city and suburbs,Limerick
4c07d11e-19dd-851d-e053-ca3ca8c0ca7f,21511,Annacotty,Limerick
4c07d11e-19de-851d-e053-ca3ca8c0ca7f,21511,Annacotty,Limerick
4c07d11e-19df-851d-e053-ca3ca8c0ca7f,26305,Galway city and suburbs,Galway
4c07d11e-19e0-851d-e053-ca3ca8c0ca7f,26305,Galway city and suburbs,Galway
4c07d11e-19e1-851d-e053-ca3ca8c0ca7f,26305,Galway city and suburbs,Galway
4c07d11e-19e2-851d-e053-ca3ca8c0ca7f,26305,Galway city and suburbs,Galway
4c07d11e-19e3-851d-e053-ca3ca8c0ca7f,26305,Galway city and suburbs,Galway
4c07d11e-19e4-851d-e053-ca3ca8c0ca7f,26305,Galway city and suburbs,Galway
4c07d11e-19e5-851d-e053-ca3ca8c0ca7f,26305,Galway city and suburbs,Galway
4c07d11e-19e6-851d-e053-ca3ca8c0ca7f,20497,Limerick city and suburbs,Limerick
4c07d11e-19e7-851d-e053-ca3ca8c0ca7f,16551,Ballycannan,Clare
4c07d11e-19e8-851d-e053-ca3ca8c0ca7f,16547,Ardnacrusha,Clare
4c07d11e-19e9-851d-e053-ca3ca8c0ca7f,16555,Sixmilebridge,Clare
4c07d11e-19ea-851d-e053-ca3ca8c0ca7f,21510,Castleconnell,Limerick
4c07d11e-19eb-851d-e053-ca3ca8c0ca7f,21510,Castleconnell,Limerick
4c07d11e-19ec-851d-e053-ca3ca8c0ca7f,21510,Castleconnell,Limerick
4c07d11e-19ed-851d-e053-ca3ca8c0ca7f,22495,Newport,Tipperary
4c07d11e-19ee-851d-e053-ca3ca8c0ca7f,26305,Galway city and suburbs,Galway
4c07d11e-19ef-851d-e053-ca3ca8c0ca7f,26305,Galway city and suburbs,Galway
4c07d11e-19f0-851d-e053-ca3ca8c0ca7f,26305,Galway city and suburbs,Galway
4c07d11e-19f1-851d-e053-ca3ca8c0ca7f,26305,Galway city and suburbs,Galway
4c07d11e-19f2-851d-e053-ca3ca8c0ca7f,26305,Galway city and suburbs,Galway
4c07d11e-19f3-851d-e053-ca3ca8c0ca7f,20497,Limerick city and suburbs,Limerick
4c07d11e-19f4-851d-e053-ca3ca8c0ca7f,20497,Limerick city and suburbs,Limerick
4c07d11e-19f5-851d-e053-ca3ca8c0ca7f,20497,Limerick city and suburbs,Limerick
4c07d11e-19f6-851d-e053-ca3ca8c0ca7f,22495,Newport,Tipperary
4c07d11e-19f7-851d-e053-ca3ca8c0ca7f,16546,Clonlara,Clare
4c07d11e-19f8-851d-e053-ca3ca8c0ca7f,16543,Killaloe,Clare
4c07d11e-19f9-851d-e053-ca3ca8c0ca7f,16543,Killaloe,Clare
4c07d11e-19fa-851d-e053-ca3ca8c0ca7f,26305,Galway city and suburbs,Galway
4c07d11e-19fb-851d-e053-ca3ca8c0ca7f,26305,Galway city and suburbs,Galway
4c07d11e-19fc-851d-e053-ca3ca8c0ca7f,26305,Galway city and suburbs,Galway
4c07d11e-19fd-851d-e053-ca3ca8c0ca7f,26305,Galway city and suburbs,Galway
4c07d11e-19fe-851d-e053-ca3ca8c0ca7f,26305,Galway city and suburbs,Galway
4c07d11e-19ff-851d-e053-ca3ca8c0ca7f,26305,Galway city and suburbs,Galway
4c07d11e-1a00-851d-e053-ca3ca8c0ca7f,26305,Galway city and suburbs,Galway
4c07d11e-1a01-851d-e053-ca3ca8c0ca7f,26305,Galway city and suburbs,Galway
4c07d11e-1a02-851d-e053-ca3ca8c0ca7f,20497,Limerick city and suburbs,Limerick
4c07d11e-1a03-851d-e053-ca3ca8c0ca7f,20497,Limerick city and suburbs,Limerick
4c07d11e-1a04-851d-e053-ca3ca8c0ca7f,22496,Ballina,Tipperary
4c07d11e-1a05-851d-e053-ca3ca8c0ca7f,22496,Ballina,Tipperary
4c07d11e-1a06-851d-e053-ca3ca8c0ca7f,22496,Ballina,Tipperary
4c07d11e-1a07-851d-e053-ca3ca8c0ca7f,26305,Galway city and suburbs,Galway
4c07d11e-1a08-851d-e053-ca3ca8c0ca7f,26305,Galway city and suburbs,Galway
4c07d11e-1a09-851d-e053-ca3ca8c0ca7f,26305,Galway city and suburbs,Galway
4c07d11e-1a0a-851d-e053-ca3ca8c0ca7f,26305,Galway city and suburbs,Galway
4c07d11e-1a0b-851d-e053-ca3ca8c0ca7f,26305,Galway city and suburbs,Galway
4c07d11e-1a0c-851d-e053-ca3ca8c0ca7f,26305,Galway city and suburbs,Galway
4c07d11e-1a0d-851d-e053-ca3ca8c0ca7f,20497,Limerick city and suburbs,Limerick
4c07d11e-1a0e-851d-e053-ca3ca8c0ca7f,20497,Limerick city and suburbs,Limerick
4c07d11e-1a0f-851d-e053-ca3ca8c0ca7f,20497,Limerick city and suburbs,Limerick
4c07d11e-1a10-851d-e053-ca3ca8c0ca7f,22496,Ballina,Tipperary
4c07d11e-1a11-851d-e053-ca3ca8c0ca7f,22496,Ballina,Tipperary
4c07d11e-1a12-851d-e053-ca3ca8c0ca7f,26305,Galway city and suburbs,Galway
4c07d11e-1a13-851d-e053-ca3ca8c0ca7f,26305,Galway city and suburbs,Galway
4c07d11e-1a14-851d-e053-ca3ca8c0ca7f,26305,Galway city and suburbs,Galway
4c07d11e-1a15-851d-e053-ca3ca8c0ca7f,26305,Galway city and suburbs,Galway
4c07d11e-1a16-851d-e053-ca3ca8c0ca7f,26305,Galway city and suburbs,Galway
4c07d11e-1a17-851d-e053-ca3ca8c0ca7f,26305,Galway city and suburbs,Galway
4c07d11e-1a18-851d-e053-ca3ca8c0ca7f,26305,Galway city and suburbs,Galway
4c07d11e-1a19-851d-e053-ca3ca8c0ca7f,20497,Limerick city and suburbs,Limerick
4c07d11e-1a1a-851d-e053-ca3ca8c0ca7f,20497,Limerick city and suburbs,Limerick
4c07d11e-1a1b-851d-e053-ca3ca8c0ca7f,20497,Limerick city and suburbs,Limerick
4c07d11e-1a1c-851d-e053-ca3ca8c0ca7f,16573,Lehinch,Clare
4c07d11e-1a1f-851d-e053-ca3ca8c0ca7f,16571,Ennistimon,Clare
4c07d11e-1a20-851d-e053-ca3ca8c0ca7f,26305,Galway city and suburbs,Galway
4c07d11e-1a21-851d-e053-ca3ca8c0ca7f,26305,Galway city and suburbs,Galway
4c07d11e-1a22-851d-e053-ca3ca8c0ca7f,26305,Galway city and suburbs,Galway
4c07d11e-1a23-851d-e053-ca3ca8c0ca7f,26305,Galway city and suburbs,Galway
4c07d11e-1a24-851d-e053-ca3ca8c0ca7f,26305,Galway city and suburbs,Galway
4c07d11e-1a25-851d-e053-ca3ca8c0ca7f,26305,Galway city and suburbs,Galway
4c07d11e-1a26-851d-e053-ca3ca8c0ca7f,26305,Galway city and suburbs,Galway
4c07d11e-1a27-851d-e053-ca3ca8c0ca7f,26305,Galway city and suburbs,Galway
4c07d11e-1a28-851d-e053-ca3ca8c0ca7f,20497,Limerick city and suburbs,Limerick
4c07d11e-1a29-851d-e053-ca3ca8c0ca7f,20497,Limerick city and suburbs,Limerick
4c07d11e-1a2a-851d-e053-ca3ca8c0ca7f,20497,Limerick city and suburbs,Limerick
4c07d11e-1a2b-851d-e053-ca3ca8c0ca7f,16571,Ennistimon,Clare
4c07d11e-1a2c-851d-e053-ca3ca8c0ca7f,16571,Ennistimon,Clare
4c07d11e-1a2d-851d-e053-ca3ca8c0ca7f,26305,Galway city and suburbs,Galway
4c07d11e-1a2e-851d-e053-ca3ca8c0ca7f,26305,Galway city and suburbs,Galway
4c07d11e-1a2f-851d-e053-ca3ca8c0ca7f,26305,Galway city and suburbs,Galway
4c07d11e-1a30-851d-e053-ca3ca8c0ca7f,26305,Galway city and suburbs,Galway
4c07d11e-1a31-851d-e053-ca3ca8c0ca7f,26305,Galway city and suburbs,Galway
4c07d11e-1a32-851d-e053-ca3ca8c0ca7f,26305,Galway city and suburbs,Galway
4c07d11e-1a33-851d-e053-ca3ca8c0ca7f,26305,Galway city and suburbs,Galway
4c07d11e-1a34-851d-e053-ca3ca8c0ca7f,20497,Limerick city and suburbs,Limerick
4c07d11e-1a35-851d-e053-ca3ca8c0ca7f,20497,Limerick city and suburbs,Limerick
4c07d11e-1a36-851d-e053-ca3ca8c0ca7f,20497,Limerick city and suburbs,Limerick
4c07d11e-1a38-851d-e053-ca3ca8c0ca7f,16571,Ennistimon,Clare
4c07d11e-1a39-851d-e053-ca3ca8c0ca7f,27290,Kinvarra,Galway
4c07d11e-1a3a-851d-e053-ca3ca8c0ca7f,26305,Galway city and suburbs,Galway
4c07d11e-1a3b-851d-e053-ca3ca8c0ca7f,26305,Galway city and suburbs,Galway
4c07d11e-1a3c-851d-e053-ca3ca8c0ca7f,26305,Galway city and suburbs,Galway
4c07d11e-1a3d-851d-e053-ca3ca8c0ca7f,26305,Galway city and suburbs,Galway
4c07d11e-1a3e-851d-e053-ca3ca8c0ca7f,26305,Galway city and suburbs,Galway
4c07d11e-1a3f-851d-e053-ca3ca8c0ca7f,26305,Galway city and suburbs,Galway
4c07d11e-1a40-851d-e053-ca3ca8c0ca7f,26305,Galway city and suburbs,Galway
4c07d11e-1a41-851d-e053-ca3ca8c0ca7f,20497,Limerick city and suburbs,Limerick
4c07d11e-1a42-851d-e053-ca3ca8c0ca7f,20497,Limerick city and suburbs,Limerick
4c07d11e-1a44-851d-e053-ca3ca8c0ca7f,27279,Gort,Galway
4c07d11e-1a45-851d-e053-ca3ca8c0ca7f,27279,Gort,Galway
4c07d11e-1a46-851d-e053-ca3ca8c0ca7f,27279,Gort,Galway
4c07d11e-1a47-851d-e053-ca3ca8c0ca7f,26305,Galway city and suburbs,Galway
4c07d11e-1a48-851d-e053-ca3ca8c0ca7f,26305,Galway city and suburbs,Galway
4c07d11e-1a49-851d-e053-ca3ca8c0ca7f,26305,Galway city and suburbs,Galway
4c07d11e-1a4a-851d-e053-ca3ca8c0ca7f,26305,Galway city and suburbs,Galway
4c07d11e-1a4b-851d-e053-ca3ca8c0ca7f,26305,Galway city and suburbs,Galway
4c07d11e-1a4c-851d-e053-ca3ca8c0ca7f,26305,Galway city and suburbs,Galway
4c07d11e-1a4d-851d-e053-ca3ca8c0ca7f,26305,Galway city and suburbs,Galway
4c07d11e-1a4e-851d-e053-ca3ca8c0ca7f,20497,Limerick city and suburbs,Limerick
4c07d11e-1a4f-851d-e053-ca3ca8c0ca7f,20497,Limerick city and suburbs,Limerick
4c07d11e-1a50-851d-e053-ca3ca8c0ca7f,27279,Gort,Galway
4c07d11e-1a51-851d-e053-ca3ca8c0ca7f,27279,Gort,Galway
4c07d11e-1a52-851d-e053-ca3ca8c0ca7f,27279,Gort,Galway
4c07d11e-1a54-851d-e053-ca3ca8c0ca7f,26305,Galway city and suburbs,Galway
4c07d11e-1a55-851d-e053-ca3ca8c0ca7f,26305,Galway city and suburbs,Galway
4c07d11e-1a56-851d-e053-ca3ca8c0ca7f,26305,Galway city and suburbs,Galway
4c07d11e-1a57-851d-e053-ca3ca8c0ca7f,26305,Galway city and suburbs,Galway
4c07d11e-1a58-851d-e053-ca3ca8c0ca7f,26305,Galway city and suburbs,Galway
4c07d11e-1a59-851d-e053-ca3ca8c0ca7f,26305,Galway city and suburbs,Galway
4c07d11e-1a5a-851d-e053-ca3ca8c0ca7f,26305,Galway city and suburbs,Galway
4c07d11e-1a5b-851d-e053-ca3ca8c0ca7f,20497,Limerick city and suburbs,Limerick
4c07d11e-1a5c-851d-e053-ca3ca8c0ca7f,20497,Limerick city and suburbs,Limerick
4c07d11e-1a5d-851d-e053-ca3ca8c0ca7f,20497,Limerick city and suburbs,Limerick
4c07d11e-1a5e-851d-e053-ca3ca8c0ca7f,27272,Loughrea,Galway
4c07d11e-1a5f-851d-e053-ca3ca8c0ca7f,27272,Loughrea,Galway
4c07d11e-1a60-851d-e053-ca3ca8c0ca7f,27272,Loughrea,Galway
4c07d11e-1a61-851d-e053-ca3ca8c0ca7f,27272,Loughrea,Galway
4c07d11e-1a62-851d-e053-ca3ca8c0ca7f,26305,Galway city and suburbs,Galway
4c07d11e-1a63-851d-e053-ca3ca8c0ca7f,26305,Galway city and suburbs,Galway
4c07d11e-1a64-851d-e053-ca3ca8c0ca7f,26305,Galway city and suburbs,Galway
4c07d11e-1a65-851d-e053-ca3ca8c0ca7f,26305,Galway city and suburbs,Galway
4c07d11e-1a66-851d-e053-ca3ca8c0ca7f,26305,Galway city and suburbs,Galway
4c07d11e-1a67-851d-e053-ca3ca8c0ca7f,26305,Galway city and suburbs,Galway
4c07d11e-1a68-851d-e053-ca3ca8c0ca7f,26305,Galway city and suburbs,Galway
4c07d11e-1a69-851d-e053-ca3ca8c0ca7f,26305,Galway city and suburbs,Galway
4c07d11e-1a6a-851d-e053-ca3ca8c0ca7f,20497,Limerick city and suburbs,Limerick
4c07d11e-1a6b-851d-e053-ca3ca8c0ca7f,20497,Limerick city and suburbs,Limerick
4c07d11e-1a6c-851d-e053-ca3ca8c0ca7f,20497,Limerick city and suburbs,Limerick
4c07d11e-1a6d-851d-e053-ca3ca8c0ca7f,27272,Loughrea,Galway
4c07d11e-1a6e-851d-e053-ca3ca8c0ca7f,27272,Loughrea,Galway
4c07d11e-1a6f-851d-e053-ca3ca8c0ca7f,27272,Loughrea,Galway
4c07d11e-1a70-851d-e053-ca3ca8c0ca7f,26305,Galway city and suburbs,Galway
4c07d11e-1a71-851d-e053-ca3ca8c0ca7f,26305,Galway city and suburbs,Galway
4c07d11e-1a72-851d-e053-ca3ca8c0ca7f,26305,Galway city and suburbs,Galway
4c07d11e-1a73-851d-e053-ca3ca8c0ca7f,26305,Galway city and suburbs,Galway
4c07d11e-1a74-851d-e053-ca3ca8c0ca7f,26305,Galway city and suburbs,Galway
4c07d11e-1a75-851d-e053-ca3ca8c0ca7f,26305,Galway city and suburbs,Galway
4c07d11e-1a76-851d-e053-ca3ca8c0ca7f,26305,Galway city and suburbs,Galway
4c07d11e-1a77-851d-e053-ca3ca8c0ca7f,26305,Galway city and suburbs,Galway
4c07d11e-1a78-851d-e053-ca3ca8c0ca7f,20497,Limerick city and suburbs,Limerick
4c07d11e-1a79-851d-e053-ca3ca8c0ca7f,20497,Limerick city and suburbs,Limerick
4c07d11e-1a7a-851d-e053-ca3ca8c0ca7f,27272,Loughrea,Galway
4c07d11e-1a7b-851d-e053-ca3ca8c0ca7f,27272,Loughrea,Galway
4c07d11e-1a7c-851d-e053-ca3ca8c0ca7f,27272,Loughrea,Galway
4c07d11e-1a7d-851d-e053-ca3ca8c0ca7f,26305,Galway city and suburbs,Galway
4c07d11e-1a7e-851d-e053-ca3ca8c0ca7f,26305,Galway city and suburbs,Galway
4c07d11e-1a7f-851d-e053-ca3ca8c0ca7f,26305,Galway city and suburbs,Galway
4c07d11e-1a80-851d-e053-ca3ca8c0ca7f,27296,Maigh Cuilinn,Galway
4c07d11e-1a81-851d-e053-ca3ca8c0ca7f,24643,Waterford city and suburbs,Waterford
4c07d11e-1a82-851d-e053-ca3ca8c0ca7f,24643,Waterford city and suburbs,Waterford
4c07d11e-1a83-851d-e053-ca3ca8c0ca7f,24643,Waterford city and suburbs,Waterford
4c07d11e-1a84-851d-e053-ca3ca8c0ca7f,07661,Kilkenny,Kilkenny
4c07d11e-1a85-851d-e053-ca3ca8c0ca7f,07650,Thomastown,Kilkenny
4c07d11e-1a86-851d-e053-ca3ca8c0ca7f,07650,Thomastown,Kilkenny
4c07d11e-1a87-851d-e053-ca3ca8c0ca7f,14591,Rosslare,Wexford
4c07d11e-1a89-851d-e053-ca3ca8c0ca7f,23708,Cashel,Tipperary
4c07d11e-1a8a-851d-e053-ca3ca8c0ca7f,23708,Cashel,Tipperary
4c07d11e-1a8b-851d-e053-ca3ca8c0ca7f,23708,Cashel,Tipperary
4c07d11e-1a8c-851d-e053-ca3ca8c0ca7f,23708,Cashel,Tipperary
4c07d11e-1a8d-851d-e053-ca3ca8c0ca7f,23699,Gortnahoo,Tipperary
4c07d11e-1a8e-851d-e053-ca3ca8c0ca7f,07670,Urlingford,Kilkenny
4c07d11e-1a8f-851d-e053-ca3ca8c0ca7f,22482,Templemore,Tipperary
4c07d11e-1a90-851d-e053-ca3ca8c0ca7f,07645,Goresbridge,Kilkenny
4c07d11e-1a91-851d-e053-ca3ca8c0ca7f,14623,New Ross,Wexford
4c07d11e-1a92-851d-e053-ca3ca8c0ca7f,14623,New Ross,Wexford
4c07d11e-1a93-851d-e053-ca3ca8c0ca7f,14596,Wexford,Wexford
4c07d11e-1a94-851d-e053-ca3ca8c0ca7f,14596,Wexford,Wexford
4c07d11e-1a95-851d-e053-ca3ca8c0ca7f,14596,Wexford,Wexford
4c07d11e-1a96-851d-e053-ca3ca8c0ca7f,23708,Cashel,Tipperary
4c07d11e-1a97-851d-e053-ca3ca8c0ca7f,23708,Cashel,Tipperary
4c07d11e-1a98-851d-e053-ca3ca8c0ca7f,22482,Templemore,Tipperary
4c07d11e-1a99-851d-e053-ca3ca8c0ca7f,08177,Rathdowney,Laois
4c07d11e-1a9a-851d-e053-ca3ca8c0ca7f,08177,Rathdowney,Laois
4c07d11e-1a9b-851d-e053-ca3ca8c0ca7f,24643,Waterford city and suburbs,Waterford
4c07d11e-1a9c-851d-e053-ca3ca8c0ca7f,24643,Waterford city and suburbs,Waterford
4c07d11e-1a9d-851d-e053-ca3ca8c0ca7f,24643,Waterford city and suburbs,Waterford
4c07d11e-1a9e-851d-e053-ca3ca8c0ca7f,14596,Wexford,Wexford
4c07d11e-1a9f-851d-e053-ca3ca8c0ca7f,14596,Wexford,Wexford
4c07d11e-1aa0-851d-e053-ca3ca8c0ca7f,14596,Wexford,Wexford
4c07d11e-1aa1-851d-e053-ca3ca8c0ca7f,23701,Fethard,Tipperary
4c07d11e-1aa2-851d-e053-ca3ca8c0ca7f,23701,Fethard,Tipperary
4c07d11e-1aa3-851d-e053-ca3ca8c0ca7f,23708,Cashel,Tipperary
4c07d11e-1aa4-851d-e053-ca3ca8c0ca7f,07648,Inistioge,Kilkenny
4c07d11e-1aa5-851d-e053-ca3ca8c0ca7f,07667,Callan,Kilkenny
4c07d11e-1aa6-851d-e053-ca3ca8c0ca7f,24643,Waterford city and suburbs,Waterford
4c07d11e-1aa7-851d-e053-ca3ca8c0ca7f,24643,Waterford city and suburbs,Waterford
4c07d11e-1aa8-851d-e053-ca3ca8c0ca7f,14596,Wexford,Wexford
4c07d11e-1aa9-851d-e053-ca3ca8c0ca7f,14596,Wexford,Wexford
4c07d11e-1aaa-851d-e053-ca3ca8c0ca7f,14596,Wexford,Wexford
4c07d11e-1aab-851d-e053-ca3ca8c0ca7f,14596,Wexford,Wexford
4c07d11e-1aac-851d-e053-ca3ca8c0ca7f,14596,Wexford,Wexford
4c07d11e-1aad-851d-e053-ca3ca8c0ca7f,23708,Cashel,Tipperary
4c07d11e-1aae-851d-e053-ca3ca8c0ca7f,22483,Holycross,Tipperary
4c07d11e-1ab0-851d-e053-ca3ca8c0ca7f,22488,Nenagh,Tipperary
4c07d11e-1ab1-851d-e053-ca3ca8c0ca7f,07667,Callan,Kilkenny
4c07d11e-1ab2-851d-e053-ca3ca8c0ca7f,07667,Callan,Kilkenny
4c07d11e-1ab3-851d-e053-ca3ca8c0ca7f,24643,Waterford city and suburbs,Waterford
4c07d11e-1ab4-851d-e053-ca3ca8c0ca7f,24643,Waterford city and suburbs,Waterford
4c07d11e-1ab5-851d-e053-ca3ca8c0ca7f,24643,Waterford city and suburbs,Waterford
4c07d11e-1ab6-851d-e053-ca3ca8c0ca7f,14596,Wexford,Wexford
4c07d11e-1ab7-851d-e053-ca3ca8c0ca7f,14596,Wexford,Wexford
4c07d11e-1ab8-851d-e053-ca3ca8c0ca7f,14596,Wexford,Wexford
4c07d11e-1ab9-851d-e053-ca3ca8c0ca7f,22488,Nenagh,Tipperary
4c07d11e-1aba-851d-e053-ca3ca8c0ca7f,22488,Nenagh,Tipperary
4c07d11e-1abb-851d-e053-ca3ca8c0ca7f,22488,Nenagh,Tipperary
4c07d11e-1abc-851d-e053-ca3ca8c0ca7f,22488,Nenagh,Tipperary
4c07d11e-1abd-851d-e053-ca3ca8c0ca7f,22488,Nenagh,Tipperary
4c07d11e-1abe-851d-e053-ca3ca8c0ca7f,07667,Callan,Kilkenny
4c07d11e-1abf-851d-e053-ca3ca8c0ca7f,07667,Callan,Kilkenny
4c07d11e-1ac0-851d-e053-ca3ca8c0ca7f,07667,Callan,Kilkenny
4c07d11e-1ac1-851d-e053-ca3ca8c0ca7f,07661,Kilkenny,Kilkenny
4c07d11e-1ac2-851d-e053-ca3ca8c0ca7f,24643,Waterford city and suburbs,Waterford
4c07d11e-1ac3-851d-e053-ca3ca8c0ca7f,24643,Waterford city and suburbs,Waterford
4c07d11e-1ac4-851d-e053-ca3ca8c0ca7f,24643,Waterford city and suburbs,Waterford
4c07d11e-1ac5-851d-e053-ca3ca8c0ca7f,14596,Wexford,Wexford
4c07d11e-1ac6-851d-e053-ca3ca8c0ca7f,14596,Wexford,Wexford
4c07d11e-1ac7-851d-e053-ca3ca8c0ca7f,14596,Wexford,Wexford
4c07d11e-1ac8-851d-e053-ca3ca8c0ca7f,22488,Nenagh,Tipperary
4c07d11e-1ac9-851d-e053-ca3ca8c0ca7f,22488,Nenagh,Tipperary
4c07d11e-1aca-851d-e053-ca3ca8c0ca7f,22488,Nenagh,Tipperary
4c07d11e-1acb-851d-e053-ca3ca8c0ca7f,07661,Kilkenny,Kilkenny
4c07d11e-1acc-851d-e053-ca3ca8c0ca7f,07661,Kilkenny,Kilkenny
4c07d11e-1acd-851d-e053-ca3ca8c0ca7f,07661,Kilkenny,Kilkenny
4c07d11e-1ace-851d-e053-ca3ca8c0ca7f,24643,Waterford city and suburbs,Waterford
4c07d11e-1acf-851d-e053-ca3ca8c0ca7f,24643,Waterford city and suburbs,Waterford
4c07d11e-1ad0-851d-e053-ca3ca8c0ca7f,24643,Waterford city and suburbs,Waterford
4c07d11e-1ad1-851d-e053-ca3ca8c0ca7f,24643,Waterford city and suburbs,Waterford
4c07d11e-1ad2-851d-e053-ca3ca8c0ca7f,14596,Wexford,Wexford
4c07d11e-1ad3-851d-e053-ca3ca8c0ca7f,14596,Wexford,Wexford
4c07d11e-1ad4-851d-e053-ca3ca8c0ca7f,14596,Wexford,Wexford
4c07d11e-1ad5-851d-e053-ca3ca8c0ca7f,14596,Wexford,Wexford
4c07d11e-1ad6-851d-e053-ca3ca8c0ca7f,22488,Nenagh,Tipperary
4c07d11e-1ad7-851d-e053-ca3ca8c0ca7f,22488,Nenagh,Tipperary
4c07d11e-1ad8-851d-e053-ca3ca8c0ca7f,07661,Kilkenny,Kilkenny
4c07d11e-1ad9-851d-e053-ca3ca8c0ca7f,07661,Kilkenny,Kilkenny
4c07d11e-1ada-851d-e053-ca3ca8c0ca7f,24643,Waterford city and suburbs,Waterford
4c07d11e-1adb-851d-e053-ca3ca8c0ca7f,24643,Waterford city and suburbs,Waterford
4c07d11e-1add-851d-e053-ca3ca8c0ca7f,14596,Wexford,Wexford
4c07d11e-1ade-851d-e053-ca3ca8c0ca7f,14596,Wexford,Wexford
4c07d11e-1adf-851d-e053-ca3ca8c0ca7f,14596,Wexford,Wexford
4c07d11e-1ae0-851d-e053-ca3ca8c0ca7f,14596,Wexford,Wexford
4c07d11e-1ae1-851d-e053-ca3ca8c0ca7f,22488,Nenagh,Tipperary
4c07d11e-1ae2-851d-e053-ca3ca8c0ca7f,22488,Nenagh,Tipperary
4c07d11e-1ae3-851d-e053-ca3ca8c0ca7f,22488,Nenagh,Tipperary
4c07d11e-1ae4-851d-e053-ca3ca8c0ca7f,22488,Nenagh,Tipperary
4c07d11e-1ae5-851d-e053-ca3ca8c0ca7f,07661,Kilkenny,Kilkenny
4c07d11e-1ae6-851d-e053-ca3ca8c0ca7f,07661,Kilkenny,Kilkenny
4c07d11e-1ae7-851d-e053-ca3ca8c0ca7f,24643,Waterford city and suburbs,Waterford
4c07d11e-1ae8-851d-e053-ca3ca8c0ca7f,24643,Waterford city and suburbs,Waterford
4c07d11e-1ae9-851d-e053-ca3ca8c0ca7f,14596,Wexford,Wexford
4c07d11e-1aea-851d-e053-ca3ca8c0ca7f,14596,Wexford,Wexford
4c07d11e-1aeb-851d-e053-ca3ca8c0ca7f,14596,Wexford,Wexford
4c07d11e-1aec-851d-e053-ca3ca8c0ca7f,14596,Wexford,Wexford
4c07d11e-1aed-851d-e053-ca3ca8c0ca7f,14596,Wexford,Wexford
4c07d11e-1aee-851d-e053-ca3ca8c0ca7f,14596,Wexford,Wexford
4c07d11e-1aef-851d-e053-ca3ca8c0ca7f,14596,Wexford,Wexford
4c07d11e-1af0-851d-e053-ca3ca8c0ca7f,22488,Nenagh,Tipperary
4c07d11e-1af1-851d-e053-ca3ca8c0ca7f,22488,Nenagh,Tipperary
4c07d11e-1af2-851d-e053-ca3ca8c0ca7f,22488,Nenagh,Tipperary
4c07d11e-1af3-851d-e053-ca3ca8c0ca7f,07661,Kilkenny,Kilkenny
4c07d11e-1af4-851d-e053-ca3ca8c0ca7f,07661,Kilkenny,Kilkenny
4c07d11e-1af5-851d-e053-ca3ca8c0ca7f,24643,Waterford city and suburbs,Waterford
4c07d11e-1af6-851d-e053-ca3ca8c0ca7f,24643,Waterford city and suburbs,Waterford
4c07d11e-1af7-851d-e053-ca3ca8c0ca7f,24643,Waterford city and suburbs,Waterford
4c07d11e-1af8-851d-e053-ca3ca8c0ca7f,14596,Wexford,Wexford
4c07d11e-1af9-851d-e053-ca3ca8c0ca7f,14596,Wexford,Wexford
4c07d11e-1afa-851d-e053-ca3ca8c0ca7f,14596,Wexford,Wexford
4c07d11e-1afb-851d-e053-ca3ca8c0ca7f,14596,Wexford,Wexford
4c07d11e-1afc-851d-e053-ca3ca8c0ca7f,14596,Wexford,Wexford
4c07d11e-1afe-851d-e053-ca3ca8c0ca7f,22488,Nenagh,Tipperary
4c07d11e-1aff-851d-e053-ca3ca8c0ca7f,22488,Nenagh,Tipperary
4c07d11e-1b00-851d-e053-ca3ca8c0ca7f,07661,Kilkenny,Kilkenny
4c07d11e-1b01-851d-e053-ca3ca8c0ca7f,07661,Kilkenny,Kilkenny
4c07d11e-1b02-851d-e053-ca3ca8c0ca7f,07661,Kilkenny,Kilkenny
4c07d11e-1b03-851d-e053-ca3ca8c0ca7f,24643,Waterford city and suburbs,Waterford
4c07d11e-1b04-851d-e053-ca3ca8c0ca7f,24643,Waterford city and suburbs,Waterford
4c07d11e-1b05-851d-e053-ca3ca8c0ca7f,14596,Wexford,Wexford
4c07d11e-1b07-851d-e053-ca3ca8c0ca7f,23717,Tipperary,Tipperary
4c07d11e-1b08-851d-e053-ca3ca8c0ca7f,23717,Tipperary,Tipperary
4c07d11e-1b09-851d-e053-ca3ca8c0ca7f,22488,Nenagh,Tipperary
4c07d11e-1b0a-851d-e053-ca3ca8c0ca7f,22488,Nenagh,Tipperary
4c07d11e-1b0b-851d-e053-ca3ca8c0ca7f,22488,Nenagh,Tipperary
4c07d11e-1b0c-851d-e053-ca3ca8c0ca7f,07661,Kilkenny,Kilkenny
4c07d11e-1b0d-851d-e053-ca3ca8c0ca7f,07661,Kilkenny,Kilkenny
4c07d11e-1b0e-851d-e053-ca3ca8c0ca7f,07661,Kilkenny,Kilkenny
4c07d11e-1b0f-851d-e053-ca3ca8c0ca7f,07661,Kilkenny,Kilkenny
4c07d11e-1b10-851d-e053-ca3ca8c0ca7f,24643,Waterford city and suburbs,Waterford
4c07d11e-1b11-851d-e053-ca3ca8c0ca7f,24643,Waterford city and suburbs,Waterford
4c07d11e-1b12-851d-e053-ca3ca8c0ca7f,24643,Waterford city and suburbs,Waterford
4c07d11e-1b13-851d-e053-ca3ca8c0ca7f,23717,Tipperary,Tipperary
4c07d11e-1b14-851d-e053-ca3ca8c0ca7f,23717,Tipperary,Tipperary
4c07d11e-1b15-851d-e053-ca3ca8c0ca7f,23717,Tipperary,Tipperary
4c07d11e-1b16-851d-e053-ca3ca8c0ca7f,22481,Thurles,Tipperary
4c07d11e-1b17-851d-e053-ca3ca8c0ca7f,22481,Thurles,Tipperary
4c07d11e-1b18-851d-e053-ca3ca8c0ca7f,22481,Thurles,Tipperary
4c07d11e-1b19-851d-e053-ca3ca8c0ca7f,07661,Kilkenny,Kilkenny
4c07d11e-1b1a-851d-e053-ca3ca8c0ca7f,07661,Kilkenny,Kilkenny
4c07d11e-1b1b-851d-e053-ca3ca8c0ca7f,07661,Kilkenny,Kilkenny
4c07d11e-1b1c-851d-e053-ca3ca8c0ca7f,07661,Kilkenny,Kilkenny
4c07d11e-1b1d-851d-e053-ca3ca8c0ca7f,24643,Waterford city and suburbs,Waterford
4c07d11e-1b1e-851d-e053-ca3ca8c0ca7f,25672,Dunmore East,Waterford
4c07d11e-1b1f-851d-e053-ca3ca8c0ca7f,14621,Duncannon,Wexford
4c07d11e-1b20-851d-e053-ca3ca8c0ca7f,23717,Tipperary,Tipperary
4c07d11e-1b21-851d-e053-ca3ca8c0ca7f,23717,Tipperary,Tipperary
4c07d11e-1b22-851d-e053-ca3ca8c0ca7f,23717,Tipperary,Tipperary
4c07d11e-1b23-851d-e053-ca3ca8c0ca7f,22481,Thurles,Tipperary
4c07d11e-1b24-851d-e053-ca3ca8c0ca7f,22481,Thurles,Tipperary
4c07d11e-1b25-851d-e053-ca3ca8c0ca7f,22481,Thurles,Tipperary
4c07d11e-1b26-851d-e053-ca3ca8c0ca7f,07661,Kilkenny,Kilkenny
4c07d11e-1b27-851d-e053-ca3ca8c0ca7f,07661,Kilkenny,Kilkenny
4c07d11e-1b28-851d-e053-ca3ca8c0ca7f,07661,Kilkenny,Kilkenny
4c07d11e-1b29-851d-e053-ca3ca8c0ca7f,07661,Kilkenny,Kilkenny
4c07d11e-1b2b-851d-e053-ca3ca8c0ca7f,14605,Bridgetown,Wexford
4c07d11e-1b2c-851d-e053-ca3ca8c0ca7f,23717,Tipperary,Tipperary
4c07d11e-1b2d-851d-e053-ca3ca8c0ca7f,23717,Tipperary,Tipperary
4c07d11e-1b2e-851d-e053-ca3ca8c0ca7f,23717,Tipperary,Tipperary
4c07d11e-1b2f-851d-e053-ca3ca8c0ca7f,23717,Tipperary,Tipperary
4c07d11e-1b30-851d-e053-ca3ca8c0ca7f,22481,Thurles,Tipperary
4c07d11e-1b31-851d-e053-ca3ca8c0ca7f,22481,Thurles,Tipperary
4c07d11e-1b32-851d-e053-ca3ca8c0ca7f,22481,Thurles,Tipperary
4c07d11e-1b33-851d-e053-ca3ca8c0ca7f,07661,Kilkenny,Kilkenny
4c07d11e-1b34-851d-e053-ca3ca8c0ca7f,07661,Kilkenny,Kilkenny
4c07d11e-1b35-851d-e053-ca3ca8c0ca7f,07661,Kilkenny,Kilkenny
4c07d11e-1b37-851d-e053-ca3ca8c0ca7f,14587,Rosslare Harbour,Wexford
4c07d11e-1b38-851d-e053-ca3ca8c0ca7f,14587,Rosslare Harbour,Wexford
4c07d11e-1b39-851d-e053-ca3ca8c0ca7f,23717,Tipperary,Tipperary
4c07d11e-1b3a-851d-e053-ca3ca8c0ca7f,23710,Cahir,Tipperary
4c07d11e-1b3b-851d-e053-ca3ca8c0ca7f,23710,Cahir,Tipperary
4c07d11e-1b3c-851d-e053-ca3ca8c0ca7f,23710,Cahir,Tipperary
4c07d11e-1b3d-851d-e053-ca3ca8c0ca7f,22481,Thurles,Tipperary
4c07d11e-1b3e-851d-e053-ca3ca8c0ca7f,22481,Thurles,Tipperary
4c07d11e-1b3f-851d-e053-ca3ca8c0ca7f,22481,Thurles,Tipperary
4c07d11e-1b40-851d-e053-ca3ca8c0ca7f,07661,Kilkenny,Kilkenny
4c07d11e-1b41-851d-e053-ca3ca8c0ca7f,07661,Kilkenny,Kilkenny
4c07d11e-1b42-851d-e053-ca3ca8c0ca7f,07661,Kilkenny,Kilkenny
4c07d11e-1b43-851d-e053-ca3ca8c0ca7f,14587,Rosslare Harbour,Wexford
4c07d11e-1b44-851d-e053-ca3ca8c0ca7f,14587,Rosslare Harbour,Wexford
4c07d11e-1b45-851d-e053-ca3ca8c0ca7f,14591,Rosslare,Wexford
4c07d11e-1b46-851d-e053-ca3ca8c0ca7f,23710,Cahir,Tipperary
4c07d11e-1b47-851d-e053-ca3ca8c0ca7f,23710,Cahir,Tipperary
4c07d11e-1b48-851d-e053-ca3ca8c0ca7f,21501,Cappamore,Limerick
4c07d11e-1b49-851d-e053-ca3ca8c0ca7f,22481,Thurles,Tipperary
4c07d11e-1b4a-851d-e053-ca3ca8c0ca7f,22481,Thurles,Tipperary
4c07d11e-1b4b-851d-e053-ca3ca8c0ca7f,22481,Thurles,Tipperary
4c07d11e-1b4c-851d-e053-ca3ca8c0ca7f,22481,Thurles,Tipperary
4c07d11e-1b4d-851d-e053-ca3ca8c0ca7f,22482,Templemore,Tipperary
4c07d11e-1b4e-851d-e053-ca3ca8c0ca7f,02341,Dublin city and suburbs,Dublin
4c07d11e-1b4f-851d-e053-ca3ca8c0ca7f,02341,Dublin city and suburbs,Dublin
4c07d11e-1b50-851d-e053-ca3ca8c0ca7f,02341,Dublin city and suburbs,Dublin
4c07d11e-1b51-851d-e053-ca3ca8c0ca7f,02341,Dublin city and suburbs,Dublin
4c07d11e-1b52-851d-e053-ca3ca8c0ca7f,02341,Dublin city and suburbs,Dublin
4c07d11e-1b53-851d-e053-ca3ca8c0ca7f,02341,Dublin city and suburbs,Dublin
4c07d11e-1b54-851d-e053-ca3ca8c0ca7f,02341,Dublin city and suburbs,Dublin
4c07d11e-1b55-851d-e053-ca3ca8c0ca7f,02341,Dublin city and suburbs,Dublin
4c07d11e-1b56-851d-e053-ca3ca8c0ca7f,02341,Dublin city and suburbs,Dublin
4c07d11e-1b57-851d-e053-ca3ca8c0ca7f,02341,Dublin city and suburbs,Dublin
4c07d11e-1b58-851d-e053-ca3ca8c0ca7f,02341,Dublin city and suburbs,Dublin
4c07d11e-1b5a-851d-e053-ca3ca8c0ca7f,02341,Dublin city and suburbs,Dublin
4c07d11e-1b5b-851d-e053-ca3ca8c0ca7f,02341,Dublin city and suburbs,Dublin
4c07d11e-1b5c-851d-e053-ca3ca8c0ca7f,02341,Dublin city and suburbs,Dublin
4c07d11e-1b5d-851d-e053-ca3ca8c0ca7f,02341,Dublin city and suburbs,Dublin
4c07d11e-1b5e-851d-e053-ca3ca8c0ca7f,02341,Dublin city and suburbs,Dublin
4c07d11e-1b5f-851d-e053-ca3ca8c0ca7f,02341,Dublin city and suburbs,Dublin
4c07d11e-1b60-851d-e053-ca3ca8c0ca7f,02341,Dublin city and suburbs,Dublin
4c07d11e-1b61-851d-e053-ca3ca8c0ca7f,02341,Dublin city and suburbs,Dublin
4c07d11e-1b62-851d-e053-ca3ca8c0ca7f,02341,Dublin city and suburbs,Dublin
4c07d11e-1b63-851d-e053-ca3ca8c0ca7f,02341,Dublin city and suburbs,Dublin
4c07d11e-1b64-851d-e053-ca3ca8c0ca7f,02341,Dublin city and suburbs,Dublin
4c07d11e-1b65-851d-e053-ca3ca8c0ca7f,02341,Dublin city and suburbs,Dublin
4c07d11e-1b66-851d-e053-ca3ca8c0ca7f,02341,Dublin city and suburbs,Dublin
4c07d11e-1b67-851d-e053-ca3ca8c0ca7f,02341,Dublin city and suburbs,Dublin
4c07d11e-1b68-851d-e053-ca3ca8c0ca7f,02341,Dublin city and suburbs,Dublin
4c07d11e-1b69-851d-e053-ca3ca8c0ca7f,02341,Dublin city and suburbs,Dublin
4c07d11e-1b6a-851d-e053-ca3ca8c0ca7f,02341,Dublin city and suburbs,Dublin
4c07d11e-1b6b-851d-e053-ca3ca8c0ca7f,02341,Dublin city and suburbs,Dublin
4c07d11e-1b6c-851d-e053-ca3ca8c0ca7f,02341,Dublin city and suburbs,Dublin
4c07d11e-1b6d-851d-e053-ca3ca8c0ca7f,02341,Dublin city and suburbs,Dublin
4c07d11e-1b6e-851d-e053-ca3ca8c0ca7f,02341,Dublin city and suburbs,Dublin
4c07d11e-1b6f-851d-e053-ca3ca8c0ca7f,02341,Dublin city and suburbs,Dublin
4c07d11e-1b70-851d-e053-ca3ca8c0ca7f,02341,Dublin city and suburbs,Dublin
4c07d11e-1b71-851d-e053-ca3ca8c0ca7f,02341,Dublin city and suburbs,Dublin
4c07d11e-1b72-851d-e053-ca3ca8c0ca7f,02341,Dublin city and suburbs,Dublin
4c07d11e-1b73-851d-e053-ca3ca8c0ca7f,02341,Dublin city and suburbs,Dublin
4c07d11e-1b74-851d-e053-ca3ca8c0ca7f,02341,Dublin city and suburbs,Dublin
4c07d11e-1b75-851d-e053-ca3ca8c0ca7f,02341,Dublin city and suburbs,Dublin
4c07d11e-1b76-851d-e053-ca3ca8c0ca7f,02341,Dublin city and suburbs,Dublin
4c07d11e-1b77-851d-e053-ca3ca8c0ca7f,02341,Dublin city and suburbs,Dublin
4c07d11e-1b78-851d-e053-ca3ca8c0ca7f,02341,Dublin city and suburbs,Dublin
4c07d11e-1b79-851d-e053-ca3ca8c0ca7f,02341,Dublin city and suburbs,Dublin
4c07d11e-1b7a-851d-e053-ca3ca8c0ca7f,02341,Dublin city and suburbs,Dublin
4c07d11e-1b7b-851d-e053-ca3ca8c0ca7f,02341,Dublin city and suburbs,Dublin
4c07d11e-1b7c-851d-e053-ca3ca8c0ca7f,02341,Dublin city and suburbs,Dublin
4c07d11e-1b7d-851d-e053-ca3ca8c0ca7f,02341,Dublin city and suburbs,Dublin
4c07d11e-1b7e-851d-e053-ca3ca8c0ca7f,02341,Dublin city and suburbs,Dublin
4c07d11e-1b7f-851d-e053-ca3ca8c0ca7f,02341,Dublin city and suburbs,Dublin
4c07d11e-1b80-851d-e053-ca3ca8c0ca7f,02341,Dublin city and suburbs,Dublin
4c07d11e-1b81-851d-e053-ca3ca8c0ca7f,02341,Dublin city and suburbs,Dublin
4c07d11e-1b82-851d-e053-ca3ca8c0ca7f,02341,Dublin city and suburbs,Dublin
4c07d11e-1b83-851d-e053-ca3ca8c0ca7f,02341,Dublin city and suburbs,Dublin
4c07d11e-1b84-851d-e053-ca3ca8c0ca7f,02341,Dublin city and suburbs,Dublin
4c07d11e-1b85-851d-e053-ca3ca8c0ca7f,02341,Dublin city and suburbs,Dublin
4c07d11e-1b86-851d-e053-ca3ca8c0ca7f,02341,Dublin city and suburbs,Dublin
4c07d11e-1b87-851d-e053-ca3ca8c0ca7f,02341,Dublin city and suburbs,Dublin
4c07d11e-1b88-851d-e053-ca3ca8c0ca7f,02341,Dublin city and suburbs,Dublin
4c07d11e-1b89-851d-e053-ca3ca8c0ca7f,02341,Dublin city and suburbs,Dublin
4c07d11e-1b8a-851d-e053-ca3ca8c0ca7f,02341,Dublin city and suburbs,Dublin
4c07d11e-1b8b-851d-e053-ca3ca8c0ca7f,02341,Dublin city and suburbs,Dublin
4c07d11e-1b8c-851d-e053-ca3ca8c0ca7f,02341,Dublin city and suburbs,Dublin
4c07d11e-1b8d-851d-e053-ca3ca8c0ca7f,02341,Dublin city and suburbs,Dublin
4c07d11e-1b8e-851d-e053-ca3ca8c0ca7f,02341,Dublin city and suburbs,Dublin
4c07d11e-1b8f-851d-e053-ca3ca8c0ca7f,02341,Dublin city and suburbs,Dublin
4c07d11e-1b90-851d-e053-ca3ca8c0ca7f,02341,Dublin city and suburbs,Dublin
4c07d11e-1b91-851d-e053-ca3ca8c0ca7f,02341,Dublin city and suburbs,Dublin
4c07d11e-1b92-851d-e053-ca3ca8c0ca7f,02341,Dublin city and suburbs,Dublin
4c07d11e-1b93-851d-e053-ca3ca8c0ca7f,02341,Dublin city and suburbs,Dublin
4c07d11e-1b94-851d-e053-ca3ca8c0ca7f,02341,Dublin city and suburbs,Dublin
4c07d11e-1b95-851d-e053-ca3ca8c0ca7f,02341,Dublin city and suburbs,Dublin
4c07d11e-1b96-851d-e053-ca3ca8c0ca7f,02341,Dublin city and suburbs,Dublin
4c07d11e-1b97-851d-e053-ca3ca8c0ca7f,02341,Dublin city and suburbs,Dublin
4c07d11e-1b9a-851d-e053-ca3ca8c0ca7f,02341,Dublin city and suburbs,Dublin
4c07d11e-1b9b-851d-e053-ca3ca8c0ca7f,02341,Dublin city and suburbs,Dublin
4c07d11e-1b9d-851d-e053-ca3ca8c0ca7f,02341,Dublin city and suburbs,Dublin
4c07d11e-1b9e-851d-e053-ca3ca8c0ca7f,02341,Dublin city and suburbs,Dublin
4c07d11e-1b9f-851d-e053-ca3ca8c0ca7f,02341,Dublin city and suburbs,Dublin
4c07d11e-1ba0-851d-e053-ca3ca8c0ca7f,02341,Dublin city and suburbs,Dublin
4c07d11e-1ba1-851d-e053-ca3ca8c0ca7f,02341,Dublin city and suburbs,Dublin
4c07d11e-1ba2-851d-e053-ca3ca8c0ca7f,02341,Dublin city and suburbs,Dublin
4c07d11e-1ba3-851d-e053-ca3ca8c0ca7f,02341,Dublin city and suburbs,Dublin
4c07d11e-1ba4-851d-e053-ca3ca8c0ca7f,02341,Dublin city and suburbs,Dublin
4c07d11e-1ba5-851d-e053-ca3ca8c0ca7f,02341,Dublin city and suburbs,Dublin
4c07d11e-1ba6-851d-e053-ca3ca8c0ca7f,02341,Dublin city and suburbs,Dublin
4c07d11e-1ba7-851d-e053-ca3ca8c0ca7f,02341,Dublin city and suburbs,Dublin
4c07d11e-1ba8-851d-e053-ca3ca8c0ca7f,02341,Dublin city and suburbs,Dublin
4c07d11e-1ba9-851d-e053-ca3ca8c0ca7f,02341,Dublin city and suburbs,Dublin
4c07d11e-1bab-851d-e053-ca3ca8c0ca7f,02341,Dublin city and suburbs,Dublin
4c07d11e-1bac-851d-e053-ca3ca8c0ca7f,02341,Dublin city and suburbs,Dublin
4c07d11e-1bad-851d-e053-ca3ca8c0ca7f,02341,Dublin city and suburbs,Dublin
4c07d11e-1bae-851d-e053-ca3ca8c0ca7f,02341,Dublin city and suburbs,Dublin
4c07d11e-1baf-851d-e053-ca3ca8c0ca7f,02341,Dublin city and suburbs,Dublin
4c07d11e-1bb0-851d-e053-ca3ca8c0ca7f,03362,Rathcoole,Dublin
4c07d11e-1bb1-851d-e053-ca3ca8c0ca7f,03362,Rathcoole,Dublin
4c07d11e-1bb2-851d-e053-ca3ca8c0ca7f,02341,Dublin city and suburbs,Dublin
4c07d11e-1bb3-851d-e053-ca3ca8c0ca7f,02341,Dublin city and suburbs,Dublin
4c07d11e-1bb4-851d-e053-ca3ca8c0ca7f,02341,Dublin city and suburbs,Dublin
4c07d11e-1bb5-851d-e053-ca3ca8c0ca7f,02341,Dublin city and suburbs,Dublin
4c07d11e-1bb6-851d-e053-ca3ca8c0ca7f,02341,Dublin city and suburbs,Dublin
4c07d11e-1bb7-851d-e053-ca3ca8c0ca7f,02341,Dublin city and suburbs,Dublin
4c07d11e-1bb8-851d-e053-ca3ca8c0ca7f,02341,Dublin city and suburbs,Dublin
4c07d11e-1bb9-851d-e053-ca3ca8c0ca7f,02341,Dublin city and suburbs,Dublin
4c07d11e-1bba-851d-e053-ca3ca8c0ca7f,02341,Dublin city and suburbs,Dublin
4c07d11e-1bbb-851d-e053-ca3ca8c0ca7f,02341,Dublin city and suburbs,Dublin
4c07d11e-1bbc-851d-e053-ca3ca8c0ca7f,03362,Rathcoole,Dublin
4c07d11e-1bbd-851d-e053-ca3ca8c0ca7f,03362,Rathcoole,Dublin
4c07d11e-1bbe-851d-e053-ca3ca8c0ca7f,03362,Rathcoole,Dublin
4c07d11e-1bbf-851d-e053-ca3ca8c0ca7f,02341,Dublin city and suburbs,Dublin
4c07d11e-1bc0-851d-e053-ca3ca8c0ca7f,02341,Dublin city and suburbs,Dublin
4c07d11e-1bc1-851d-e053-ca3ca8c0ca7f,02341,Dublin city and suburbs,Dublin
4c07d11e-1bc2-851d-e053-ca3ca8c0ca7f,02341,Dublin city and suburbs,Dublin
4c07d11e-1bc3-851d-e053-ca3ca8c0ca7f,02341,Dublin city and suburbs,Dublin
4c07d11e-1bc4-851d-e053-ca3ca8c0ca7f,02341,Dublin city and suburbs,Dublin
4c07d11e-1bc5-851d-e053-ca3ca8c0ca7f,02341,Dublin city and suburbs,Dublin
4c07d11e-1bc6-851d-e053-ca3ca8c0ca7f,02341,Dublin city and suburbs,Dublin
4c07d11e-1bc7-851d-e053-ca3ca8c0ca7f,02341,Dublin city and suburbs,Dublin
4c07d11e-1bc8-851d-e053-ca3ca8c0ca7f,02341,Dublin city and suburbs,Dublin
4c07d11e-1bc9-851d-e053-ca3ca8c0ca7f,03362,Rathcoole,Dublin
4c07d11e-1bca-851d-e053-ca3ca8c0ca7f,03362,Rathcoole,Dublin
4c07d11e-1bcb-851d-e053-ca3ca8c0ca7f,02341,Dublin city and suburbs,Dublin
4c07d11e-1bcc-851d-e053-ca3ca8c0ca7f,02341,Dublin city and suburbs,Dublin
4c07d11e-1bcd-851d-e053-ca3ca8c0ca7f,02341,Dublin city and suburbs,Dublin
4c07d11e-1bce-851d-e053-ca3ca8c0ca7f,02341,Dublin city and suburbs,Dublin
4c07d11e-1bcf-851d-e053-ca3ca8c0ca7f,02341,Dublin city and suburbs,Dublin
4c07d11e-1bd0-851d-e053-ca3ca8c0ca7f,02341,Dublin city and suburbs,Dublin
4c07d11e-1bd1-851d-e053-ca3ca8c0ca7f,02341,Dublin city and suburbs,Dublin
4c07d11e-1bd2-851d-e053-ca3ca8c0ca7f,02341,Dublin city and suburbs,Dublin
4c07d11e-1bd3-851d-e053-ca3ca8c0ca7f,02341,Dublin city and suburbs,Dublin
4c07d11e-1bd4-851d-e053-ca3ca8c0ca7f,02341,Dublin city and suburbs,Dublin
4c07d11e-1bd5-851d-e053-ca3ca8c0ca7f,02341,Dublin city and suburbs,Dublin
4c07d11e-1bd6-851d-e053-ca3ca8c0ca7f,02341,Dublin city and suburbs,Dublin
4c07d11e-1bd7-851d-e053-ca3ca8c0ca7f,02341,Dublin city and suburbs,Dublin
4c07d11e-1bd8-851d-e053-ca3ca8c0ca7f,03362,Rathcoole,Dublin
4c07d11e-1bd9-851d-e053-ca3ca8c0ca7f,03360,Saggart,Dublin
4c07d11e-1bda-851d-e053-ca3ca8c0ca7f,03360,Saggart,Dublin
4c07d11e-1bdb-851d-e053-ca3ca8c0ca7f,02341,Dublin city and suburbs,Dublin
4c07d11e-1bdc-851d-e053-ca3ca8c0ca7f,02341,Dublin city and suburbs,Dublin
4c07d11e-1bdd-851d-e053-ca3ca8c0ca7f,02341,Dublin city and suburbs,Dublin
4c07d11e-1bde-851d-e053-ca3ca8c0ca7f,02341,Dublin city and suburbs,Dublin
4c07d11e-1bdf-851d-e053-ca3ca8c0ca7f,02341,Dublin city and suburbs,Dublin
4c07d11e-1be0-851d-e053-ca3ca8c0ca7f,02341,Dublin city and suburbs,Dublin
4c07d11e-1be1-851d-e053-ca3ca8c0ca7f,02341,Dublin city and suburbs,Dublin
4c07d11e-1be2-851d-e053-ca3ca8c0ca7f,02341,Dublin city and suburbs,Dublin
4c07d11e-1be3-851d-e053-ca3ca8c0ca7f,02341,Dublin city and suburbs,Dublin
4c07d11e-1be4-851d-e053-ca3ca8c0ca7f,02341,Dublin city and suburbs,Dublin
4c07d11e-1be5-851d-e053-ca3ca8c0ca7f,02341,Dublin city and suburbs,Dublin
4c07d11e-1be6-851d-e053-ca3ca8c0ca7f,03363,Newcastle,Dublin
4c07d11e-1be7-851d-e053-ca3ca8c0ca7f,02341,Dublin city and suburbs,Dublin
4c07d11e-1be8-851d-e053-ca3ca8c0ca7f,02341,Dublin city and suburbs,Dublin
4c07d11e-1be9-851d-e053-ca3ca8c0ca7f,02341,Dublin city and suburbs,Dublin
4c07d11e-1bea-851d-e053-ca3ca8c0ca7f,02341,Dublin city and suburbs,Dublin
4c07d11e-1beb-851d-e053-ca3ca8c0ca7f,02341,Dublin city and suburbs,Dublin
4c07d11e-1bec-851d-e053-ca3ca8c0ca7f,02341,Dublin city and suburbs,Dublin
4c07d11e-1bed-851d-e053-ca3ca8c0ca7f,02341,Dublin city and suburbs,Dublin
4c07d11e-1bee-851d-e053-ca3ca8c0ca7f,02341,Dublin city and suburbs,Dublin
4c07d11e-1bef-851d-e053-ca3ca8c0ca7f,02341,Dublin city and suburbs,Dublin
4c07d11e-1bf0-851d-e053-ca3ca8c0ca7f,02341,Dublin city and suburbs,Dublin
4c07d11e-1bf1-851d-e053-ca3ca8c0ca7f,02341,Dublin city and suburbs,Dublin
4c07d11e-1bf2-851d-e053-ca3ca8c0ca7f,02341,Dublin city and suburbs,Dublin
4c07d11e-1bf3-851d-e053-ca3ca8c0ca7f,02341,Dublin city and suburbs,Dublin
4c07d11e-1bf4-851d-e053-ca3ca8c0ca7f,02341,Dublin city and suburbs,Dublin
4c07d11e-1bf5-851d-e053-ca3ca8c0ca7f,02341,Dublin city and suburbs,Dublin
4c07d11e-1bf6-851d-e053-ca3ca8c0ca7f,02341,Dublin city and suburbs,Dublin
4c07d11e-1bf7-851d-e053-ca3ca8c0ca7f,02341,Dublin city and suburbs,Dublin
4c07d11e-1bf8-851d-e053-ca3ca8c0ca7f,02341,Dublin city and suburbs,Dublin
4c07d11e-1bf9-851d-e053-ca3ca8c0ca7f,02341,Dublin city and suburbs,Dublin
4c07d11e-1bfa-851d-e053-ca3ca8c0ca7f,02341,Dublin city and suburbs,Dublin
4c07d11e-1bfb-851d-e053-ca3ca8c0ca7f,02341,Dublin city and suburbs,Dublin
4c07d11e-1bfc-851d-e053-ca3ca8c0ca7f,02341,Dublin city and suburbs,Dublin
4c07d11e-1bfd-851d-e053-ca3ca8c0ca7f,02341,Dublin city and suburbs,Dublin
4c07d11e-1bfe-851d-e053-ca3ca8c0ca7f,02341,Dublin city and suburbs,Dublin
4c07d11e-1bff-851d-e053-ca3ca8c0ca7f,02341,Dublin city and suburbs,Dublin
4c07d11e-1c00-851d-e053-ca3ca8c0ca7f,02341,Dublin city and suburbs,Dublin
4c07d11e-1c01-851d-e053-ca3ca8c0ca7f,02341,Dublin city and suburbs,Dublin
4c07d11e-1c02-851d-e053-ca3ca8c0ca7f,02341,Dublin city and suburbs,Dublin
4c07d11e-1c03-851d-e053-ca3ca8c0ca7f,02341,Dublin city and suburbs,Dublin
4c07d11e-1c04-851d-e053-ca3ca8c0ca7f,02341,Dublin city and suburbs,Dublin
4c07d11e-1c05-851d-e053-ca3ca8c0ca7f,02341,Dublin city and suburbs,Dublin
4c07d11e-1c06-851d-e053-ca3ca8c0ca7f,02341,Dublin city and suburbs,Dublin
4c07d11e-1c07-851d-e053-ca3ca8c0ca7f,02341,Dublin city and suburbs,Dublin
4c07d11e-1c08-851d-e053-ca3ca8c0ca7f,02341,Dublin city and suburbs,Dublin
4c07d11e-1c09-851d-e053-ca3ca8c0ca7f,02341,Dublin city and suburbs,Dublin
4c07d11e-1c0a-851d-e053-ca3ca8c0ca7f,02341,Dublin city and suburbs,Dublin
4c07d11e-1c0b-851d-e053-ca3ca8c0ca7f,02341,Dublin city and suburbs,Dublin
4c07d11e-1c0c-851d-e053-ca3ca8c0ca7f,02341,Dublin city and suburbs,Dublin
4c07d11e-1c0d-851d-e053-ca3ca8c0ca7f,02341,Dublin city and suburbs,Dublin
4c07d11e-1c0e-851d-e053-ca3ca8c0ca7f,02341,Dublin city and suburbs,Dublin
4c07d11e-1c0f-851d-e053-ca3ca8c0ca7f,02341,Dublin city and suburbs,Dublin
4c07d11e-1c10-851d-e053-ca3ca8c0ca7f,02341,Dublin city and suburbs,Dublin
4c07d11e-1c11-851d-e053-ca3ca8c0ca7f,02341,Dublin city and suburbs,Dublin
4c07d11e-1c12-851d-e053-ca3ca8c0ca7f,02341,Dublin city and suburbs,Dublin
4c07d11e-1c13-851d-e053-ca3ca8c0ca7f,02341,Dublin city and suburbs,Dublin
4c07d11e-1c14-851d-e053-ca3ca8c0ca7f,02341,Dublin city and suburbs,Dublin
4c07d11e-1c15-851d-e053-ca3ca8c0ca7f,02341,Dublin city and suburbs,Dublin
4c07d11e-1c16-851d-e053-ca3ca8c0ca7f,02341,Dublin city and suburbs,Dublin
4c07d11e-1c17-851d-e053-ca3ca8c0ca7f,02341,Dublin city and suburbs,Dublin
4c07d11e-1c18-851d-e053-ca3ca8c0ca7f,02341,Dublin city and suburbs,Dublin
4c07d11e-1c19-851d-e053-ca3ca8c0ca7f,02341,Dublin city and suburbs,Dublin
4c07d11e-1c1a-851d-e053-ca3ca8c0ca7f,02341,Dublin city and suburbs,Dublin
4c07d11e-1c1b-851d-e053-ca3ca8c0ca7f,02341,Dublin city and suburbs,Dublin
4c07d11e-1c1c-851d-e053-ca3ca8c0ca7f,02341,Dublin city and suburbs,Dublin
4c07d11e-1c1d-851d-e053-ca3ca8c0ca7f,02341,Dublin city and suburbs,Dublin
4c07d11e-1c1e-851d-e053-ca3ca8c0ca7f,02341,Dublin city and suburbs,Dublin
4c07d11e-1c1f-851d-e053-ca3ca8c0ca7f,02341,Dublin city and suburbs,Dublin
4c07d11e-1c20-851d-e053-ca3ca8c0ca7f,02341,Dublin city and suburbs,Dublin
4c07d11e-1c21-851d-e053-ca3ca8c0ca7f,02341,Dublin city and suburbs,Dublin
4c07d11e-1c22-851d-e053-ca3ca8c0ca7f,02341,Dublin city and suburbs,Dublin
4c07d11e-1c23-851d-e053-ca3ca8c0ca7f,02341,Dublin city and suburbs,Dublin
4c07d11e-1c24-851d-e053-ca3ca8c0ca7f,02341,Dublin city and suburbs,Dublin
4c07d11e-1c25-851d-e053-ca3ca8c0ca7f,02341,Dublin city and suburbs,Dublin
4c07d11e-1c26-851d-e053-ca3ca8c0ca7f,02341,Dublin city and suburbs,Dublin
4c07d11e-1c27-851d-e053-ca3ca8c0ca7f,02341,Dublin city and suburbs,Dublin
4c07d11e-1c28-851d-e053-ca3ca8c0ca7f,02341,Dublin city and suburbs,Dublin
4c07d11e-1c29-851d-e053-ca3ca8c0ca7f,02341,Dublin city and suburbs,Dublin
4c07d11e-1c2a-851d-e053-ca3ca8c0ca7f,02341,Dublin city and suburbs,Dublin
4c07d11e-1c2b-851d-e053-ca3ca8c0ca7f,02341,Dublin city and suburbs,Dublin
4c07d11e-1c2d-851d-e053-ca3ca8c0ca7f,02341,Dublin city and suburbs,Dublin
4c07d11e-1c2e-851d-e053-ca3ca8c0ca7f,02341,Dublin city and suburbs,Dublin
4c07d11e-1c2f-851d-e053-ca3ca8c0ca7f,02341,Dublin city and suburbs,Dublin
4c07d11e-1c30-851d-e053-ca3ca8c0ca7f,02341,Dublin city and suburbs,Dublin
4c07d11e-1c31-851d-e053-ca3ca8c0ca7f,02341,Dublin city and suburbs,Dublin
4c07d11e-1c32-851d-e053-ca3ca8c0ca7f,02341,Dublin city and suburbs,Dublin
4c07d11e-1c33-851d-e053-ca3ca8c0ca7f,02341,Dublin city and suburbs,Dublin
4c07d11e-1c34-851d-e053-ca3ca8c0ca7f,02341,Dublin city and suburbs,Dublin
4c07d11e-1c35-851d-e053-ca3ca8c0ca7f,02341,Dublin city and suburbs,Dublin
4c07d11e-1c36-851d-e053-ca3ca8c0ca7f,02341,Dublin city and suburbs,Dublin
4c07d11e-1c37-851d-e053-ca3ca8c0ca7f,02341,Dublin city and suburbs,Dublin
4c07d11e-1c38-851d-e053-ca3ca8c0ca7f,17364,Cork city and suburbs,Cork
4c07d11e-1c39-851d-e053-ca3ca8c0ca7f,17364,Cork city and suburbs,Cork
4c07d11e-1c3a-851d-e053-ca3ca8c0ca7f,17364,Cork city and suburbs,Cork
4c07d11e-1c3b-851d-e053-ca3ca8c0ca7f,17364,Cork city and suburbs,Cork
4c07d11e-1c3c-851d-e053-ca3ca8c0ca7f,17364,Cork city and suburbs,Cork
4c07d11e-1c3d-851d-e053-ca3ca8c0ca7f,17364,Cork city and suburbs,Cork
4c07d11e-1c3e-851d-e053-ca3ca8c0ca7f,17364,Cork city and suburbs,Cork
4c07d11e-1c3f-851d-e053-ca3ca8c0ca7f,17364,Cork city and suburbs,Cork
4c07d11e-1c40-851d-e053-ca3ca8c0ca7f,17364,Cork city and suburbs,Cork
4c07d11e-1c41-851d-e053-ca3ca8c0ca7f,17364,Cork city and suburbs,Cork
4c07d11e-1c42-851d-e053-ca3ca8c0ca7f,17364,Cork city and suburbs,Cork
4c07d11e-1c43-851d-e053-ca3ca8c0ca7f,17364,Cork city and suburbs,Cork
4c07d11e-1c44-851d-e053-ca3ca8c0ca7f,17364,Cork city and suburbs,Cork
4c07d11e-1c45-851d-e053-ca3ca8c0ca7f,17364,Cork city and suburbs,Cork
4c07d11e-1c46-851d-e053-ca3ca8c0ca7f,17364,Cork city and suburbs,Cork
4c07d11e-1c47-851d-e053-ca3ca8c0ca7f,17364,Cork city and suburbs,Cork
4c07d11e-1c48-851d-e053-ca3ca8c0ca7f,17364,Cork city and suburbs,Cork
4c07d11e-1c49-851d-e053-ca3ca8c0ca7f,17364,Cork city and suburbs,Cork
4c07d11e-1c4a-851d-e053-ca3ca8c0ca7f,17364,Cork city and suburbs,Cork
4c07d11e-1c4b-851d-e053-ca3ca8c0ca7f,17364,Cork city and suburbs,Cork
4c07d11e-1c4c-851d-e053-ca3ca8c0ca7f,17364,Cork city and suburbs,Cork
4c07d11e-1c4d-851d-e053-ca3ca8c0ca7f,17364,Cork city and suburbs,Cork
4c07d11e-1c4e-851d-e053-ca3ca8c0ca7f,17364,Cork city and suburbs,Cork
4c07d11e-1c4f-851d-e053-ca3ca8c0ca7f,17364,Cork city and suburbs,Cork
4c07d11e-1c50-851d-e053-ca3ca8c0ca7f,17364,Cork city and suburbs,Cork
4c07d11e-1c51-851d-e053-ca3ca8c0ca7f,17364,Cork city and suburbs,Cork
4c07d11e-1c52-851d-e053-ca3ca8c0ca7f,17364,Cork city and suburbs,Cork
4c07d11e-1c53-851d-e053-ca3ca8c0ca7f,17364,Cork city and suburbs,Cork
4c07d11e-1c54-851d-e053-ca3ca8c0ca7f,17364,Cork city and suburbs,Cork
4c07d11e-1c55-851d-e053-ca3ca8c0ca7f,17364,Cork city and suburbs,Cork
4c07d11e-1c56-851d-e053-ca3ca8c0ca7f,17364,Cork city and suburbs,Cork
4c07d11e-1c57-851d-e053-ca3ca8c0ca7f,17364,Cork city and suburbs,Cork
4c07d11e-1c58-851d-e053-ca3ca8c0ca7f,17364,Cork city and suburbs,Cork
4c07d11e-1c59-851d-e053-ca3ca8c0ca7f,17364,Cork city and suburbs,Cork
4c07d11e-1c5a-851d-e053-ca3ca8c0ca7f,17364,Cork city and suburbs,Cork
4c07d11e-1c5b-851d-e053-ca3ca8c0ca7f,17364,Cork city and suburbs,Cork
4c07d11e-1c5c-851d-e053-ca3ca8c0ca7f,17364,Cork city and suburbs,Cork
4c07d11e-1c5d-851d-e053-ca3ca8c0ca7f,17364,Cork city and suburbs,Cork
4c07d11e-1c5e-851d-e053-ca3ca8c0ca7f,17364,Cork city and suburbs,Cork
4c07d11e-1c5f-851d-e053-ca3ca8c0ca7f,17364,Cork city and suburbs,Cork
4c07d11e-1c60-851d-e053-ca3ca8c0ca7f,17364,Cork city and suburbs,Cork
4c07d11e-1c61-851d-e053-ca3ca8c0ca7f,17364,Cork city and suburbs,Cork
4c07d11e-1c62-851d-e053-ca3ca8c0ca7f,17364,Cork city and suburbs,Cork
4c07d11e-1c63-851d-e053-ca3ca8c0ca7f,17364,Cork city and suburbs,Cork
4c07d11e-1c64-851d-e053-ca3ca8c0ca7f,17364,Cork city and suburbs,Cork
4c07d11e-1c65-851d-e053-ca3ca8c0ca7f,17364,Cork city and suburbs,Cork
4c07d11e-1c66-851d-e053-ca3ca8c0ca7f,17364,Cork city and suburbs,Cork
4c07d11e-1c67-851d-e053-ca3ca8c0ca7f,17364,Cork city and suburbs,Cork
4c07d11e-1c68-851d-e053-ca3ca8c0ca7f,17364,Cork city and suburbs,Cork
4c07d11e-1c69-851d-e053-ca3ca8c0ca7f,17364,Cork city and suburbs,Cork
4c07d11e-1c6a-851d-e053-ca3ca8c0ca7f,17364,Cork city and suburbs,Cork
4c07d11e-1c6b-851d-e053-ca3ca8c0ca7f,17364,Cork city and suburbs,Cork
4c07d11e-1c6c-851d-e053-ca3ca8c0ca7f,17364,Cork city and suburbs,Cork
4c07d11e-1c6d-851d-e053-ca3ca8c0ca7f,17364,Cork city and suburbs,Cork
4c07d11e-1c6e-851d-e053-ca3ca8c0ca7f,17364,Cork city and suburbs,Cork
4c07d11e-1c6f-851d-e053-ca3ca8c0ca7f,17364,Cork city and suburbs,Cork
4c07d11e-1c70-851d-e053-ca3ca8c0ca7f,17364,Cork city and suburbs,Cork
4c07d11e-1c71-851d-e053-ca3ca8c0ca7f,17364,Cork city and suburbs,Cork
4c07d11e-1c72-851d-e053-ca3ca8c0ca7f,17364,Cork city and suburbs,Cork
4c07d11e-1c73-851d-e053-ca3ca8c0ca7f,17364,Cork city and suburbs,Cork
4c07d11e-1c74-851d-e053-ca3ca8c0ca7f,17364,Cork city and suburbs,Cork
4c07d11e-1c75-851d-e053-ca3ca8c0ca7f,17364,Cork city and suburbs,Cork
4c07d11e-1c76-851d-e053-ca3ca8c0ca7f,17364,Cork city and suburbs,Cork
4c07d11e-1c77-851d-e053-ca3ca8c0ca7f,17364,Cork city and suburbs,Cork
4c07d11e-1c78-851d-e053-ca3ca8c0ca7f,17364,Cork city and suburbs,Cork
4c07d11e-1c79-851d-e053-ca3ca8c0ca7f,17364,Cork city and suburbs,Cork
4c07d11e-1c7a-851d-e053-ca3ca8c0ca7f,17364,Cork city and suburbs,Cork
4c07d11e-1c7b-851d-e053-ca3ca8c0ca7f,17364,Cork city and suburbs,Cork
4c07d11e-1c7c-851d-e053-ca3ca8c0ca7f,17364,Cork city and suburbs,Cork
4c07d11e-1c7d-851d-e053-ca3ca8c0ca7f,17364,Cork city and suburbs,Cork
4c07d11e-1c7e-851d-e053-ca3ca8c0ca7f,17364,Cork city and suburbs,Cork
4c07d11e-1c7f-851d-e053-ca3ca8c0ca7f,17364,Cork city and suburbs,Cork
4c07d11e-1c80-851d-e053-ca3ca8c0ca7f,17364,Cork city and suburbs,Cork
4c07d11e-1c81-851d-e053-ca3ca8c0ca7f,17364,Cork city and suburbs,Cork
4c07d11e-1c82-851d-e053-ca3ca8c0ca7f,17364,Cork city and suburbs,Cork
4c07d11e-1c83-851d-e053-ca3ca8c0ca7f,17364,Cork city and suburbs,Cork
4c07d11e-1c84-851d-e053-ca3ca8c0ca7f,17364,Cork city and suburbs,Cork
4c07d11e-1c85-851d-e053-ca3ca8c0ca7f,17364,Cork city and suburbs,Cork
4c07d11e-1c86-851d-e053-ca3ca8c0ca7f,17364,Cork city and suburbs,Cork
4c07d11e-1c87-851d-e053-ca3ca8c0ca7f,17364,Cork city and suburbs,Cork
4c07d11e-1c88-851d-e053-ca3ca8c0ca7f,17364,Cork city and suburbs,Cork
4c07d11e-1c89-851d-e053-ca3ca8c0ca7f,17364,Cork city and suburbs,Cork
4c07d11e-1c8a-851d-e053-ca3ca8c0ca7f,17364,Cork city and suburbs,Cork
4c07d11e-1c8b-851d-e053-ca3ca8c0ca7f,17364,Cork city and suburbs,Cork
4c07d11e-1c8c-851d-e053-ca3ca8c0ca7f,17364,Cork city and suburbs,Cork
4c07d11e-1c8d-851d-e053-ca3ca8c0ca7f,17364,Cork city and suburbs,Cork
4c07d11e-1c8e-851d-e053-ca3ca8c0ca7f,17364,Cork city and suburbs,Cork
4c07d11e-1c8f-851d-e053-ca3ca8c0ca7f,17364,Cork city and suburbs,Cork
4c07d11e-1c90-851d-e053-ca3ca8c0ca7f,17364,Cork city and suburbs,Cork
4c07d11e-1c91-851d-e053-ca3ca8c0ca7f,17364,Cork city and suburbs,Cork
4c07d11e-1c92-851d-e053-ca3ca8c0ca7f,17364,Cork city and suburbs,Cork
4c07d11e-1c93-851d-e053-ca3ca8c0ca7f,17364,Cork city and suburbs,Cork
4c07d11e-1c94-851d-e053-ca3ca8c0ca7f,17364,Cork city and suburbs,Cork
4c07d11e-1c95-851d-e053-ca3ca8c0ca7f,17364,Cork city and suburbs,Cork
4c07d11e-1c96-851d-e053-ca3ca8c0ca7f,17364,Cork city and suburbs,Cork
4c07d11e-1c97-851d-e053-ca3ca8c0ca7f,17364,Cork city and suburbs,Cork
4c07d11e-1c98-851d-e053-ca3ca8c0ca7f,17364,Cork city and suburbs,Cork
4c07d11e-1c99-851d-e053-ca3ca8c0ca7f,17364,Cork city and suburbs,Cork
4c07d11e-1c9a-851d-e053-ca3ca8c0ca7f,17364,Cork city and suburbs,Cork
4c07d11e-1c9b-851d-e053-ca3ca8c0ca7f,17364,Cork city and suburbs,Cork
4c07d11e-1c9c-851d-e053-ca3ca8c0ca7f,17364,Cork city and suburbs,Cork
4c07d11e-1c9d-851d-e053-ca3ca8c0ca7f,17364,Cork city and suburbs,Cork
4c07d11e-1c9e-851d-e053-ca3ca8c0ca7f,17364,Cork city and suburbs,Cork
4c07d11e-1c9f-851d-e053-ca3ca8c0ca7f,17364,Cork city and suburbs,Cork
4c07d11e-1ca0-851d-e053-ca3ca8c0ca7f,17364,Cork city and suburbs,Cork
4c07d11e-1ca1-851d-e053-ca3ca8c0ca7f,17364,Cork city and suburbs,Cork
4c07d11e-1ca2-851d-e053-ca3ca8c0ca7f,17364,Cork city and suburbs,Cork
4c07d11e-1ca3-851d-e053-ca3ca8c0ca7f,17364,Cork city and suburbs,Cork
4c07d11e-1ca4-851d-e053-ca3ca8c0ca7f,17364,Cork city and suburbs,Cork
4c07d11e-1ca5-851d-e053-ca3ca8c0ca7f,17364,Cork city and suburbs,Cork
4c07d11e-1ca6-851d-e053-ca3ca8c0ca7f,17364,Cork city and suburbs,Cork
4c07d11e-1ca7-851d-e053-ca3ca8c0ca7f,17364,Cork city and suburbs,Cork
4c07d11e-1ca8-851d-e053-ca3ca8c0ca7f,17364,Cork city and suburbs,Cork
4c07d11e-1ca9-851d-e053-ca3ca8c0ca7f,17364,Cork city and suburbs,Cork
4c07d11e-1caa-851d-e053-ca3ca8c0ca7f,17364,Cork city and suburbs,Cork
4c07d11e-1cab-851d-e053-ca3ca8c0ca7f,17364,Cork city and suburbs,Cork
4c07d11e-1cac-851d-e053-ca3ca8c0ca7f,17364,Cork city and suburbs,Cork
4c07d11e-1cad-851d-e053-ca3ca8c0ca7f,17364,Cork city and suburbs,Cork
4c07d11e-1cae-851d-e053-ca3ca8c0ca7f,17364,Cork city and suburbs,Cork
4c07d11e-1caf-851d-e053-ca3ca8c0ca7f,17364,Cork city and suburbs,Cork
4c07d11e-1cb0-851d-e053-ca3ca8c0ca7f,17364,Cork city and suburbs,Cork
4c07d11e-1cb1-851d-e053-ca3ca8c0ca7f,17364,Cork city and suburbs,Cork
4c07d11e-1cb2-851d-e053-ca3ca8c0ca7f,17364,Cork city and suburbs,Cork
4c07d11e-1cb3-851d-e053-ca3ca8c0ca7f,17364,Cork city and suburbs,Cork
4c07d11e-1cb4-851d-e053-ca3ca8c0ca7f,17364,Cork city and suburbs,Cork
4c07d11e-1cb5-851d-e053-ca3ca8c0ca7f,17364,Cork city and suburbs,Cork
4c07d11e-1cb6-851d-e053-ca3ca8c0ca7f,17364,Cork city and suburbs,Cork
4c07d11e-1cb7-851d-e053-ca3ca8c0ca7f,17364,Cork city and suburbs,Cork
4c07d11e-1cb8-851d-e053-ca3ca8c0ca7f,17364,Cork city and suburbs,Cork
4c07d11e-1cb9-851d-e053-ca3ca8c0ca7f,17364,Cork city and suburbs,Cork
4c07d11e-1cba-851d-e053-ca3ca8c0ca7f,17364,Cork city and suburbs,Cork
4c07d11e-1cbb-851d-e053-ca3ca8c0ca7f,17364,Cork city and suburbs,Cork
4c07d11e-1cbc-851d-e053-ca3ca8c0ca7f,17364,Cork city and suburbs,Cork
4c07d11e-1cbd-851d-e053-ca3ca8c0ca7f,17364,Cork city and suburbs,Cork
4c07d11e-1cbe-851d-e053-ca3ca8c0ca7f,17364,Cork city and suburbs,Cork
4c07d11e-1cbf-851d-e053-ca3ca8c0ca7f,17364,Cork city and suburbs,Cork
4c07d11e-1cc0-851d-e053-ca3ca8c0ca7f,17364,Cork city and suburbs,Cork
4c07d11e-1cc1-851d-e053-ca3ca8c0ca7f,17364,Cork city and suburbs,Cork
4c07d11e-1cc2-851d-e053-ca3ca8c0ca7f,17364,Cork city and suburbs,Cork
4c07d11e-1cc3-851d-e053-ca3ca8c0ca7f,17364,Cork city and suburbs,Cork
4c07d11e-1cc4-851d-e053-ca3ca8c0ca7f,17364,Cork city and suburbs,Cork
4c07d11e-1cc5-851d-e053-ca3ca8c0ca7f,17364,Cork city and suburbs,Cork
4c07d11e-1cc6-851d-e053-ca3ca8c0ca7f,17364,Cork city and suburbs,Cork
4c07d11e-1cc7-851d-e053-ca3ca8c0ca7f,17364,Cork city and suburbs,Cork
4c07d11e-1cc8-851d-e053-ca3ca8c0ca7f,17364,Cork city and suburbs,Cork
4c07d11e-1cc9-851d-e053-ca3ca8c0ca7f,17364,Cork city and suburbs,Cork
4c07d11e-1cca-851d-e053-ca3ca8c0ca7f,17364,Cork city and suburbs,Cork
4c07d11e-1ccb-851d-e053-ca3ca8c0ca7f,17364,Cork city and suburbs,Cork
4c07d11e-1ccc-851d-e053-ca3ca8c0ca7f,17364,Cork city and suburbs,Cork
4c07d11e-1ccd-851d-e053-ca3ca8c0ca7f,17364,Cork city and suburbs,Cork
4c07d11e-1cce-851d-e053-ca3ca8c0ca7f,17364,Cork city and suburbs,Cork
4c07d11e-1ccf-851d-e053-ca3ca8c0ca7f,17364,Cork city and suburbs,Cork
4c07d11e-1cd0-851d-e053-ca3ca8c0ca7f,17364,Cork city and suburbs,Cork
4c07d11e-1cd1-851d-e053-ca3ca8c0ca7f,17364,Cork city and suburbs,Cork
4c07d11e-1cd2-851d-e053-ca3ca8c0ca7f,17364,Cork city and suburbs,Cork
4c07d11e-1cd3-851d-e053-ca3ca8c0ca7f,17364,Cork city and suburbs,Cork
4c07d11e-1cd4-851d-e053-ca3ca8c0ca7f,17364,Cork city and suburbs,Cork
4c07d11e-1cd5-851d-e053-ca3ca8c0ca7f,17364,Cork city and suburbs,Cork
4c07d11e-1cd6-851d-e053-ca3ca8c0ca7f,17364,Cork city and suburbs,Cork
4c07d11e-1cd7-851d-e053-ca3ca8c0ca7f,17364,Cork city and suburbs,Cork
4c07d11e-1cd8-851d-e053-ca3ca8c0ca7f,17364,Cork city and suburbs,Cork
4c07d11e-1cd9-851d-e053-ca3ca8c0ca7f,17364,Cork city and suburbs,Cork
4c07d11e-1cda-851d-e053-ca3ca8c0ca7f,17364,Cork city and suburbs,Cork
4c07d11e-1cdb-851d-e053-ca3ca8c0ca7f,17364,Cork city and suburbs,Cork
4c07d11e-1cdc-851d-e053-ca3ca8c0ca7f,17364,Cork city and suburbs,Cork
4c07d11e-1cdd-851d-e053-ca3ca8c0ca7f,17364,Cork city and suburbs,Cork
4c07d11e-1cde-851d-e053-ca3ca8c0ca7f,17366,Tower,Cork
4c07d11e-1cdf-851d-e053-ca3ca8c0ca7f,17365,Blarney,Cork
4c07d11e-1ce0-851d-e053-ca3ca8c0ca7f,17365,Blarney,Cork
4c07d11e-1ce1-851d-e053-ca3ca8c0ca7f,17364,Cork city and suburbs,Cork
4c07d11e-1ce2-851d-e053-ca3ca8c0ca7f,17364,Cork city and suburbs,Cork
4c07d11e-1ce3-851d-e053-ca3ca8c0ca7f,17364,Cork city and suburbs,Cork
4c07d11e-1ce4-851d-e053-ca3ca8c0ca7f,17364,Cork city and suburbs,Cork
4c07d11e-1ce5-851d-e053-ca3ca8c0ca7f,17364,Cork city and suburbs,Cork
4c07d11e-1ce6-851d-e053-ca3ca8c0ca7f,17364,Cork city and suburbs,Cork
4c07d11e-1ce7-851d-e053-ca3ca8c0ca7f,17364,Cork city and suburbs,Cork
4c07d11e-1ce8-851d-e053-ca3ca8c0ca7f,17364,Cork city and suburbs,Cork
4c07d11e-1ce9-851d-e053-ca3ca8c0ca7f,17364,Cork city and suburbs,Cork
4c07d11e-1cea-851d-e053-ca3ca8c0ca7f,17364,Cork city and suburbs,Cork
4c07d11e-1ceb-851d-e053-ca3ca8c0ca7f,17365,Blarney,Cork
4c07d11e-1cec-851d-e053-ca3ca8c0ca7f,17365,Blarney,Cork
4c07d11e-1ced-851d-e053-ca3ca8c0ca7f,17364,Cork city and suburbs,Cork
4c07d11e-1cee-851d-e053-ca3ca8c0ca7f,17364,Cork city and suburbs,Cork
4c07d11e-1cef-851d-e053-ca3ca8c0ca7f,17364,Cork city and suburbs,Cork
4c07d11e-1cf0-851d-e053-ca3ca8c0ca7f,17364,Cork city and suburbs,Cork
4c07d11e-1cf1-851d-e053-ca3ca8c0ca7f,17364,Cork city and suburbs,Cork
4c07d11e-1cf2-851d-e053-ca3ca8c0ca7f,17364,Cork city and suburbs,Cork
4c07d11e-1cf3-851d-e053-ca3ca8c0ca7f,17364,Cork city and suburbs,Cork
4c07d11e-1cf4-851d-e053-ca3ca8c0ca7f,17364,Cork city and suburbs,Cork
4c07d11e-1cf5-851d-e053-ca3ca8c0ca7f,17364,Cork city and suburbs,Cork
4c07d11e-1cf6-851d-e053-ca3ca8c0ca7f,17364,Cork city and suburbs,Cork
4c07d11e-1cf7-851d-e053-ca3ca8c0ca7f,17364,Cork city and suburbs,Cork
4c07d11e-1cf8-851d-e053-ca3ca8c0ca7f,17364,Cork city and suburbs,Cork
4c07d11e-1cf9-851d-e053-ca3ca8c0ca7f,17364,Cork city and suburbs,Cork
4c07d11e-1cfa-851d-e053-ca3ca8c0ca7f,14623,New Ross,Wexford
4c07d11e-1cfb-851d-e053-ca3ca8c0ca7f,14623,New Ross,Wexford
4c07d11e-1cfc-851d-e053-ca3ca8c0ca7f,14623,New Ross,Wexford
4c07d11e-1cfd-851d-e053-ca3ca8c0ca7f,12211,Tullamore,Offaly
4c07d11e-1cfe-851d-e053-ca3ca8c0ca7f,12211,Tullamore,Offaly
4c07d11e-1cff-851d-e053-ca3ca8c0ca7f,12211,Tullamore,Offaly
4c07d11e-1d00-851d-e053-ca3ca8c0ca7f,14613,Bunclody,Wexford
4c07d11e-1d01-851d-e053-ca3ca8c0ca7f,07661,Kilkenny,Kilkenny
4c07d11e-1d02-851d-e053-ca3ca8c0ca7f,07661,Kilkenny,Kilkenny
4c07d11e-1d03-851d-e053-ca3ca8c0ca7f,01639,Carlow,Carlow
4c07d11e-1d04-851d-e053-ca3ca8c0ca7f,01639,Carlow,Carlow
4c07d11e-1d05-851d-e053-ca3ca8c0ca7f,01639,Carlow,Carlow
4c07d11e-1d06-851d-e053-ca3ca8c0ca7f,01639,Carlow,Carlow
4c07d11e-1d07-851d-e053-ca3ca8c0ca7f,22480,Roscrea,Tipperary
4c07d11e-1d08-851d-e053-ca3ca8c0ca7f,22480,Roscrea,Tipperary
4c07d11e-1d09-851d-e053-ca3ca8c0ca7f,22480,Roscrea,Tipperary
4c07d11e-1d0a-851d-e053-ca3ca8c0ca7f,12211,Tullamore,Offaly
4c07d11e-1d0b-851d-e053-ca3ca8c0ca7f,12211,Tullamore,Offaly
4c07d11e-1d0c-851d-e053-ca3ca8c0ca7f,12211,Tullamore,Offaly
4c07d11e-1d0d-851d-e053-ca3ca8c0ca7f,12211,Tullamore,Offaly
4c07d11e-1d0e-851d-e053-ca3ca8c0ca7f,07661,Kilkenny,Kilkenny
4c07d11e-1d0f-851d-e053-ca3ca8c0ca7f,07661,Kilkenny,Kilkenny
4c07d11e-1d10-851d-e053-ca3ca8c0ca7f,07661,Kilkenny,Kilkenny
4c07d11e-1d11-851d-e053-ca3ca8c0ca7f,01639,Carlow,Carlow
4c07d11e-1d12-851d-e053-ca3ca8c0ca7f,01639,Carlow,Carlow
4c07d11e-1d13-851d-e053-ca3ca8c0ca7f,22480,Roscrea,Tipperary
4c07d11e-1d14-851d-e053-ca3ca8c0ca7f,08178,Borris-In-Ossory,Laois
4c07d11e-1d15-851d-e053-ca3ca8c0ca7f,08174,Mountrath,Laois
4c07d11e-1d16-851d-e053-ca3ca8c0ca7f,14623,New Ross,Wexford
4c07d11e-1d17-851d-e053-ca3ca8c0ca7f,14623,New Ross,Wexford
4c07d11e-1d18-851d-e053-ca3ca8c0ca7f,14623,New Ross,Wexford
4c07d11e-1d19-851d-e053-ca3ca8c0ca7f,14623,New Ross,Wexford
4c07d11e-1d1a-851d-e053-ca3ca8c0ca7f,07661,Kilkenny,Kilkenny
4c07d11e-1d1b-851d-e053-ca3ca8c0ca7f,07661,Kilkenny,Kilkenny
4c07d11e-1d1c-851d-e053-ca3ca8c0ca7f,07661,Kilkenny,Kilkenny
4c07d11e-1d1d-851d-e053-ca3ca8c0ca7f,07661,Kilkenny,Kilkenny
4c07d11e-1d1e-851d-e053-ca3ca8c0ca7f,01639,Carlow,Carlow
4c07d11e-1d1f-851d-e053-ca3ca8c0ca7f,01639,Carlow,Carlow
4c07d11e-1d20-851d-e053-ca3ca8c0ca7f,01639,Carlow,Carlow
4c07d11e-1d21-851d-e053-ca3ca8c0ca7f,08174,Mountrath,Laois
4c07d11e-1d22-851d-e053-ca3ca8c0ca7f,08174,Mountrath,Laois
4c07d11e-1d23-851d-e053-ca3ca8c0ca7f,12222,Crinkill,Offaly
4c07d11e-1d24-851d-e053-ca3ca8c0ca7f,14623,New Ross,Wexford
4c07d11e-1d25-851d-e053-ca3ca8c0ca7f,14623,New Ross,Wexford
4c07d11e-1d26-851d-e053-ca3ca8c0ca7f,14623,New Ross,Wexford
4c07d11e-1d27-851d-e053-ca3ca8c0ca7f,14623,New Ross,Wexford
4c07d11e-1d28-851d-e053-ca3ca8c0ca7f,07661,Kilkenny,Kilkenny
4c07d11e-1d29-851d-e053-ca3ca8c0ca7f,07661,Kilkenny,Kilkenny
4c07d11e-1d2a-851d-e053-ca3ca8c0ca7f,07661,Kilkenny,Kilkenny
4c07d11e-1d2b-851d-e053-ca3ca8c0ca7f,01639,Carlow,Carlow
4c07d11e-1d2c-851d-e053-ca3ca8c0ca7f,01639,Carlow,Carlow
4c07d11e-1d2d-851d-e053-ca3ca8c0ca7f,01639,Carlow,Carlow
4c07d11e-1d2e-851d-e053-ca3ca8c0ca7f,12223,Birr,Offaly
4c07d11e-1d2f-851d-e053-ca3ca8c0ca7f,12223,Birr,Offaly
4c07d11e-1d30-851d-e053-ca3ca8c0ca7f,12223,Birr,Offaly
4c07d11e-1d31-851d-e053-ca3ca8c0ca7f,14623,New Ross,Wexford
4c07d11e-1d32-851d-e053-ca3ca8c0ca7f,14623,New Ross,Wexford
4c07d11e-1d33-851d-e053-ca3ca8c0ca7f,14623,New Ross,Wexford
4c07d11e-1d34-851d-e053-ca3ca8c0ca7f,07661,Kilkenny,Kilkenny
4c07d11e-1d35-851d-e053-ca3ca8c0ca7f,07661,Kilkenny,Kilkenny
4c07d11e-1d36-851d-e053-ca3ca8c0ca7f,07661,Kilkenny,Kilkenny
4c07d11e-1d37-851d-e053-ca3ca8c0ca7f,07661,Kilkenny,Kilkenny
4c07d11e-1d38-851d-e053-ca3ca8c0ca7f,01639,Carlow,Carlow
4c07d11e-1d39-851d-e053-ca3ca8c0ca7f,01639,Carlow,Carlow
4c07d11e-1d3a-851d-e053-ca3ca8c0ca7f,01639,Carlow,Carlow
4c07d11e-1d3b-851d-e053-ca3ca8c0ca7f,01639,Carlow,Carlow
4c07d11e-1d3c-851d-e053-ca3ca8c0ca7f,12223,Birr,Offaly
4c07d11e-1d3d-851d-e053-ca3ca8c0ca7f,12223,Birr,Offaly
4c07d11e-1d3e-851d-e053-ca3ca8c0ca7f,27263,Ballinasloe,Galway
4c07d11e-1d3f-851d-e053-ca3ca8c0ca7f,27263,Ballinasloe,Galway
4c07d11e-1d40-851d-e053-ca3ca8c0ca7f,14623,New Ross,Wexford
4c07d11e-1d41-851d-e053-ca3ca8c0ca7f,14623,New Ross,Wexford
4c07d11e-1d42-851d-e053-ca3ca8c0ca7f,14623,New Ross,Wexford
4c07d11e-1d43-851d-e053-ca3ca8c0ca7f,07661,Kilkenny,Kilkenny
4c07d11e-1d44-851d-e053-ca3ca8c0ca7f,07661,Kilkenny,Kilkenny
4c07d11e-1d45-851d-e053-ca3ca8c0ca7f,07661,Kilkenny,Kilkenny
4c07d11e-1d46-851d-e053-ca3ca8c0ca7f,01639,Carlow,Carlow
4c07d11e-1d47-851d-e053-ca3ca8c0ca7f,01639,Carlow,Carlow
4c07d11e-1d48-851d-e053-ca3ca8c0ca7f,01639,Carlow,Carlow
4c07d11e-1d49-851d-e053-ca3ca8c0ca7f,01639,Carlow,Carlow
4c07d11e-1d4a-851d-e053-ca3ca8c0ca7f,27263,Ballinasloe,Galway
4c07d11e-1d4b-851d-e053-ca3ca8c0ca7f,27263,Ballinasloe,Galway
4c07d11e-1d4c-851d-e053-ca3ca8c0ca7f,27263,Ballinasloe,Galway
4c07d11e-1d4d-851d-e053-ca3ca8c0ca7f,27263,Ballinasloe,Galway
4c07d11e-1d4e-851d-e053-ca3ca8c0ca7f,27263,Ballinasloe,Galway
4c07d11e-1d4f-851d-e053-ca3ca8c0ca7f,14623,New Ross,Wexford
4c07d11e-1d50-851d-e053-ca3ca8c0ca7f,14623,New Ross,Wexford
4c07d11e-1d51-851d-e053-ca3ca8c0ca7f,14623,New Ross,Wexford
4c07d11e-1d52-851d-e053-ca3ca8c0ca7f,14606,Enniscorthy,Wexford
4c07d11e-1d53-851d-e053-ca3ca8c0ca7f,07661,Kilkenny,Kilkenny
4c07d11e-1d54-851d-e053-ca3ca8c0ca7f,07661,Kilkenny,Kilkenny
4c07d11e-1d55-851d-e053-ca3ca8c0ca7f,07661,Kilkenny,Kilkenny
4c07d11e-1d56-851d-e053-ca3ca8c0ca7f,01639,Carlow,Carlow
4c07d11e-1d57-851d-e053-ca3ca8c0ca7f,01639,Carlow,Carlow
4c07d11e-1d58-851d-e053-ca3ca8c0ca7f,01639,Carlow,Carlow
4c07d11e-1d59-851d-e053-ca3ca8c0ca7f,01639,Carlow,Carlow
4c07d11e-1d5a-851d-e053-ca3ca8c0ca7f,27263,Ballinasloe,Galway
4c07d11e-1d5b-851d-e053-ca3ca8c0ca7f,27263,Ballinasloe,Galway
4c07d11e-1d5c-851d-e053-ca3ca8c0ca7f,27263,Ballinasloe,Galway
4c07d11e-1d5d-851d-e053-ca3ca8c0ca7f,13200,Athlone,Westmeath
4c07d11e-1d5e-851d-e053-ca3ca8c0ca7f,14606,Enniscorthy,Wexford
4c07d11e-1d5f-851d-e053-ca3ca8c0ca7f,14606,Enniscorthy,Wexford
4c07d11e-1d60-851d-e053-ca3ca8c0ca7f,14606,Enniscorthy,Wexford
4c07d11e-1d61-851d-e053-ca3ca8c0ca7f,14606,Enniscorthy,Wexford
4c07d11e-1d62-851d-e053-ca3ca8c0ca7f,07661,Kilkenny,Kilkenny
4c07d11e-1d63-851d-e053-ca3ca8c0ca7f,07666,Ballyragget,Kilkenny
4c07d11e-1d65-851d-e053-ca3ca8c0ca7f,01639,Carlow,Carlow
4c07d11e-1d66-851d-e053-ca3ca8c0ca7f,01639,Carlow,Carlow
4c07d11e-1d67-851d-e053-ca3ca8c0ca7f,01639,Carlow,Carlow
4c07d11e-1d68-851d-e053-ca3ca8c0ca7f,13200,Athlone,Westmeath
4c07d11e-1d69-851d-e053-ca3ca8c0ca7f,13200,Athlone,Westmeath
4c07d11e-1d6a-851d-e053-ca3ca8c0ca7f,13200,Athlone,Westmeath
4c07d11e-1d6b-851d-e053-ca3ca8c0ca7f,14606,Enniscorthy,Wexford
4c07d11e-1d6c-851d-e053-ca3ca8c0ca7f,14606,Enniscorthy,Wexford
4c07d11e-1d6d-851d-e053-ca3ca8c0ca7f,14606,Enniscorthy,Wexford
4c07d11e-1d6e-851d-e053-ca3ca8c0ca7f,14606,Enniscorthy,Wexford
4c07d11e-1d6f-851d-e053-ca3ca8c0ca7f,08172,Durrow,Laois
4c07d11e-1d70-851d-e053-ca3ca8c0ca7f,08171,Abbeyleix,Laois
4c07d11e-1d71-851d-e053-ca3ca8c0ca7f,07658,Castlecomer,Kilkenny
4c07d11e-1d72-851d-e053-ca3ca8c0ca7f,01639,Carlow,Carlow
4c07d11e-1d73-851d-e053-ca3ca8c0ca7f,01639,Carlow,Carlow
4c07d11e-1d74-851d-e053-ca3ca8c0ca7f,01639,Carlow,Carlow
4c07d11e-1d75-851d-e053-ca3ca8c0ca7f,01639,Carlow,Carlow
4c07d11e-1d76-851d-e053-ca3ca8c0ca7f,13200,Athlone,Westmeath
4c07d11e-1d77-851d-e053-ca3ca8c0ca7f,13200,Athlone,Westmeath
4c07d11e-1d78-851d-e053-ca3ca8c0ca7f,13200,Athlone,Westmeath
4c07d11e-1d79-851d-e053-ca3ca8c0ca7f,13200,Athlone,Westmeath
4c07d11e-1d7a-851d-e053-ca3ca8c0ca7f,14606,Enniscorthy,Wexford
4c07d11e-1d7b-851d-e053-ca3ca8c0ca7f,14606,Enniscorthy,Wexford
4c07d11e-1d7c-851d-e053-ca3ca8c0ca7f,14606,Enniscorthy,Wexford
4c07d11e-1d7d-851d-e053-ca3ca8c0ca7f,07658,Castlecomer,Kilkenny
4c07d11e-1d7e-851d-e053-ca3ca8c0ca7f,07658,Castlecomer,Kilkenny
4c07d11e-1d7f-851d-e053-ca3ca8c0ca7f,07658,Castlecomer,Kilkenny
4c07d11e-1d80-851d-e053-ca3ca8c0ca7f,01639,Carlow,Carlow
4c07d11e-1d81-851d-e053-ca3ca8c0ca7f,01639,Carlow,Carlow
4c07d11e-1d83-851d-e053-ca3ca8c0ca7f,13200,Athlone,Westmeath
4c07d11e-1d84-851d-e053-ca3ca8c0ca7f,13200,Athlone,Westmeath
4c07d11e-1d85-851d-e053-ca3ca8c0ca7f,13200,Athlone,Westmeath
4c07d11e-1d86-851d-e053-ca3ca8c0ca7f,13200,Athlone,Westmeath
4c07d11e-1d87-851d-e053-ca3ca8c0ca7f,14606,Enniscorthy,Wexford
4c07d11e-1d88-851d-e053-ca3ca8c0ca7f,14606,Enniscorthy,Wexford
4c07d11e-1d89-851d-e053-ca3ca8c0ca7f,07644,Graiguenamanagh-Tinnahinch,Kilkenny
4c07d11e-1d8a-851d-e053-ca3ca8c0ca7f,01640,Muinebeag (Bagenalstown),Carlow
4c07d11e-1d8b-851d-e053-ca3ca8c0ca7f,01640,Muinebeag (Bagenalstown),Carlow
4c07d11e-1d8c-851d-e053-ca3ca8c0ca7f,01640,Muinebeag (Bagenalstown),Carlow
4c07d11e-1d8d-851d-e053-ca3ca8c0ca7f,01640,Muinebeag (Bagenalstown),Carlow
4c07d11e-1d8e-851d-e053-ca3ca8c0ca7f,06460,Castledermot,Kildare
4c07d11e-1d8f-851d-e053-ca3ca8c0ca7f,06460,Castledermot,Kildare
4c07d11e-1d90-851d-e053-ca3ca8c0ca7f,01630,Tullow,Carlow
4c07d11e-1d91-851d-e053-ca3ca8c0ca7f,13200,Athlone,Westmeath
4c07d11e-1d92-851d-e053-ca3ca8c0ca7f,13200,Athlone,Westmeath
4c07d11e-1d93-851d-e053-ca3ca8c0ca7f,13200,Athlone,Westmeath
4c07d11e-1d94-851d-e053-ca3ca8c0ca7f,13200,Athlone,Westmeath
4c07d11e-1d95-851d-e053-ca3ca8c0ca7f,07644,Graiguenamanagh-Tinnahinch,Kilkenny
4c07d11e-1d96-851d-e053-ca3ca8c0ca7f,01638,Borris,Carlow
4c07d11e-1d97-851d-e053-ca3ca8c0ca7f,14606,Enniscorthy,Wexford
4c07d11e-1d98-851d-e053-ca3ca8c0ca7f,01640,Muinebeag (Bagenalstown),Carlow
4c07d11e-1d99-851d-e053-ca3ca8c0ca7f,01640,Muinebeag (Bagenalstown),Carlow
4c07d11e-1d9a-851d-e053-ca3ca8c0ca7f,01639,Carlow,Carlow
4c07d11e-1d9b-851d-e053-ca3ca8c0ca7f,01630,Tullow,Carlow
4c07d11e-1d9c-851d-e053-ca3ca8c0ca7f,01630,Tullow,Carlow
4c07d11e-1d9d-851d-e053-ca3ca8c0ca7f,01630,Tullow,Carlow
4c07d11e-1d9e-851d-e053-ca3ca8c0ca7f,13200,Athlone,Westmeath
4c07d11e-1d9f-851d-e053-ca3ca8c0ca7f,13200,Athlone,Westmeath
4c07d11e-1da0-851d-e053-ca3ca8c0ca7f,13200,Athlone,Westmeath
4c07d11e-1da1-851d-e053-ca3ca8c0ca7f,13200,Athlone,Westmeath
4c07d11e-1da2-851d-e053-ca3ca8c0ca7f,14606,Enniscorthy,Wexford
4c07d11e-1da3-851d-e053-ca3ca8c0ca7f,14606,Enniscorthy,Wexford
4c07d11e-1da4-851d-e053-ca3ca8c0ca7f,14606,Enniscorthy,Wexford
4c07d11e-1da5-851d-e053-ca3ca8c0ca7f,01639,Carlow,Carlow
4c07d11e-1da6-851d-e053-ca3ca8c0ca7f,01639,Carlow,Carlow
4c07d11e-1da7-851d-e053-ca3ca8c0ca7f,01639,Carlow,Carlow
4c07d11e-1da8-851d-e053-ca3ca8c0ca7f,01630,Tullow,Carlow
4c07d11e-1da9-851d-e053-ca3ca8c0ca7f,01629,Rathvilly,Carlow
4c07d11e-1daa-851d-e053-ca3ca8c0ca7f,22487,Borrisokane,Tipperary
4c07d11e-1dab-851d-e053-ca3ca8c0ca7f,13200,Athlone,Westmeath
4c07d11e-1dac-851d-e053-ca3ca8c0ca7f,13200,Athlone,Westmeath
4c07d11e-1dad-851d-e053-ca3ca8c0ca7f,13200,Athlone,Westmeath
4c07d11e-1dae-851d-e053-ca3ca8c0ca7f,13200,Athlone,Westmeath
4c07d11e-1daf-851d-e053-ca3ca8c0ca7f,14606,Enniscorthy,Wexford
4c07d11e-1db0-851d-e053-ca3ca8c0ca7f,14606,Enniscorthy,Wexford
4c07d11e-1db1-851d-e053-ca3ca8c0ca7f,14606,Enniscorthy,Wexford
4c07d11e-1db2-851d-e053-ca3ca8c0ca7f,14606,Enniscorthy,Wexford
4c07d11e-1db3-851d-e053-ca3ca8c0ca7f,01639,Carlow,Carlow
4c07d11e-1db4-851d-e053-ca3ca8c0ca7f,01639,Carlow,Carlow
4c07d11e-1db5-851d-e053-ca3ca8c0ca7f,01639,Carlow,Carlow
4c07d11e-1db8-851d-e053-ca3ca8c0ca7f,27264,Portumna,Galway
4c07d11e-1db9-851d-e053-ca3ca8c0ca7f,13200,Athlone,Westmeath
4c07d11e-1dba-851d-e053-ca3ca8c0ca7f,13200,Athlone,Westmeath
4c07d11e-1dbb-851d-e053-ca3ca8c0ca7f,14606,Enniscorthy,Wexford
4c07d11e-1dbc-851d-e053-ca3ca8c0ca7f,14606,Enniscorthy,Wexford
4c07d11e-1dbd-851d-e053-ca3ca8c0ca7f,01639,Carlow,Carlow
4c07d11e-1dbe-851d-e053-ca3ca8c0ca7f,01639,Carlow,Carlow
4c07d11e-1dbf-851d-e053-ca3ca8c0ca7f,01639,Carlow,Carlow
4c07d11e-1dc1-851d-e053-ca3ca8c0ca7f,27264,Portumna,Galway
4c07d11e-1dc2-851d-e053-ca3ca8c0ca7f,12223,Birr,Offaly
4c07d11e-1dc3-851d-e053-ca3ca8c0ca7f,13200,Athlone,Westmeath
4c07d11e-1dc4-851d-e053-ca3ca8c0ca7f,12211,Tullamore,Offaly
4c07d11e-1dc5-851d-e053-ca3ca8c0ca7f,12211,Tullamore,Offaly
4c07d11e-1dc6-851d-e053-ca3ca8c0ca7f,14606,Enniscorthy,Wexford
4c07d11e-1dc7-851d-e053-ca3ca8c0ca7f,14606,Enniscorthy,Wexford
4c07d11e-1dc8-851d-e053-ca3ca8c0ca7f,14606,Enniscorthy,Wexford
4c07d11e-1dc9-851d-e053-ca3ca8c0ca7f,01639,Carlow,Carlow
4c07d11e-1dca-851d-e053-ca3ca8c0ca7f,01639,Carlow,Carlow
4c07d11e-1dcb-851d-e053-ca3ca8c0ca7f,12223,Birr,Offaly
4c07d11e-1dcc-851d-e053-ca3ca8c0ca7f,12223,Birr,Offaly
4c07d11e-1dcd-851d-e053-ca3ca8c0ca7f,12226,Banagher,Offaly
4c07d11e-1dce-851d-e053-ca3ca8c0ca7f,22480,Roscrea,Tipperary
4c07d11e-1dcf-851d-e053-ca3ca8c0ca7f,22480,Roscrea,Tipperary
4c07d11e-1dd0-851d-e053-ca3ca8c0ca7f,20497,Limerick city and suburbs,Limerick
4c07d11e-1dd1-851d-e053-ca3ca8c0ca7f,20497,Limerick city and suburbs,Limerick
4c07d11e-1dd2-851d-e053-ca3ca8c0ca7f,20497,Limerick city and suburbs,Limerick
4c07d11e-1dd3-851d-e053-ca3ca8c0ca7f,20497,Limerick city and suburbs,Limerick
4c07d11e-1dd4-851d-e053-ca3ca8c0ca7f,20497,Limerick city and suburbs,Limerick
4c07d11e-1dd5-851d-e053-ca3ca8c0ca7f,20497,Limerick city and suburbs,Limerick
4c07d11e-1dd6-851d-e053-ca3ca8c0ca7f,20497,Limerick city and suburbs,Limerick
4c07d11e-1dd7-851d-e053-ca3ca8c0ca7f,20497,Limerick city and suburbs,Limerick
4c07d11e-1dd8-851d-e053-ca3ca8c0ca7f,20497,Limerick city and suburbs,Limerick
4c07d11e-1dd9-851d-e053-ca3ca8c0ca7f,16562,Ennis,Clare
4c07d11e-1dda-851d-e053-ca3ca8c0ca7f,16562,Ennis,Clare
4c07d11e-1ddb-851d-e053-ca3ca8c0ca7f,16562,Ennis,Clare
4c07d11e-1ddc-851d-e053-ca3ca8c0ca7f,20497,Limerick city and suburbs,Limerick
4c07d11e-1ddd-851d-e053-ca3ca8c0ca7f,20497,Limerick city and suburbs,Limerick
4c07d11e-1dde-851d-e053-ca3ca8c0ca7f,20497,Limerick city and suburbs,Limerick
4c07d11e-1ddf-851d-e053-ca3ca8c0ca7f,20497,Limerick city and suburbs,Limerick
4c07d11e-1de0-851d-e053-ca3ca8c0ca7f,20497,Limerick city and suburbs,Limerick
4c07d11e-1de1-851d-e053-ca3ca8c0ca7f,20497,Limerick city and suburbs,Limerick
4c07d11e-1de2-851d-e053-ca3ca8c0ca7f,16559,Shannon,Clare
4c07d11e-1de3-851d-e053-ca3ca8c0ca7f,16559,Shannon,Clare
4c07d11e-1de4-851d-e053-ca3ca8c0ca7f,16559,Shannon,Clare
4c07d11e-1de5-851d-e053-ca3ca8c0ca7f,16562,Ennis,Clare
4c07d11e-1de6-851d-e053-ca3ca8c0ca7f,16562,Ennis,Clare
4c07d11e-1de7-851d-e053-ca3ca8c0ca7f,16562,Ennis,Clare
4c07d11e-1de8-851d-e053-ca3ca8c0ca7f,20497,Limerick city and suburbs,Limerick
4c07d11e-1de9-851d-e053-ca3ca8c0ca7f,20497,Limerick city and suburbs,Limerick
4c07d11e-1dea-851d-e053-ca3ca8c0ca7f,20497,Limerick city and suburbs,Limerick
4c07d11e-1deb-851d-e053-ca3ca8c0ca7f,20497,Limerick city and suburbs,Limerick
4c07d11e-1dec-851d-e053-ca3ca8c0ca7f,20497,Limerick city and suburbs,Limerick
4c07d11e-1ded-851d-e053-ca3ca8c0ca7f,20497,Limerick city and suburbs,Limerick
4c07d11e-1dee-851d-e053-ca3ca8c0ca7f,16559,Shannon,Clare
4c07d11e-1def-851d-e053-ca3ca8c0ca7f,16559,Shannon,Clare
4c07d11e-1df0-851d-e053-ca3ca8c0ca7f,16559,Shannon,Clare
4c07d11e-1df1-851d-e053-ca3ca8c0ca7f,16559,Shannon,Clare
4c07d11e-1df2-851d-e053-ca3ca8c0ca7f,16559,Shannon,Clare
4c07d11e-1df3-851d-e053-ca3ca8c0ca7f,16559,Shannon,Clare
4c07d11e-1df4-851d-e053-ca3ca8c0ca7f,16562,Ennis,Clare
4c07d11e-1df5-851d-e053-ca3ca8c0ca7f,16562,Ennis,Clare
4c07d11e-1df6-851d-e053-ca3ca8c0ca7f,20497,Limerick city and suburbs,Limerick
4c07d11e-1df7-851d-e053-ca3ca8c0ca7f,20497,Limerick city and suburbs,Limerick
4c07d11e-1df8-851d-e053-ca3ca8c0ca7f,20497,Limerick city and suburbs,Limerick
4c07d11e-1df9-851d-e053-ca3ca8c0ca7f,20497,Limerick city and suburbs,Limerick
4c07d11e-1dfa-851d-e053-ca3ca8c0ca7f,16559,Shannon,Clare
4c07d11e-1dfb-851d-e053-ca3ca8c0ca7f,16559,Shannon,Clare
4c07d11e-1dfc-851d-e053-ca3ca8c0ca7f,16559,Shannon,Clare
4c07d11e-1dfd-851d-e053-ca3ca8c0ca7f,16559,Shannon,Clare
4c07d11e-1dfe-851d-e053-ca3ca8c0ca7f,16559,Shannon,Clare
4c07d11e-1dff-851d-e053-ca3ca8c0ca7f,16559,Shannon,Clare
4c07d11e-1e00-851d-e053-ca3ca8c0ca7f,16562,Ennis,Clare
4c07d11e-1e01-851d-e053-ca3ca8c0ca7f,16562,Ennis,Clare
4c07d11e-1e02-851d-e053-ca3ca8c0ca7f,16562,Ennis,Clare
4c07d11e-1e03-851d-e053-ca3ca8c0ca7f,20497,Limerick city and suburbs,Limerick
4c07d11e-1e04-851d-e053-ca3ca8c0ca7f,20497,Limerick city and suburbs,Limerick
4c07d11e-1e05-851d-e053-ca3ca8c0ca7f,20497,Limerick city and suburbs,Limerick
4c07d11e-1e06-851d-e053-ca3ca8c0ca7f,20497,Limerick city and suburbs,Limerick
4c07d11e-1e07-851d-e053-ca3ca8c0ca7f,20497,Limerick city and suburbs,Limerick
4c07d11e-1e08-851d-e053-ca3ca8c0ca7f,16559,Shannon,Clare
4c07d11e-1e09-851d-e053-ca3ca8c0ca7f,16559,Shannon,Clare
4c07d11e-1e0a-851d-e053-ca3ca8c0ca7f,16559,Shannon,Clare
4c07d11e-1e0b-851d-e053-ca3ca8c0ca7f,16559,Shannon,Clare
4c07d11e-1e0c-851d-e053-ca3ca8c0ca7f,16562,Ennis,Clare
4c07d11e-1e0d-851d-e053-ca3ca8c0ca7f,16562,Ennis,Clare
4c07d11e-1e0e-851d-e053-ca3ca8c0ca7f,16558,Quin,Clare
4c07d11e-1e0f-851d-e053-ca3ca8c0ca7f,20497,Limerick city and suburbs,Limerick
4c07d11e-1e10-851d-e053-ca3ca8c0ca7f,20497,Limerick city and suburbs,Limerick
4c07d11e-1e11-851d-e053-ca3ca8c0ca7f,20497,Limerick city and suburbs,Limerick
4c07d11e-1e12-851d-e053-ca3ca8c0ca7f,20497,Limerick city and suburbs,Limerick
4c07d11e-1e13-851d-e053-ca3ca8c0ca7f,20497,Limerick city and suburbs,Limerick
4c07d11e-1e14-851d-e053-ca3ca8c0ca7f,20497,Limerick city and suburbs,Limerick
4c07d11e-1e15-851d-e053-ca3ca8c0ca7f,16559,Shannon,Clare
4c07d11e-1e16-851d-e053-ca3ca8c0ca7f,16559,Shannon,Clare
4c07d11e-1e17-851d-e053-ca3ca8c0ca7f,16561,Newmarket-On-Fergus,Clare
4c07d11e-1e18-851d-e053-ca3ca8c0ca7f,16562,Ennis,Clare
4c07d11e-1e19-851d-e053-ca3ca8c0ca7f,16562,Ennis,Clare
4c07d11e-1e1a-851d-e053-ca3ca8c0ca7f,20497,Limerick city and suburbs,Limerick
4c07d11e-1e1b-851d-e053-ca3ca8c0ca7f,20497,Limerick city and suburbs,Limerick
4c07d11e-1e1c-851d-e053-ca3ca8c0ca7f,20497,Limerick city and suburbs,Limerick
4c07d11e-1e1d-851d-e053-ca3ca8c0ca7f,20497,Limerick city and suburbs,Limerick
4c07d11e-1e1e-851d-e053-ca3ca8c0ca7f,20497,Limerick city and suburbs,Limerick
4c07d11e-1e1f-851d-e053-ca3ca8c0ca7f,16561,Newmarket-On-Fergus,Clare
4c07d11e-1e20-851d-e053-ca3ca8c0ca7f,16561,Newmarket-On-Fergus,Clare
4c07d11e-1e21-851d-e053-ca3ca8c0ca7f,16562,Ennis,Clare
4c07d11e-1e22-851d-e053-ca3ca8c0ca7f,20497,Limerick city and suburbs,Limerick
4c07d11e-1e23-851d-e053-ca3ca8c0ca7f,20497,Limerick city and suburbs,Limerick
4c07d11e-1e24-851d-e053-ca3ca8c0ca7f,20497,Limerick city and suburbs,Limerick
4c07d11e-1e25-851d-e053-ca3ca8c0ca7f,20497,Limerick city and suburbs,Limerick
4c07d11e-1e26-851d-e053-ca3ca8c0ca7f,20497,Limerick city and suburbs,Limerick
4c07d11e-1e27-851d-e053-ca3ca8c0ca7f,20497,Limerick city and suburbs,Limerick
4c07d11e-1e28-851d-e053-ca3ca8c0ca7f,20497,Limerick city and suburbs,Limerick
4c07d11e-1e29-851d-e053-ca3ca8c0ca7f,16562,Ennis,Clare
4c07d11e-1e2a-851d-e053-ca3ca8c0ca7f,16562,Ennis,Clare
4c07d11e-1e2b-851d-e053-ca3ca8c0ca7f,16562,Ennis,Clare
4c07d11e-1e2c-851d-e053-ca3ca8c0ca7f,20497,Limerick city and suburbs,Limerick
4c07d11e-1e2d-851d-e053-ca3ca8c0ca7f,20497,Limerick city and suburbs,Limerick
4c07d11e-1e2e-851d-e053-ca3ca8c0ca7f,20497,Limerick city and suburbs,Limerick
4c07d11e-1e2f-851d-e053-ca3ca8c0ca7f,20497,Limerick city and suburbs,Limerick
4c07d11e-1e30-851d-e053-ca3ca8c0ca7f,20497,Limerick city and suburbs,Limerick
4c07d11e-1e31-851d-e053-ca3ca8c0ca7f,20497,Limerick city and suburbs,Limerick
4c07d11e-1e32-851d-e053-ca3ca8c0ca7f,20497,Limerick city and suburbs,Limerick
4c07d11e-1e33-851d-e053-ca3ca8c0ca7f,20497,Limerick city and suburbs,Limerick
4c07d11e-1e34-851d-e053-ca3ca8c0ca7f,16562,Ennis,Clare
4c07d11e-1e35-851d-e053-ca3ca8c0ca7f,16562,Ennis,Clare
4c07d11e-1e36-851d-e053-ca3ca8c0ca7f,16562,Ennis,Clare
4c07d11e-1e37-851d-e053-ca3ca8c0ca7f,20497,Limerick city and suburbs,Limerick
4c07d11e-1e38-851d-e053-ca3ca8c0ca7f,20497,Limerick city and suburbs,Limerick
4c07d11e-1e39-851d-e053-ca3ca8c0ca7f,20497,Limerick city and suburbs,Limerick
4c07d11e-1e3a-851d-e053-ca3ca8c0ca7f,20497,Limerick city and suburbs,Limerick
4c07d11e-1e3b-851d-e053-ca3ca8c0ca7f,20497,Limerick city and suburbs,Limerick
4c07d11e-1e3c-851d-e053-ca3ca8c0ca7f,20497,Limerick city and suburbs,Limerick
4c07d11e-1e3d-851d-e053-ca3ca8c0ca7f,20497,Limerick city and suburbs,Limerick
4c07d11e-1e3e-851d-e053-ca3ca8c0ca7f,16562,Ennis,Clare
4c07d11e-1e3f-851d-e053-ca3ca8c0ca7f,16562,Ennis,Clare
4c07d11e-1e40-851d-e053-ca3ca8c0ca7f,16562,Ennis,Clare
4c07d11e-1e41-851d-e053-ca3ca8c0ca7f,16562,Ennis,Clare
4c07d11e-1e42-851d-e053-ca3ca8c0ca7f,20497,Limerick city and suburbs,Limerick
4c07d11e-1e43-851d-e053-ca3ca8c0ca7f,20497,Limerick city and suburbs,Limerick
4c07d11e-1e44-851d-e053-ca3ca8c0ca7f,20497,Limerick city and suburbs,Limerick
4c07d11e-1e45-851d-e053-ca3ca8c0ca7f,20497,Limerick city and suburbs,Limerick
4c07d11e-1e46-851d-e053-ca3ca8c0ca7f,20497,Limerick city and suburbs,Limerick
4c07d11e-1e47-851d-e053-ca3ca8c0ca7f,20497,Limerick city and suburbs,Limerick
4c07d11e-1e48-851d-e053-ca3ca8c0ca7f,20497,Limerick city and suburbs,Limerick
4c07d11e-1e49-851d-e053-ca3ca8c0ca7f,16562,Ennis,Clare
4c07d11e-1e4a-851d-e053-ca3ca8c0ca7f,16562,Ennis,Clare
4c07d11e-1e4b-851d-e053-ca3ca8c0ca7f,16562,Ennis,Clare
4c07d11e-1e4c-851d-e053-ca3ca8c0ca7f,16562,Ennis,Clare
4c07d11e-1e4d-851d-e053-ca3ca8c0ca7f,20497,Limerick city and suburbs,Limerick
4c07d11e-1e4e-851d-e053-ca3ca8c0ca7f,20497,Limerick city and suburbs,Limerick
4c07d11e-1e4f-851d-e053-ca3ca8c0ca7f,20497,Limerick city and suburbs,Limerick
4c07d11e-1e50-851d-e053-ca3ca8c0ca7f,20497,Limerick city and suburbs,Limerick
4c07d11e-1e51-851d-e053-ca3ca8c0ca7f,20497,Limerick city and suburbs,Limerick
4c07d11e-1e52-851d-e053-ca3ca8c0ca7f,20497,Limerick city and suburbs,Limerick
4c07d11e-1e53-851d-e053-ca3ca8c0ca7f,20497,Limerick city and suburbs,Limerick
4c07d11e-1e54-851d-e053-ca3ca8c0ca7f,20497,Limerick city and suburbs,Limerick
4c07d11e-1e55-851d-e053-ca3ca8c0ca7f,16562,Ennis,Clare
4c07d11e-1e56-851d-e053-ca3ca8c0ca7f,16562,Ennis,Clare
4c07d11e-1e57-851d-e053-ca3ca8c0ca7f,16562,Ennis,Clare
4c07d11e-1e58-851d-e053-ca3ca8c0ca7f,20497,Limerick city and suburbs,Limerick
4c07d11e-1e59-851d-e053-ca3ca8c0ca7f,20497,Limerick city and suburbs,Limerick
4c07d11e-1e5a-851d-e053-ca3ca8c0ca7f,20497,Limerick city and suburbs,Limerick
4c07d11e-1e5b-851d-e053-ca3ca8c0ca7f,20497,Limerick city and suburbs,Limerick
4c07d11e-1e5c-851d-e053-ca3ca8c0ca7f,20497,Limerick city and suburbs,Limerick
4c07d11e-1e5d-851d-e053-ca3ca8c0ca7f,20497,Limerick city and suburbs,Limerick
4c07d11e-1e5e-851d-e053-ca3ca8c0ca7f,20497,Limerick city and suburbs,Limerick
4c07d11e-1e5f-851d-e053-ca3ca8c0ca7f,20497,Limerick city and suburbs,Limerick
4c07d11e-1e60-851d-e053-ca3ca8c0ca7f,16562,Ennis,Clare
4c07d11e-1e61-851d-e053-ca3ca8c0ca7f,16562,Ennis,Clare
4c07d11e-1e62-851d-e053-ca3ca8c0ca7f,16562,Ennis,Clare
4c07d11e-1e63-851d-e053-ca3ca8c0ca7f,16562,Ennis,Clare
4c07d11e-1e64-851d-e053-ca3ca8c0ca7f,16562,Ennis,Clare
4c07d11e-1e65-851d-e053-ca3ca8c0ca7f,20497,Limerick city and suburbs,Limerick
4c07d11e-1e66-851d-e053-ca3ca8c0ca7f,20497,Limerick city and suburbs,Limerick
4c07d11e-1e67-851d-e053-ca3ca8c0ca7f,20497,Limerick city and suburbs,Limerick
4c07d11e-1e68-851d-e053-ca3ca8c0ca7f,20497,Limerick city and suburbs,Limerick
4c07d11e-1e69-851d-e053-ca3ca8c0ca7f,20497,Limerick city and suburbs,Limerick
4c07d11e-1e6a-851d-e053-ca3ca8c0ca7f,20497,Limerick city and suburbs,Limerick
4c07d11e-1e6b-851d-e053-ca3ca8c0ca7f,20497,Limerick city and suburbs,Limerick
4c07d11e-1e6c-851d-e053-ca3ca8c0ca7f,20497,Limerick city and suburbs,Limerick
4c07d11e-1e6d-851d-e053-ca3ca8c0ca7f,16562,Ennis,Clare
4c07d11e-1e6e-851d-e053-ca3ca8c0ca7f,16562,Ennis,Clare
4c07d11e-1e6f-851d-e053-ca3ca8c0ca7f,16562,Ennis,Clare
4c07d11e-1e70-851d-e053-ca3ca8c0ca7f,16562,Ennis,Clare
4c07d11e-1e71-851d-e053-ca3ca8c0ca7f,20497,Limerick city and suburbs,Limerick
4c07d11e-1e72-851d-e053-ca3ca8c0ca7f,20497,Limerick city and suburbs,Limerick
4c07d11e-1e73-851d-e053-ca3ca8c0ca7f,20497,Limerick city and suburbs,Limerick
4c07d11e-1e74-851d-e053-ca3ca8c0ca7f,20497,Limerick city and suburbs,Limerick
4c07d11e-1e75-851d-e053-ca3ca8c0ca7f,20497,Limerick city and suburbs,Limerick
4c07d11e-1e76-851d-e053-ca3ca8c0ca7f,20497,Limerick city and suburbs,Limerick
4c07d11e-1e77-851d-e053-ca3ca8c0ca7f,20497,Limerick city and suburbs,Limerick
4c07d11e-1e78-851d-e053-ca3ca8c0ca7f,16562,Ennis,Clare
4c07d11e-1e79-851d-e053-ca3ca8c0ca7f,16562,Ennis,Clare
4c07d11e-1e7a-851d-e053-ca3ca8c0ca7f,16562,Ennis,Clare
4c07d11e-1e7b-851d-e053-ca3ca8c0ca7f,20497,Limerick city and suburbs,Limerick
4c07d11e-1e7c-851d-e053-ca3ca8c0ca7f,20497,Limerick city and suburbs,Limerick
4c07d11e-1e7d-851d-e053-ca3ca8c0ca7f,20497,Limerick city and suburbs,Limerick
4c07d11e-1e7e-851d-e053-ca3ca8c0ca7f,20497,Limerick city and suburbs,Limerick
4c07d11e-1e7f-851d-e053-ca3ca8c0ca7f,20497,Limerick city and suburbs,Limerick
4c07d11e-1e80-851d-e053-ca3ca8c0ca7f,20497,Limerick city and suburbs,Limerick
4c07d11e-1e81-851d-e053-ca3ca8c0ca7f,20497,Limerick city and suburbs,Limerick
4c07d11e-1e82-851d-e053-ca3ca8c0ca7f,20497,Limerick city and suburbs,Limerick
4c07d11e-1e83-851d-e053-ca3ca8c0ca7f,16562,Ennis,Clare
4c07d11e-1e84-851d-e053-ca3ca8c0ca7f,16562,Ennis,Clare
4c07d11e-1e85-851d-e053-ca3ca8c0ca7f,16562,Ennis,Clare
4c07d11e-1e86-851d-e053-ca3ca8c0ca7f,20497,Limerick city and suburbs,Limerick
4c07d11e-1e87-851d-e053-ca3ca8c0ca7f,20497,Limerick city and suburbs,Limerick
4c07d11e-1e88-851d-e053-ca3ca8c0ca7f,20497,Limerick city and suburbs,Limerick
4c07d11e-1e89-851d-e053-ca3ca8c0ca7f,20497,Limerick city and suburbs,Limerick
4c07d11e-1e8b-851d-e053-ca3ca8c0ca7f,18765,Kinsale,Cork
4c07d11e-1e8c-851d-e053-ca3ca8c0ca7f,18765,Kinsale,Cork
4c07d11e-1e8d-851d-e053-ca3ca8c0ca7f,18753,Carrigaline,Cork
4c07d11e-1e8e-851d-e053-ca3ca8c0ca7f,18753,Carrigaline,Cork
4c07d11e-1e8f-851d-e053-ca3ca8c0ca7f,18753,Carrigaline,Cork
4c07d11e-1e90-851d-e053-ca3ca8c0ca7f,19851,Milltown,Kerry
4c07d11e-1e91-851d-e053-ca3ca8c0ca7f,19851,Milltown,Kerry
4c07d11e-1e92-851d-e053-ca3ca8c0ca7f,19851,Milltown,Kerry
4c07d11e-1e93-851d-e053-ca3ca8c0ca7f,19849,Tralee,Kerry
4c07d11e-1e94-851d-e053-ca3ca8c0ca7f,18804,Macroom,Cork
4c07d11e-1e95-851d-e053-ca3ca8c0ca7f,18804,Macroom,Cork
4c07d11e-1e96-851d-e053-ca3ca8c0ca7f,18804,Macroom,Cork
4c07d11e-1e97-851d-e053-ca3ca8c0ca7f,18804,Macroom,Cork
4c07d11e-1e98-851d-e053-ca3ca8c0ca7f,17364,Cork city and suburbs,Cork
4c07d11e-1e99-851d-e053-ca3ca8c0ca7f,17364,Cork city and suburbs,Cork
4c07d11e-1e9a-851d-e053-ca3ca8c0ca7f,18753,Carrigaline,Cork
4c07d11e-1e9b-851d-e053-ca3ca8c0ca7f,17364,Cork city and suburbs,Cork
4c07d11e-1e9c-851d-e053-ca3ca8c0ca7f,17364,Cork city and suburbs,Cork
4c07d11e-1e9d-851d-e053-ca3ca8c0ca7f,19849,Tralee,Kerry
4c07d11e-1e9e-851d-e053-ca3ca8c0ca7f,19849,Tralee,Kerry
4c07d11e-1e9f-851d-e053-ca3ca8c0ca7f,19849,Tralee,Kerry
4c07d11e-1ea0-851d-e053-ca3ca8c0ca7f,19849,Tralee,Kerry
4c07d11e-1ea1-851d-e053-ca3ca8c0ca7f,18804,Macroom,Cork
4c07d11e-1ea2-851d-e053-ca3ca8c0ca7f,18804,Macroom,Cork
4c07d11e-1ea3-851d-e053-ca3ca8c0ca7f,17364,Cork city and suburbs,Cork
4c07d11e-1ea4-851d-e053-ca3ca8c0ca7f,17364,Cork city and suburbs,Cork
4c07d11e-1ea5-851d-e053-ca3ca8c0ca7f,17364,Cork city and suburbs,Cork
4c07d11e-1ea6-851d-e053-ca3ca8c0ca7f,18765,Kinsale,Cork
4c07d11e-1ea7-851d-e053-ca3ca8c0ca7f,18765,Kinsale,Cork
4c07d11e-1ea8-851d-e053-ca3ca8c0ca7f,18765,Kinsale,Cork
4c07d11e-1ea9-851d-e053-ca3ca8c0ca7f,18753,Carrigaline,Cork
4c07d11e-1eaa-851d-e053-ca3ca8c0ca7f,19849,Tralee,Kerry
4c07d11e-1eab-851d-e053-ca3ca8c0ca7f,19849,Tralee,Kerry
4c07d11e-1eac-851d-e053-ca3ca8c0ca7f,19849,Tralee,Kerry
4c07d11e-1ead-851d-e053-ca3ca8c0ca7f,19849,Tralee,Kerry
4c07d11e-1eae-851d-e053-ca3ca8c0ca7f,18809,Millstreet,Cork
4c07d11e-1eaf-851d-e053-ca3ca8c0ca7f,18809,Millstreet,Cork
4c07d11e-1eb0-851d-e053-ca3ca8c0ca7f,17364,Cork city and suburbs,Cork
4c07d11e-1eb1-851d-e053-ca3ca8c0ca7f,17364,Cork city and suburbs,Cork
4c07d11e-1eb2-851d-e053-ca3ca8c0ca7f,18753,Carrigaline,Cork
4c07d11e-1eb3-851d-e053-ca3ca8c0ca7f,18753,Carrigaline,Cork
4c07d11e-1eb4-851d-e053-ca3ca8c0ca7f,18753,Carrigaline,Cork
4c07d11e-1eb5-851d-e053-ca3ca8c0ca7f,19849,Tralee,Kerry
4c07d11e-1eb6-851d-e053-ca3ca8c0ca7f,19849,Tralee,Kerry
4c07d11e-1eb7-851d-e053-ca3ca8c0ca7f,19849,Tralee,Kerry
4c07d11e-1eb8-851d-e053-ca3ca8c0ca7f,18809,Millstreet,Cork
4c07d11e-1eb9-851d-e053-ca3ca8c0ca7f,18790,Cloughduv,Cork
4c07d11e-1eba-851d-e053-ca3ca8c0ca7f,18774,Killumney,Cork
4c07d11e-1ebb-851d-e053-ca3ca8c0ca7f,17364,Cork city and suburbs,Cork
4c07d11e-1ebc-851d-e053-ca3ca8c0ca7f,17364,Cork city and suburbs,Cork
4c07d11e-1ebd-851d-e053-ca3ca8c0ca7f,18753,Carrigaline,Cork
4c07d11e-1ebe-851d-e053-ca3ca8c0ca7f,18753,Carrigaline,Cork
4c07d11e-1ebf-851d-e053-ca3ca8c0ca7f,18753,Carrigaline,Cork
4c07d11e-1ec0-851d-e053-ca3ca8c0ca7f,19849,Tralee,Kerry
4c07d11e-1ec1-851d-e053-ca3ca8c0ca7f,19849,Tralee,Kerry
4c07d11e-1ec2-851d-e053-ca3ca8c0ca7f,19849,Tralee,Kerry
4c07d11e-1ec3-851d-e053-ca3ca8c0ca7f,18774,Killumney,Cork
4c07d11e-1ec4-851d-e053-ca3ca8c0ca7f,17364,Cork city and suburbs,Cork
4c07d11e-1ec5-851d-e053-ca3ca8c0ca7f,17364,Cork city and suburbs,Cork
4c07d11e-1ec6-851d-e053-ca3ca8c0ca7f,17364,Cork city and suburbs,Cork
4c07d11e-1ec7-851d-e053-ca3ca8c0ca7f,17364,Cork city and suburbs,Cork
4c07d11e-1ec8-851d-e053-ca3ca8c0ca7f,18753,Carrigaline,Cork
4c07d11e-1ec9-851d-e053-ca3ca8c0ca7f,18753,Carrigaline,Cork
4c07d11e-1eca-851d-e053-ca3ca8c0ca7f,19849,Tralee,Kerry
4c07d11e-1ecb-851d-e053-ca3ca8c0ca7f,19849,Tralee,Kerry
4c07d11e-1ecc-851d-e053-ca3ca8c0ca7f,19849,Tralee,Kerry
4c07d11e-1ecd-851d-e053-ca3ca8c0ca7f,19849,Tralee,Kerry
4c07d11e-1ece-851d-e053-ca3ca8c0ca7f,17364,Cork city and suburbs,Cork
4c07d11e-1ecf-851d-e053-ca3ca8c0ca7f,17364,Cork city and suburbs,Cork
4c07d11e-1ed0-851d-e053-ca3ca8c0ca7f,17364,Cork city and suburbs,Cork
4c07d11e-1ed1-851d-e053-ca3ca8c0ca7f,17364,Cork city and suburbs,Cork
4c07d11e-1ed2-851d-e053-ca3ca8c0ca7f,17364,Cork city and suburbs,Cork
4c07d11e-1ed3-851d-e053-ca3ca8c0ca7f,18753,Carrigaline,Cork
4c07d11e-1ed4-851d-e053-ca3ca8c0ca7f,18753,Carrigaline,Cork
4c07d11e-1ed5-851d-e053-ca3ca8c0ca7f,19849,Tralee,Kerry
4c07d11e-1ed6-851d-e053-ca3ca8c0ca7f,19849,Tralee,Kerry
4c07d11e-1ed7-851d-e053-ca3ca8c0ca7f,19849,Tralee,Kerry
4c07d11e-1ed8-851d-e053-ca3ca8c0ca7f,19849,Tralee,Kerry
4c07d11e-1ed9-851d-e053-ca3ca8c0ca7f,17364,Cork city and suburbs,Cork
4c07d11e-1eda-851d-e053-ca3ca8c0ca7f,17364,Cork city and suburbs,Cork
4c07d11e-1edb-851d-e053-ca3ca8c0ca7f,17364,Cork city and suburbs,Cork
4c07d11e-1edc-851d-e053-ca3ca8c0ca7f,17364,Cork city and suburbs,Cork
4c07d11e-1edd-851d-e053-ca3ca8c0ca7f,17364,Cork city and suburbs,Cork
4c07d11e-1edf-851d-e053-ca3ca8c0ca7f,19841,Kenmare,Kerry
4c07d11e-1ee0-851d-e053-ca3ca8c0ca7f,19841,Kenmare,Kerry
4c07d11e-1ee1-851d-e053-ca3ca8c0ca7f,19849,Tralee,Kerry
4c07d11e-1ee2-851d-e053-ca3ca8c0ca7f,19849,Tralee,Kerry
4c07d11e-1ee3-851d-e053-ca3ca8c0ca7f,19849,Tralee,Kerry
4c07d11e-1ee4-851d-e053-ca3ca8c0ca7f,17364,Cork city and suburbs,Cork
4c07d11e-1ee5-851d-e053-ca3ca8c0ca7f,17364,Cork city and suburbs,Cork
4c07d11e-1ee6-851d-e053-ca3ca8c0ca7f,17364,Cork city and suburbs,Cork
4c07d11e-1ee7-851d-e053-ca3ca8c0ca7f,17364,Cork city and suburbs,Cork
4c07d11e-1ee8-851d-e053-ca3ca8c0ca7f,19840,Killarney,Kerry
4c07d11e-1ee9-851d-e053-ca3ca8c0ca7f,19840,Killarney,Kerry
4c07d11e-1eea-851d-e053-ca3ca8c0ca7f,19840,Killarney,Kerry
4c07d11e-1eeb-851d-e053-ca3ca8c0ca7f,19849,Tralee,Kerry
4c07d11e-1eec-851d-e053-ca3ca8c0ca7f,19849,Tralee,Kerry
4c07d11e-1eed-851d-e053-ca3ca8c0ca7f,19849,Tralee,Kerry
4c07d11e-1eee-851d-e053-ca3ca8c0ca7f,19849,Tralee,Kerry
4c07d11e-1eef-851d-e053-ca3ca8c0ca7f,17364,Cork city and suburbs,Cork
4c07d11e-1ef0-851d-e053-ca3ca8c0ca7f,17364,Cork city and suburbs,Cork
4c07d11e-1ef1-851d-e053-ca3ca8c0ca7f,17364,Cork city and suburbs,Cork
4c07d11e-1ef2-851d-e053-ca3ca8c0ca7f,17364,Cork city and suburbs,Cork
4c07d11e-1ef3-851d-e053-ca3ca8c0ca7f,17364,Cork city and suburbs,Cork
4c07d11e-1ef4-851d-e053-ca3ca8c0ca7f,17364,Cork city and suburbs,Cork
4c07d11e-1ef5-851d-e053-ca3ca8c0ca7f,17364,Cork city and suburbs,Cork
4c07d11e-1ef6-851d-e053-ca3ca8c0ca7f,17364,Cork city and suburbs,Cork
4c07d11e-1ef7-851d-e053-ca3ca8c0ca7f,19840,Killarney,Kerry
4c07d11e-1ef8-851d-e053-ca3ca8c0ca7f,19840,Killarney,Kerry
4c07d11e-1ef9-851d-e053-ca3ca8c0ca7f,19840,Killarney,Kerry
4c07d11e-1efa-851d-e053-ca3ca8c0ca7f,19849,Tralee,Kerry
4c07d11e-1efb-851d-e053-ca3ca8c0ca7f,19849,Tralee,Kerry
4c07d11e-1efc-851d-e053-ca3ca8c0ca7f,19849,Tralee,Kerry
4c07d11e-1efd-851d-e053-ca3ca8c0ca7f,19849,Tralee,Kerry
4c07d11e-1efe-851d-e053-ca3ca8c0ca7f,17364,Cork city and suburbs,Cork
4c07d11e-1eff-851d-e053-ca3ca8c0ca7f,17364,Cork city and suburbs,Cork
4c07d11e-1f00-851d-e053-ca3ca8c0ca7f,17364,Cork city and suburbs,Cork
4c07d11e-1f01-851d-e053-ca3ca8c0ca7f,17364,Cork city and suburbs,Cork
4c07d11e-1f02-851d-e053-ca3ca8c0ca7f,19840,Killarney,Kerry
4c07d11e-1f03-851d-e053-ca3ca8c0ca7f,19840,Killarney,Kerry
4c07d11e-1f04-851d-e053-ca3ca8c0ca7f,19840,Killarney,Kerry
4c07d11e-1f05-851d-e053-ca3ca8c0ca7f,19849,Tralee,Kerry
4c07d11e-1f06-851d-e053-ca3ca8c0ca7f,19849,Tralee,Kerry
4c07d11e-1f07-851d-e053-ca3ca8c0ca7f,17364,Cork city and suburbs,Cork
4c07d11e-1f08-851d-e053-ca3ca8c0ca7f,17364,Cork city and suburbs,Cork
4c07d11e-1f09-851d-e053-ca3ca8c0ca7f,18753,Carrigaline,Cork
4c07d11e-1f0a-851d-e053-ca3ca8c0ca7f,18753,Carrigaline,Cork
4c07d11e-1f0b-851d-e053-ca3ca8c0ca7f,18753,Carrigaline,Cork
4c07d11e-1f0c-851d-e053-ca3ca8c0ca7f,19840,Killarney,Kerry
4c07d11e-1f0d-851d-e053-ca3ca8c0ca7f,19840,Killarney,Kerry
4c07d11e-1f0e-851d-e053-ca3ca8c0ca7f,19840,Killarney,Kerry
4c07d11e-1f0f-851d-e053-ca3ca8c0ca7f,19849,Tralee,Kerry
4c07d11e-1f10-851d-e053-ca3ca8c0ca7f,19849,Tralee,Kerry
4c07d11e-1f11-851d-e053-ca3ca8c0ca7f,19849,Tralee,Kerry
4c07d11e-1f13-851d-e053-ca3ca8c0ca7f,17364,Cork city and suburbs,Cork
4c07d11e-1f14-851d-e053-ca3ca8c0ca7f,17366,Tower,Cork
4c07d11e-1f15-851d-e053-ca3ca8c0ca7f,18753,Carrigaline,Cork
4c07d11e-1f16-851d-e053-ca3ca8c0ca7f,18753,Carrigaline,Cork
4c07d11e-1f17-851d-e053-ca3ca8c0ca7f,18753,Carrigaline,Cork
4c07d11e-1f18-851d-e053-ca3ca8c0ca7f,19840,Killarney,Kerry
4c07d11e-1f19-851d-e053-ca3ca8c0ca7f,19840,Killarney,Kerry
4c07d11e-1f1a-851d-e053-ca3ca8c0ca7f,19840,Killarney,Kerry
4c07d11e-1f1b-851d-e053-ca3ca8c0ca7f,19849,Tralee,Kerry
4c07d11e-1f1c-851d-e053-ca3ca8c0ca7f,19849,Tralee,Kerry
4c07d11e-1f1d-851d-e053-ca3ca8c0ca7f,19849,Tralee,Kerry
4c07d11e-1f1e-851d-e053-ca3ca8c0ca7f,19849,Tralee,Kerry
4c07d11e-1f1f-851d-e053-ca3ca8c0ca7f,17366,Tower,Cork
4c07d11e-1f20-851d-e053-ca3ca8c0ca7f,17366,Tower,Cork
4c07d11e-1f21-851d-e053-ca3ca8c0ca7f,17366,Tower,Cork
4c07d11e-1f22-851d-e053-ca3ca8c0ca7f,18753,Carrigaline,Cork
4c07d11e-1f23-851d-e053-ca3ca8c0ca7f,18753,Carrigaline,Cork
4c07d11e-1f24-851d-e053-ca3ca8c0ca7f,18753,Carrigaline,Cork
4c07d11e-1f25-851d-e053-ca3ca8c0ca7f,19840,Killarney,Kerry
4c07d11e-1f26-851d-e053-ca3ca8c0ca7f,19840,Killarney,Kerry
4c07d11e-1f27-851d-e053-ca3ca8c0ca7f,19840,Killarney,Kerry
4c07d11e-1f28-851d-e053-ca3ca8c0ca7f,19855,Killorglin,Kerry
4c07d11e-1f29-851d-e053-ca3ca8c0ca7f,19849,Tralee,Kerry
4c07d11e-1f2a-851d-e053-ca3ca8c0ca7f,19849,Tralee,Kerry
4c07d11e-1f2b-851d-e053-ca3ca8c0ca7f,19849,Tralee,Kerry
4c07d11e-1f2c-851d-e053-ca3ca8c0ca7f,17366,Tower,Cork
4c07d11e-1f2d-851d-e053-ca3ca8c0ca7f,17364,Cork city and suburbs,Cork
4c07d11e-1f2e-851d-e053-ca3ca8c0ca7f,17364,Cork city and suburbs,Cork
4c07d11e-1f2f-851d-e053-ca3ca8c0ca7f,17364,Cork city and suburbs,Cork
4c07d11e-1f30-851d-e053-ca3ca8c0ca7f,18753,Carrigaline,Cork
4c07d11e-1f31-851d-e053-ca3ca8c0ca7f,18753,Carrigaline,Cork
4c07d11e-1f32-851d-e053-ca3ca8c0ca7f,18753,Carrigaline,Cork
4c07d11e-1f33-851d-e053-ca3ca8c0ca7f,18753,Carrigaline,Cork
4c07d11e-1f34-851d-e053-ca3ca8c0ca7f,19855,Killorglin,Kerry
4c07d11e-1f36-851d-e053-ca3ca8c0ca7f,19855,Killorglin,Kerry
4c07d11e-1f37-851d-e053-ca3ca8c0ca7f,19849,Tralee,Kerry
4c07d11e-1f38-851d-e053-ca3ca8c0ca7f,19849,Tralee,Kerry
4c07d11e-1f39-851d-e053-ca3ca8c0ca7f,19849,Tralee,Kerry
4c07d11e-1f3a-851d-e053-ca3ca8c0ca7f,17364,Cork city and suburbs,Cork
4c07d11e-1f3b-851d-e053-ca3ca8c0ca7f,17364,Cork city and suburbs,Cork
4c07d11e-1f3c-851d-e053-ca3ca8c0ca7f,17364,Cork city and suburbs,Cork
4c07d11e-1f3d-851d-e053-ca3ca8c0ca7f,17364,Cork city and suburbs,Cork
4c07d11e-1f3e-851d-e053-ca3ca8c0ca7f,17364,Cork city and suburbs,Cork
4c07d11e-1f3f-851d-e053-ca3ca8c0ca7f,18753,Carrigaline,Cork
4c07d11e-1f40-851d-e053-ca3ca8c0ca7f,18753,Carrigaline,Cork
4c07d11e-1f42-851d-e053-ca3ca8c0ca7f,19853,Ardfert,Kerry
4c07d11e-1f43-851d-e053-ca3ca8c0ca7f,19849,Tralee,Kerry
4c07d11e-1f44-851d-e053-ca3ca8c0ca7f,19836,Castleisland,Kerry
4c07d11e-1f45-851d-e053-ca3ca8c0ca7f,19836,Castleisland,Kerry
4c07d11e-1f46-851d-e053-ca3ca8c0ca7f,18804,Macroom,Cork
4c07d11e-1f47-851d-e053-ca3ca8c0ca7f,17364,Cork city and suburbs,Cork
4c07d11e-1f48-851d-e053-ca3ca8c0ca7f,17364,Cork city and suburbs,Cork
4c07d11e-1f49-851d-e053-ca3ca8c0ca7f,17364,Cork city and suburbs,Cork
4c07d11e-1f4a-851d-e053-ca3ca8c0ca7f,12211,Tullamore,Offaly
4c07d11e-1f4b-851d-e053-ca3ca8c0ca7f,12211,Tullamore,Offaly
4c07d11e-1f4c-851d-e053-ca3ca8c0ca7f,12211,Tullamore,Offaly
4c07d11e-1f4d-851d-e053-ca3ca8c0ca7f,06473,Rathangan,Kildare
4c07d11e-1f4e-851d-e053-ca3ca8c0ca7f,12204,Rhode,Offaly
4c07d11e-1f4f-851d-e053-ca3ca8c0ca7f,12201,Edenderry,Offaly
4c07d11e-1f50-851d-e053-ca3ca8c0ca7f,08167,Portlaoise,Laois
4c07d11e-1f51-851d-e053-ca3ca8c0ca7f,08167,Portlaoise,Laois
4c07d11e-1f52-851d-e053-ca3ca8c0ca7f,08167,Portlaoise,Laois
4c07d11e-1f53-851d-e053-ca3ca8c0ca7f,08165,Portarlington,Laois
4c07d11e-1f54-851d-e053-ca3ca8c0ca7f,08165,Portarlington,Laois
4c07d11e-1f55-851d-e053-ca3ca8c0ca7f,08165,Portarlington,Laois
4c07d11e-1f56-851d-e053-ca3ca8c0ca7f,08165,Portarlington,Laois
4c07d11e-1f57-851d-e053-ca3ca8c0ca7f,06454,Newbridge,Kildare
4c07d11e-1f58-851d-e053-ca3ca8c0ca7f,06454,Newbridge,Kildare
4c07d11e-1f59-851d-e053-ca3ca8c0ca7f,06454,Newbridge,Kildare
4c07d11e-1f5a-851d-e053-ca3ca8c0ca7f,06454,Newbridge,Kildare
4c07d11e-1f5b-851d-e053-ca3ca8c0ca7f,12201,Edenderry,Offaly
4c07d11e-1f5c-851d-e053-ca3ca8c0ca7f,12201,Edenderry,Offaly
4c07d11e-1f5d-851d-e053-ca3ca8c0ca7f,12201,Edenderry,Offaly
4c07d11e-1f5e-851d-e053-ca3ca8c0ca7f,08167,Portlaoise,Laois
4c07d11e-1f5f-851d-e053-ca3ca8c0ca7f,08167,Portlaoise,Laois
4c07d11e-1f60-851d-e053-ca3ca8c0ca7f,08167,Portlaoise,Laois
4c07d11e-1f61-851d-e053-ca3ca8c0ca7f,08165,Portarlington,Laois
4c07d11e-1f62-851d-e053-ca3ca8c0ca7f,08165,Portarlington,Laois
4c07d11e-1f63-851d-e053-ca3ca8c0ca7f,06454,Newbridge,Kildare
4c07d11e-1f64-851d-e053-ca3ca8c0ca7f,06454,Newbridge,Kildare
4c07d11e-1f65-851d-e053-ca3ca8c0ca7f,06454,Newbridge,Kildare
4c07d11e-1f66-851d-e053-ca3ca8c0ca7f,06454,Newbridge,Kildare
4c07d11e-1f67-851d-e053-ca3ca8c0ca7f,12211,Tullamore,Offaly
4c07d11e-1f68-851d-e053-ca3ca8c0ca7f,12211,Tullamore,Offaly
4c07d11e-1f69-851d-e053-ca3ca8c0ca7f,12211,Tullamore,Offaly
4c07d11e-1f6a-851d-e053-ca3ca8c0ca7f,12211,Tullamore,Offaly
4c07d11e-1f6b-851d-e053-ca3ca8c0ca7f,08167,Portlaoise,Laois
4c07d11e-1f6c-851d-e053-ca3ca8c0ca7f,08167,Portlaoise,Laois
4c07d11e-1f6d-851d-e053-ca3ca8c0ca7f,08167,Portlaoise,Laois
4c07d11e-1f6e-851d-e053-ca3ca8c0ca7f,08167,Portlaoise,Laois
4c07d11e-1f6f-851d-e053-ca3ca8c0ca7f,08165,Portarlington,Laois
4c07d11e-1f70-851d-e053-ca3ca8c0ca7f,08165,Portarlington,Laois
4c07d11e-1f71-851d-e053-ca3ca8c0ca7f,08165,Portarlington,Laois
4c07d11e-1f72-851d-e053-ca3ca8c0ca7f,06454,Newbridge,Kildare
4c07d11e-1f73-851d-e053-ca3ca8c0ca7f,06454,Newbridge,Kildare
4c07d11e-1f74-851d-e053-ca3ca8c0ca7f,06454,Newbridge,Kildare
4c07d11e-1f75-851d-e053-ca3ca8c0ca7f,12211,Tullamore,Offaly
4c07d11e-1f76-851d-e053-ca3ca8c0ca7f,12211,Tullamore,Offaly
4c07d11e-1f77-851d-e053-ca3ca8c0ca7f,12211,Tullamore,Offaly
4c07d11e-1f78-851d-e053-ca3ca8c0ca7f,12211,Tullamore,Offaly
4c07d11e-1f79-851d-e053-ca3ca8c0ca7f,12211,Tullamore,Offaly
4c07d11e-1f7a-851d-e053-ca3ca8c0ca7f,08167,Portlaoise,Laois
4c07d11e-1f7b-851d-e053-ca3ca8c0ca7f,08167,Portlaoise,Laois
4c07d11e-1f7c-851d-e053-ca3ca8c0ca7f,08167,Portlaoise,Laois
4c07d11e-1f7d-851d-e053-ca3ca8c0ca7f,08165,Portarlington,Laois
4c07d11e-1f7e-851d-e053-ca3ca8c0ca7f,08165,Portarlington,Laois
4c07d11e-1f7f-851d-e053-ca3ca8c0ca7f,06476,Monasterevin,Kildare
4c07d11e-1f80-851d-e053-ca3ca8c0ca7f,06454,Newbridge,Kildare
4c07d11e-1f81-851d-e053-ca3ca8c0ca7f,06454,Newbridge,Kildare
4c07d11e-1f82-851d-e053-ca3ca8c0ca7f,06454,Newbridge,Kildare
4c07d11e-1f83-851d-e053-ca3ca8c0ca7f,06454,Newbridge,Kildare
4c07d11e-1f84-851d-e053-ca3ca8c0ca7f,12211,Tullamore,Offaly
4c07d11e-1f85-851d-e053-ca3ca8c0ca7f,12211,Tullamore,Offaly
4c07d11e-1f86-851d-e053-ca3ca8c0ca7f,12211,Tullamore,Offaly
4c07d11e-1f87-851d-e053-ca3ca8c0ca7f,12211,Tullamore,Offaly
4c07d11e-1f88-851d-e053-ca3ca8c0ca7f,08167,Portlaoise,Laois
4c07d11e-1f89-851d-e053-ca3ca8c0ca7f,08167,Portlaoise,Laois
4c07d11e-1f8a-851d-e053-ca3ca8c0ca7f,08167,Portlaoise,Laois
4c07d11e-1f8b-851d-e053-ca3ca8c0ca7f,08167,Portlaoise,Laois
4c07d11e-1f8c-851d-e053-ca3ca8c0ca7f,06476,Monasterevin,Kildare
4c07d11e-1f8d-851d-e053-ca3ca8c0ca7f,06476,Monasterevin,Kildare
4c07d11e-1f8e-851d-e053-ca3ca8c0ca7f,06472,Athy,Kildare
4c07d11e-1f8f-851d-e053-ca3ca8c0ca7f,06454,Newbridge,Kildare
4c07d11e-1f90-851d-e053-ca3ca8c0ca7f,06454,Newbridge,Kildare
4c07d11e-1f91-851d-e053-ca3ca8c0ca7f,06454,Newbridge,Kildare
4c07d11e-1f92-851d-e053-ca3ca8c0ca7f,12211,Tullamore,Offaly
4c07d11e-1f93-851d-e053-ca3ca8c0ca7f,12211,Tullamore,Offaly
4c07d11e-1f94-851d-e053-ca3ca8c0ca7f,12211,Tullamore,Offaly
4c07d11e-1f95-851d-e053-ca3ca8c0ca7f,12214,Clara,Offaly
4c07d11e-1f96-851d-e053-ca3ca8c0ca7f,08167,Portlaoise,Laois
4c07d11e-1f97-851d-e053-ca3ca8c0ca7f,08167,Portlaoise,Laois
4c07d11e-1f98-851d-e053-ca3ca8c0ca7f,08167,Portlaoise,Laois
4c07d11e-1f99-851d-e053-ca3ca8c0ca7f,08167,Portlaoise,Laois
4c07d11e-1f9b-851d-e053-ca3ca8c0ca7f,06472,Athy,Kildare
4c07d11e-1f9c-851d-e053-ca3ca8c0ca7f,06472,Athy,Kildare
4c07d11e-1f9d-851d-e053-ca3ca8c0ca7f,06454,Newbridge,Kildare
4c07d11e-1f9e-851d-e053-ca3ca8c0ca7f,06454,Newbridge,Kildare
4c07d11e-1f9f-851d-e053-ca3ca8c0ca7f,06454,Newbridge,Kildare
4c07d11e-1fa0-851d-e053-ca3ca8c0ca7f,12214,Clara,Offaly
4c07d11e-1fa1-851d-e053-ca3ca8c0ca7f,12214,Clara,Offaly
4c07d11e-1fa3-851d-e053-ca3ca8c0ca7f,12211,Tullamore,Offaly
4c07d11e-1fa6-851d-e053-ca3ca8c0ca7f,06472,Athy,Kildare
4c07d11e-1fa7-851d-e053-ca3ca8c0ca7f,06472,Athy,Kildare
4c07d11e-1fa8-851d-e053-ca3ca8c0ca7f,06472,Athy,Kildare
4c07d11e-1fa9-851d-e053-ca3ca8c0ca7f,06472,Athy,Kildare
4c07d11e-1faa-851d-e053-ca3ca8c0ca7f,06472,Athy,Kildare
4c07d11e-1fab-851d-e053-ca3ca8c0ca7f,06472,Athy,Kildare
4c07d11e-1fac-851d-e053-ca3ca8c0ca7f,06454,Newbridge,Kildare
4c07d11e-1fad-851d-e053-ca3ca8c0ca7f,06454,Newbridge,Kildare
4c07d11e-1fae-851d-e053-ca3ca8c0ca7f,06454,Newbridge,Kildare
4c07d11e-1faf-851d-e053-ca3ca8c0ca7f,13200,Athlone,Westmeath
4c07d11e-1fb0-851d-e053-ca3ca8c0ca7f,13200,Athlone,Westmeath
4c07d11e-1fb1-851d-e053-ca3ca8c0ca7f,13200,Athlone,Westmeath
4c07d11e-1fb2-851d-e053-ca3ca8c0ca7f,06472,Athy,Kildare
4c07d11e-1fb4-851d-e053-ca3ca8c0ca7f,06472,Athy,Kildare
4c07d11e-1fb5-851d-e053-ca3ca8c0ca7f,06472,Athy,Kildare
4c07d11e-1fb6-851d-e053-ca3ca8c0ca7f,06472,Athy,Kildare
4c07d11e-1fb7-851d-e053-ca3ca8c0ca7f,06472,Athy,Kildare
4c07d11e-1fb8-851d-e053-ca3ca8c0ca7f,15399,Baltinglass,Wicklow
4c07d11e-1fb9-851d-e053-ca3ca8c0ca7f,06454,Newbridge,Kildare
4c07d11e-1fba-851d-e053-ca3ca8c0ca7f,06454,Newbridge,Kildare
4c07d11e-1fbb-851d-e053-ca3ca8c0ca7f,06454,Newbridge,Kildare
4c07d11e-1fbc-851d-e053-ca3ca8c0ca7f,06454,Newbridge,Kildare
4c07d11e-1fbd-851d-e053-ca3ca8c0ca7f,06454,Newbridge,Kildare
4c07d11e-1fbe-851d-e053-ca3ca8c0ca7f,13197,Moate,Westmeath
4c07d11e-1fbf-851d-e053-ca3ca8c0ca7f,13197,Moate,Westmeath
4c07d11e-1fc0-851d-e053-ca3ca8c0ca7f,13197,Moate,Westmeath
4c07d11e-1fc1-851d-e053-ca3ca8c0ca7f,06472,Athy,Kildare
4c07d11e-1fc2-851d-e053-ca3ca8c0ca7f,06472,Athy,Kildare
4c07d11e-1fc3-851d-e053-ca3ca8c0ca7f,06472,Athy,Kildare
4c07d11e-1fc4-851d-e053-ca3ca8c0ca7f,06472,Athy,Kildare
4c07d11e-1fc5-851d-e053-ca3ca8c0ca7f,15399,Baltinglass,Wicklow
4c07d11e-1fc7-851d-e053-ca3ca8c0ca7f,15399,Baltinglass,Wicklow
4c07d11e-1fc8-851d-e053-ca3ca8c0ca7f,06461,Curragh Camp,Kildare
4c07d11e-1fc9-851d-e053-ca3ca8c0ca7f,06454,Newbridge,Kildare
4c07d11e-1fca-851d-e053-ca3ca8c0ca7f,06454,Newbridge,Kildare
4c07d11e-1fcb-851d-e053-ca3ca8c0ca7f,06454,Newbridge,Kildare
4c07d11e-1fcc-851d-e053-ca3ca8c0ca7f,06454,Newbridge,Kildare
4c07d11e-1fcd-851d-e053-ca3ca8c0ca7f,13200,Athlone,Westmeath
4c07d11e-1fce-851d-e053-ca3ca8c0ca7f,13200,Athlone,Westmeath
4c07d11e-1fcf-851d-e053-ca3ca8c0ca7f,08167,Portlaoise,Laois
4c07d11e-1fd0-851d-e053-ca3ca8c0ca7f,06472,Athy,Kildare
4c07d11e-1fd1-851d-e053-ca3ca8c0ca7f,06472,Athy,Kildare
4c07d11e-1fd2-851d-e053-ca3ca8c0ca7f,06450,Kilcullen,Kildare
4c07d11e-1fd3-851d-e053-ca3ca8c0ca7f,06450,Kilcullen,Kildare
4c07d11e-1fd4-851d-e053-ca3ca8c0ca7f,06468,Kildare,Kildare
4c07d11e-1fd5-851d-e053-ca3ca8c0ca7f,06468,Kildare,Kildare
4c07d11e-1fd6-851d-e053-ca3ca8c0ca7f,06454,Newbridge,Kildare
4c07d11e-1fd7-851d-e053-ca3ca8c0ca7f,06454,Newbridge,Kildare
4c07d11e-1fd8-851d-e053-ca3ca8c0ca7f,06454,Newbridge,Kildare
4c07d11e-1fd9-851d-e053-ca3ca8c0ca7f,06454,Newbridge,Kildare
4c07d11e-1fda-851d-e053-ca3ca8c0ca7f,06454,Newbridge,Kildare
4c07d11e-1fdb-851d-e053-ca3ca8c0ca7f,08167,Portlaoise,Laois
4c07d11e-1fdc-851d-e053-ca3ca8c0ca7f,08167,Portlaoise,Laois
4c07d11e-1fdd-851d-e053-ca3ca8c0ca7f,06472,Athy,Kildare
4c07d11e-1fde-851d-e053-ca3ca8c0ca7f,06472,Athy,Kildare
4c07d11e-1fdf-851d-e053-ca3ca8c0ca7f,08162,Stradbally,Laois
4c07d11e-1fe0-851d-e053-ca3ca8c0ca7f,08162,Stradbally,Laois
4c07d11e-1fe1-851d-e053-ca3ca8c0ca7f,06468,Kildare,Kildare
4c07d11e-1fe2-851d-e053-ca3ca8c0ca7f,06468,Kildare,Kildare
4c07d11e-1fe3-851d-e053-ca3ca8c0ca7f,06468,Kildare,Kildare
4c07d11e-1fe4-851d-e053-ca3ca8c0ca7f,06454,Newbridge,Kildare
4c07d11e-1fe5-851d-e053-ca3ca8c0ca7f,06442,Naas,Kildare
4c07d11e-1fe6-851d-e053-ca3ca8c0ca7f,08167,Portlaoise,Laois
4c07d11e-1fe7-851d-e053-ca3ca8c0ca7f,08167,Portlaoise,Laois
4c07d11e-1fe8-851d-e053-ca3ca8c0ca7f,08167,Portlaoise,Laois
4c07d11e-1fe9-851d-e053-ca3ca8c0ca7f,08170,Mountmellick,Laois
4c07d11e-1fea-851d-e053-ca3ca8c0ca7f,08170,Mountmellick,Laois
4c07d11e-1feb-851d-e053-ca3ca8c0ca7f,06468,Kildare,Kildare
4c07d11e-1fec-851d-e053-ca3ca8c0ca7f,06468,Kildare,Kildare
4c07d11e-1fed-851d-e053-ca3ca8c0ca7f,06468,Kildare,Kildare
4c07d11e-1fee-851d-e053-ca3ca8c0ca7f,06468,Kildare,Kildare
4c07d11e-1fef-851d-e053-ca3ca8c0ca7f,06442,Naas,Kildare
4c07d11e-1ff0-851d-e053-ca3ca8c0ca7f,06442,Naas,Kildare
4c07d11e-1ff1-851d-e053-ca3ca8c0ca7f,06442,Naas,Kildare
4c07d11e-1ff2-851d-e053-ca3ca8c0ca7f,08167,Portlaoise,Laois
4c07d11e-1ff3-851d-e053-ca3ca8c0ca7f,08167,Portlaoise,Laois
4c07d11e-1ff4-851d-e053-ca3ca8c0ca7f,08167,Portlaoise,Laois
4c07d11e-1ff5-851d-e053-ca3ca8c0ca7f,08167,Portlaoise,Laois
4c07d11e-1ff6-851d-e053-ca3ca8c0ca7f,08170,Mountmellick,Laois
4c07d11e-1ff7-851d-e053-ca3ca8c0ca7f,08170,Mountmellick,Laois
4c07d11e-1ff8-851d-e053-ca3ca8c0ca7f,08170,Mountmellick,Laois
4c07d11e-1ff9-851d-e053-ca3ca8c0ca7f,06468,Kildare,Kildare
4c07d11e-1ffa-851d-e053-ca3ca8c0ca7f,06468,Kildare,Kildare
4c07d11e-1ffb-851d-e053-ca3ca8c0ca7f,06468,Kildare,Kildare
4c07d11e-1ffc-851d-e053-ca3ca8c0ca7f,06442,Naas,Kildare
4c07d11e-1ffe-851d-e053-ca3ca8c0ca7f,15395,Blessington,Wicklow
4c07d11e-1fff-851d-e053-ca3ca8c0ca7f,08167,Portlaoise,Laois
4c07d11e-2000-851d-e053-ca3ca8c0ca7f,08167,Portlaoise,Laois
4c07d11e-2001-851d-e053-ca3ca8c0ca7f,08167,Portlaoise,Laois
4c07d11e-2002-851d-e053-ca3ca8c0ca7f,08167,Portlaoise,Laois
4c07d11e-2003-851d-e053-ca3ca8c0ca7f,08167,Portlaoise,Laois
4c07d11e-2004-851d-e053-ca3ca8c0ca7f,08170,Mountmellick,Laois
4c07d11e-2005-851d-e053-ca3ca8c0ca7f,08170,Mountmellick,Laois
4c07d11e-2006-851d-e053-ca3ca8c0ca7f,08170,Mountmellick,Laois
4c07d11e-2007-851d-e053-ca3ca8c0ca7f,08170,Mountmellick,Laois
4c07d11e-2008-851d-e053-ca3ca8c0ca7f,06468,Kildare,Kildare
4c07d11e-2009-851d-e053-ca3ca8c0ca7f,06468,Kildare,Kildare
4c07d11e-200a-851d-e053-ca3ca8c0ca7f,06454,Newbridge,Kildare
4c07d11e-200b-851d-e053-ca3ca8c0ca7f,15395,Blessington,Wicklow
4c07d11e-200c-851d-e053-ca3ca8c0ca7f,15395,Blessington,Wicklow
4c07d11e-200d-851d-e053-ca3ca8c0ca7f,15395,Blessington,Wicklow
4c07d11e-200e-851d-e053-ca3ca8c0ca7f,15395,Blessington,Wicklow
4c07d11e-200f-851d-e053-ca3ca8c0ca7f,08167,Portlaoise,Laois
4c07d11e-2011-851d-e053-ca3ca8c0ca7f,08167,Portlaoise,Laois
4c07d11e-2012-851d-e053-ca3ca8c0ca7f,08163,Killenard,Laois
4c07d11e-2013-851d-e053-ca3ca8c0ca7f,06476,Monasterevin,Kildare
4c07d11e-2014-851d-e053-ca3ca8c0ca7f,06476,Monasterevin,Kildare
4c07d11e-2015-851d-e053-ca3ca8c0ca7f,06476,Monasterevin,Kildare
4c07d11e-2016-851d-e053-ca3ca8c0ca7f,06454,Newbridge,Kildare
4c07d11e-2017-851d-e053-ca3ca8c0ca7f,06454,Newbridge,Kildare
4c07d11e-2018-851d-e053-ca3ca8c0ca7f,06454,Newbridge,Kildare
4c07d11e-2019-851d-e053-ca3ca8c0ca7f,06454,Newbridge,Kildare
4c07d11e-201a-851d-e053-ca3ca8c0ca7f,15395,Blessington,Wicklow
4c07d11e-201b-851d-e053-ca3ca8c0ca7f,15395,Blessington,Wicklow
4c07d11e-201c-851d-e053-ca3ca8c0ca7f,08167,Portlaoise,Laois
4c07d11e-201d-851d-e053-ca3ca8c0ca7f,08167,Portlaoise,Laois
4c07d11e-201e-851d-e053-ca3ca8c0ca7f,08167,Portlaoise,Laois
4c07d11e-201f-851d-e053-ca3ca8c0ca7f,06476,Monasterevin,Kildare
4c07d11e-2020-851d-e053-ca3ca8c0ca7f,08165,Portarlington,Laois
4c07d11e-2021-851d-e053-ca3ca8c0ca7f,08165,Portarlington,Laois
4c07d11e-2022-851d-e053-ca3ca8c0ca7f,08165,Portarlington,Laois
4c07d11e-2023-851d-e053-ca3ca8c0ca7f,06454,Newbridge,Kildare
4c07d11e-2024-851d-e053-ca3ca8c0ca7f,06454,Newbridge,Kildare
4c07d11e-2025-851d-e053-ca3ca8c0ca7f,17364,Cork city and suburbs,Cork
4c07d11e-2026-851d-e053-ca3ca8c0ca7f,17364,Cork city and suburbs,Cork
4c07d11e-2027-851d-e053-ca3ca8c0ca7f,17364,Cork city and suburbs,Cork
4c07d11e-2028-851d-e053-ca3ca8c0ca7f,20497,Limerick city and suburbs,Limerick
4c07d11e-2029-851d-e053-ca3ca8c0ca7f,20497,Limerick city and suburbs,Limerick
4c07d11e-202a-851d-e053-ca3ca8c0ca7f,20497,Limerick city and suburbs,Limerick
4c07d11e-202b-851d-e053-ca3ca8c0ca7f,17364,Cork city and suburbs,Cork
4c07d11e-202c-851d-e053-ca3ca8c0ca7f,17364,Cork city and suburbs,Cork
4c07d11e-202d-851d-e053-ca3ca8c0ca7f,18771,Mallow,Cork
4c07d11e-202e-851d-e053-ca3ca8c0ca7f,18771,Mallow,Cork
4c07d11e-202f-851d-e053-ca3ca8c0ca7f,18771,Mallow,Cork
4c07d11e-2030-851d-e053-ca3ca8c0ca7f,21530,Newcastle West,Limerick
4c07d11e-2031-851d-e053-ca3ca8c0ca7f,21530,Newcastle West,Limerick
4c07d11e-2032-851d-e053-ca3ca8c0ca7f,20497,Limerick city and suburbs,Limerick
4c07d11e-2033-851d-e053-ca3ca8c0ca7f,20497,Limerick city and suburbs,Limerick
4c07d11e-2034-851d-e053-ca3ca8c0ca7f,20497,Limerick city and suburbs,Limerick
4c07d11e-2035-851d-e053-ca3ca8c0ca7f,17364,Cork city and suburbs,Cork
4c07d11e-2036-851d-e053-ca3ca8c0ca7f,17364,Cork city and suburbs,Cork
4c07d11e-2037-851d-e053-ca3ca8c0ca7f,17364,Cork city and suburbs,Cork
4c07d11e-2038-851d-e053-ca3ca8c0ca7f,17364,Cork city and suburbs,Cork
4c07d11e-2039-851d-e053-ca3ca8c0ca7f,18771,Mallow,Cork
4c07d11e-203a-851d-e053-ca3ca8c0ca7f,18771,Mallow,Cork
4c07d11e-203b-851d-e053-ca3ca8c0ca7f,18771,Mallow,Cork
4c07d11e-203c-851d-e053-ca3ca8c0ca7f,21530,Newcastle West,Limerick
4c07d11e-203d-851d-e053-ca3ca8c0ca7f,21530,Newcastle West,Limerick
4c07d11e-203e-851d-e053-ca3ca8c0ca7f,21530,Newcastle West,Limerick
4c07d11e-203f-851d-e053-ca3ca8c0ca7f,17364,Cork city and suburbs,Cork
4c07d11e-2040-851d-e053-ca3ca8c0ca7f,17364,Cork city and suburbs,Cork
4c07d11e-2041-851d-e053-ca3ca8c0ca7f,17364,Cork city and suburbs,Cork
4c07d11e-2042-851d-e053-ca3ca8c0ca7f,17364,Cork city and suburbs,Cork
4c07d11e-2043-851d-e053-ca3ca8c0ca7f,17364,Cork city and suburbs,Cork
4c07d11e-2044-851d-e053-ca3ca8c0ca7f,17364,Cork city and suburbs,Cork
4c07d11e-2045-851d-e053-ca3ca8c0ca7f,17364,Cork city and suburbs,Cork
4c07d11e-2046-851d-e053-ca3ca8c0ca7f,18771,Mallow,Cork
4c07d11e-2047-851d-e053-ca3ca8c0ca7f,18771,Mallow,Cork
4c07d11e-2048-851d-e053-ca3ca8c0ca7f,18771,Mallow,Cork
4c07d11e-2049-851d-e053-ca3ca8c0ca7f,21530,Newcastle West,Limerick
4c07d11e-204a-851d-e053-ca3ca8c0ca7f,21530,Newcastle West,Limerick
4c07d11e-204b-851d-e053-ca3ca8c0ca7f,21530,Newcastle West,Limerick
4c07d11e-204c-851d-e053-ca3ca8c0ca7f,17364,Cork city and suburbs,Cork
4c07d11e-204d-851d-e053-ca3ca8c0ca7f,17364,Cork city and suburbs,Cork
4c07d11e-204e-851d-e053-ca3ca8c0ca7f,17364,Cork city and suburbs,Cork
4c07d11e-204f-851d-e053-ca3ca8c0ca7f,17364,Cork city and suburbs,Cork
4c07d11e-2050-851d-e053-ca3ca8c0ca7f,17364,Cork city and suburbs,Cork
4c07d11e-2051-851d-e053-ca3ca8c0ca7f,17364,Cork city and suburbs,Cork
4c07d11e-2052-851d-e053-ca3ca8c0ca7f,18771,Mallow,Cork
4c07d11e-2053-851d-e053-ca3ca8c0ca7f,18771,Mallow,Cork
4c07d11e-2054-851d-e053-ca3ca8c0ca7f,18771,Mallow,Cork
4c07d11e-2055-851d-e053-ca3ca8c0ca7f,21530,Newcastle West,Limerick
4c07d11e-2056-851d-e053-ca3ca8c0ca7f,21530,Newcastle West,Limerick
4c07d11e-2057-851d-e053-ca3ca8c0ca7f,21530,Newcastle West,Limerick
4c07d11e-2058-851d-e053-ca3ca8c0ca7f,17364,Cork city and suburbs,Cork
4c07d11e-2059-851d-e053-ca3ca8c0ca7f,17364,Cork city and suburbs,Cork
4c07d11e-205a-851d-e053-ca3ca8c0ca7f,17364,Cork city and suburbs,Cork
4c07d11e-205b-851d-e053-ca3ca8c0ca7f,17364,Cork city and suburbs,Cork
4c07d11e-205c-851d-e053-ca3ca8c0ca7f,17364,Cork city and suburbs,Cork
4c07d11e-205d-851d-e053-ca3ca8c0ca7f,17364,Cork city and suburbs,Cork
4c07d11e-205e-851d-e053-ca3ca8c0ca7f,18771,Mallow,Cork
4c07d11e-205f-851d-e053-ca3ca8c0ca7f,18771,Mallow,Cork
4c07d11e-2060-851d-e053-ca3ca8c0ca7f,18771,Mallow,Cork
4c07d11e-2061-851d-e053-ca3ca8c0ca7f,21530,Newcastle West,Limerick
4c07d11e-2062-851d-e053-ca3ca8c0ca7f,21530,Newcastle West,Limerick
4c07d11e-2063-851d-e053-ca3ca8c0ca7f,21530,Newcastle West,Limerick
4c07d11e-2064-851d-e053-ca3ca8c0ca7f,17364,Cork city and suburbs,Cork
4c07d11e-2065-851d-e053-ca3ca8c0ca7f,17364,Cork city and suburbs,Cork
4c07d11e-2066-851d-e053-ca3ca8c0ca7f,17364,Cork city and suburbs,Cork
4c07d11e-2067-851d-e053-ca3ca8c0ca7f,17364,Cork city and suburbs,Cork
4c07d11e-2068-851d-e053-ca3ca8c0ca7f,17364,Cork city and suburbs,Cork
4c07d11e-2069-851d-e053-ca3ca8c0ca7f,17364,Cork city and suburbs,Cork
4c07d11e-206a-851d-e053-ca3ca8c0ca7f,17364,Cork city and suburbs,Cork
4c07d11e-206b-851d-e053-ca3ca8c0ca7f,18776,Buttevant,Cork
4c07d11e-206c-851d-e053-ca3ca8c0ca7f,18776,Buttevant,Cork
4c07d11e-206d-851d-e053-ca3ca8c0ca7f,18776,Buttevant,Cork
4c07d11e-206e-851d-e053-ca3ca8c0ca7f,18754,Ballyhooly,Cork
4c07d11e-206f-851d-e053-ca3ca8c0ca7f,18767,Doneraile,Cork
4c07d11e-2070-851d-e053-ca3ca8c0ca7f,21530,Newcastle West,Limerick
4c07d11e-2071-851d-e053-ca3ca8c0ca7f,21530,Newcastle West,Limerick
4c07d11e-2072-851d-e053-ca3ca8c0ca7f,21527,Rathkeale,Limerick
4c07d11e-2073-851d-e053-ca3ca8c0ca7f,17364,Cork city and suburbs,Cork
4c07d11e-2074-851d-e053-ca3ca8c0ca7f,17364,Cork city and suburbs,Cork
4c07d11e-2075-851d-e053-ca3ca8c0ca7f,17364,Cork city and suburbs,Cork
4c07d11e-2076-851d-e053-ca3ca8c0ca7f,17364,Cork city and suburbs,Cork
4c07d11e-2077-851d-e053-ca3ca8c0ca7f,17364,Cork city and suburbs,Cork
4c07d11e-2078-851d-e053-ca3ca8c0ca7f,18777,Charleville,Cork
4c07d11e-2079-851d-e053-ca3ca8c0ca7f,18777,Charleville,Cork
4c07d11e-207a-851d-e053-ca3ca8c0ca7f,21509,Kilfinnane,Limerick
4c07d11e-207b-851d-e053-ca3ca8c0ca7f,21528,Askeaton,Limerick
4c07d11e-207c-851d-e053-ca3ca8c0ca7f,21528,Askeaton,Limerick
4c07d11e-207d-851d-e053-ca3ca8c0ca7f,17364,Cork city and suburbs,Cork
4c07d11e-207e-851d-e053-ca3ca8c0ca7f,17364,Cork city and suburbs,Cork
4c07d11e-207f-851d-e053-ca3ca8c0ca7f,17364,Cork city and suburbs,Cork
4c07d11e-2080-851d-e053-ca3ca8c0ca7f,17364,Cork city and suburbs,Cork
4c07d11e-2081-851d-e053-ca3ca8c0ca7f,17364,Cork city and suburbs,Cork
4c07d11e-2082-851d-e053-ca3ca8c0ca7f,17364,Cork city and suburbs,Cork
4c07d11e-2083-851d-e053-ca3ca8c0ca7f,17364,Cork city and suburbs,Cork
4c07d11e-2085-851d-e053-ca3ca8c0ca7f,19856,Ballyheigue,Kerry
4c07d11e-2087-851d-e053-ca3ca8c0ca7f,21516,Bruree,Limerick
4c07d11e-2088-851d-e053-ca3ca8c0ca7f,21516,Bruree,Limerick
4c07d11e-2089-851d-e053-ca3ca8c0ca7f,17364,Cork city and suburbs,Cork
4c07d11e-208a-851d-e053-ca3ca8c0ca7f,17364,Cork city and suburbs,Cork
4c07d11e-208b-851d-e053-ca3ca8c0ca7f,17364,Cork city and suburbs,Cork
4c07d11e-208c-851d-e053-ca3ca8c0ca7f,17364,Cork city and suburbs,Cork
4c07d11e-208d-851d-e053-ca3ca8c0ca7f,17364,Cork city and suburbs,Cork
4c07d11e-208e-851d-e053-ca3ca8c0ca7f,17364,Cork city and suburbs,Cork
4c07d11e-2090-851d-e053-ca3ca8c0ca7f,19843,Lixnaw,Kerry
4c07d11e-2091-851d-e053-ca3ca8c0ca7f,21540,Abbeyfeale,Limerick
4c07d11e-2092-851d-e053-ca3ca8c0ca7f,21514,Kilmallock,Limerick
4c07d11e-2093-851d-e053-ca3ca8c0ca7f,21514,Kilmallock,Limerick
4c07d11e-2094-851d-e053-ca3ca8c0ca7f,17364,Cork city and suburbs,Cork
4c07d11e-2095-851d-e053-ca3ca8c0ca7f,17364,Cork city and suburbs,Cork
4c07d11e-2096-851d-e053-ca3ca8c0ca7f,17364,Cork city and suburbs,Cork
4c07d11e-2097-851d-e053-ca3ca8c0ca7f,17364,Cork city and suburbs,Cork
4c07d11e-2098-851d-e053-ca3ca8c0ca7f,21540,Abbeyfeale,Limerick
4c07d11e-2099-851d-e053-ca3ca8c0ca7f,21540,Abbeyfeale,Limerick
4c07d11e-209a-851d-e053-ca3ca8c0ca7f,21540,Abbeyfeale,Limerick
4c07d11e-209b-851d-e053-ca3ca8c0ca7f,21514,Kilmallock,Limerick
4c07d11e-209c-851d-e053-ca3ca8c0ca7f,21519,Croom,Limerick
4c07d11e-209d-851d-e053-ca3ca8c0ca7f,21518,Patrickswell,Limerick
4c07d11e-209e-851d-e053-ca3ca8c0ca7f,17364,Cork city and suburbs,Cork
4c07d11e-209f-851d-e053-ca3ca8c0ca7f,17364,Cork city and suburbs,Cork
4c07d11e-20a0-851d-e053-ca3ca8c0ca7f,17364,Cork city and suburbs,Cork
4c07d11e-20a1-851d-e053-ca3ca8c0ca7f,17364,Cork city and suburbs,Cork
4c07d11e-20a2-851d-e053-ca3ca8c0ca7f,19839,Listowel,Kerry
4c07d11e-20a3-851d-e053-ca3ca8c0ca7f,19839,Listowel,Kerry
4c07d11e-20a4-851d-e053-ca3ca8c0ca7f,19839,Listowel,Kerry
4c07d11e-20a5-851d-e053-ca3ca8c0ca7f,19839,Listowel,Kerry
4c07d11e-20a6-851d-e053-ca3ca8c0ca7f,20497,Limerick city and suburbs,Limerick
4c07d11e-20a7-851d-e053-ca3ca8c0ca7f,20497,Limerick city and suburbs,Limerick
4c07d11e-20a8-851d-e053-ca3ca8c0ca7f,17364,Cork city and suburbs,Cork
4c07d11e-20a9-851d-e053-ca3ca8c0ca7f,17364,Cork city and suburbs,Cork
4c07d11e-20aa-851d-e053-ca3ca8c0ca7f,17364,Cork city and suburbs,Cork
4c07d11e-20ab-851d-e053-ca3ca8c0ca7f,17364,Cork city and suburbs,Cork
4c07d11e-20ac-851d-e053-ca3ca8c0ca7f,17364,Cork city and suburbs,Cork
4c07d11e-20ad-851d-e053-ca3ca8c0ca7f,19839,Listowel,Kerry
4c07d11e-20ae-851d-e053-ca3ca8c0ca7f,19839,Listowel,Kerry
4c07d11e-20af-851d-e053-ca3ca8c0ca7f,19839,Listowel,Kerry
4c07d11e-20b0-851d-e053-ca3ca8c0ca7f,19839,Listowel,Kerry
4c07d11e-20b1-851d-e053-ca3ca8c0ca7f,20497,Limerick city and suburbs,Limerick
4c07d11e-20b2-851d-e053-ca3ca8c0ca7f,20497,Limerick city and suburbs,Limerick
4c07d11e-20b3-851d-e053-ca3ca8c0ca7f,20497,Limerick city and suburbs,Limerick
4c07d11e-20b4-851d-e053-ca3ca8c0ca7f,17364,Cork city and suburbs,Cork
4c07d11e-20b5-851d-e053-ca3ca8c0ca7f,17364,Cork city and suburbs,Cork
4c07d11e-20b6-851d-e053-ca3ca8c0ca7f,17364,Cork city and suburbs,Cork
4c07d11e-20b7-851d-e053-ca3ca8c0ca7f,18770,Grenagh,Cork
4c07d11e-20b8-851d-e053-ca3ca8c0ca7f,17364,Cork city and suburbs,Cork
4c07d11e-20ba-851d-e053-ca3ca8c0ca7f,19847,Ballybunion,Kerry
4c07d11e-20bb-851d-e053-ca3ca8c0ca7f,19847,Ballybunion,Kerry
4c07d11e-20bd-851d-e053-ca3ca8c0ca7f,16578,Kilrush,Clare
4c07d11e-20be-851d-e053-ca3ca8c0ca7f,20497,Limerick city and suburbs,Limerick
4c07d11e-20bf-851d-e053-ca3ca8c0ca7f,20497,Limerick city and suburbs,Limerick
4c07d11e-20c0-851d-e053-ca3ca8c0ca7f,17364,Cork city and suburbs,Cork
4c07d11e-20c1-851d-e053-ca3ca8c0ca7f,17364,Cork city and suburbs,Cork
4c07d11e-20c3-851d-e053-ca3ca8c0ca7f,18802,Kanturk,Cork
4c07d11e-20c4-851d-e053-ca3ca8c0ca7f,18802,Kanturk,Cork
4c07d11e-20c5-851d-e053-ca3ca8c0ca7f,16578,Kilrush,Clare
4c07d11e-20c6-851d-e053-ca3ca8c0ca7f,16578,Kilrush,Clare
4c07d11e-20c7-851d-e053-ca3ca8c0ca7f,16578,Kilrush,Clare
4c07d11e-20c8-851d-e053-ca3ca8c0ca7f,20497,Limerick city and suburbs,Limerick
4c07d11e-20c9-851d-e053-ca3ca8c0ca7f,20497,Limerick city and suburbs,Limerick
4c07d11e-20ca-851d-e053-ca3ca8c0ca7f,20497,Limerick city and suburbs,Limerick
4c07d11e-20cb-851d-e053-ca3ca8c0ca7f,17364,Cork city and suburbs,Cork
4c07d11e-20cc-851d-e053-ca3ca8c0ca7f,17364,Cork city and suburbs,Cork
4c07d11e-20cd-851d-e053-ca3ca8c0ca7f,17364,Cork city and suburbs,Cork
4c07d11e-20ce-851d-e053-ca3ca8c0ca7f,17364,Cork city and suburbs,Cork
4c07d11e-20d0-851d-e053-ca3ca8c0ca7f,18771,Mallow,Cork
4c07d11e-20d1-851d-e053-ca3ca8c0ca7f,18771,Mallow,Cork
4c07d11e-20d3-851d-e053-ca3ca8c0ca7f,16580,Kilkee,Clare
4c07d11e-20d6-851d-e053-ca3ca8c0ca7f,21530,Newcastle West,Limerick
4c07d11e-20d7-851d-e053-ca3ca8c0ca7f,20497,Limerick city and suburbs,Limerick
4c07d11e-20d8-851d-e053-ca3ca8c0ca7f,20497,Limerick city and suburbs,Limerick
4c07d11e-20d9-851d-e053-ca3ca8c0ca7f,17364,Cork city and suburbs,Cork
4c07d11e-20da-851d-e053-ca3ca8c0ca7f,17364,Cork city and suburbs,Cork
4c07d11e-20db-851d-e053-ca3ca8c0ca7f,18771,Mallow,Cork
4c07d11e-20dc-851d-e053-ca3ca8c0ca7f,18771,Mallow,Cork
4c07d11e-20dd-851d-e053-ca3ca8c0ca7f,18771,Mallow,Cork
4c07d11e-20de-851d-e053-ca3ca8c0ca7f,21530,Newcastle West,Limerick
4c07d11e-20df-851d-e053-ca3ca8c0ca7f,21530,Newcastle West,Limerick
4c07d11e-20e0-851d-e053-ca3ca8c0ca7f,02341,Dublin city and suburbs,Dublin
4c07d11e-20e1-851d-e053-ca3ca8c0ca7f,02341,Dublin city and suburbs,Dublin
4c07d11e-20e2-851d-e053-ca3ca8c0ca7f,02341,Dublin city and suburbs,Dublin
4c07d11e-20e3-851d-e053-ca3ca8c0ca7f,02341,Dublin city and suburbs,Dublin
4c07d11e-20e4-851d-e053-ca3ca8c0ca7f,02341,Dublin city and suburbs,Dublin
4c07d11e-20e5-851d-e053-ca3ca8c0ca7f,02341,Dublin city and suburbs,Dublin
4c07d11e-20e6-851d-e053-ca3ca8c0ca7f,02341,Dublin city and suburbs,Dublin
4c07d11e-20e7-851d-e053-ca3ca8c0ca7f,02341,Dublin city and suburbs,Dublin
4c07d11e-20e8-851d-e053-ca3ca8c0ca7f,02341,Dublin city and suburbs,Dublin
4c07d11e-20e9-851d-e053-ca3ca8c0ca7f,02341,Dublin city and suburbs,Dublin
4c07d11e-20ea-851d-e053-ca3ca8c0ca7f,02341,Dublin city and suburbs,Dublin
4c07d11e-20eb-851d-e053-ca3ca8c0ca7f,02341,Dublin city and suburbs,Dublin
4c07d11e-20ec-851d-e053-ca3ca8c0ca7f,02341,Dublin city and suburbs,Dublin
4c07d11e-20ed-851d-e053-ca3ca8c0ca7f,02341,Dublin city and suburbs,Dublin
4c07d11e-20ee-851d-e053-ca3ca8c0ca7f,02341,Dublin city and suburbs,Dublin
4c07d11e-20ef-851d-e053-ca3ca8c0ca7f,02341,Dublin city and suburbs,Dublin
4c07d11e-20f0-851d-e053-ca3ca8c0ca7f,02341,Dublin city and suburbs,Dublin
4c07d11e-20f1-851d-e053-ca3ca8c0ca7f,02341,Dublin city and suburbs,Dublin
4c07d11e-20f2-851d-e053-ca3ca8c0ca7f,02341,Dublin city and suburbs,Dublin
4c07d11e-20f3-851d-e053-ca3ca8c0ca7f,02341,Dublin city and suburbs,Dublin
4c07d11e-20f4-851d-e053-ca3ca8c0ca7f,02341,Dublin city and suburbs,Dublin
4c07d11e-20f5-851d-e053-ca3ca8c0ca7f,02341,Dublin city and suburbs,Dublin
4c07d11e-20f6-851d-e053-ca3ca8c0ca7f,02341,Dublin city and suburbs,Dublin
4c07d11e-20f7-851d-e053-ca3ca8c0ca7f,02341,Dublin city and suburbs,Dublin
4c07d11e-20f8-851d-e053-ca3ca8c0ca7f,02341,Dublin city and suburbs,Dublin
4c07d11e-20f9-851d-e053-ca3ca8c0ca7f,02341,Dublin city and suburbs,Dublin
4c07d11e-20fa-851d-e053-ca3ca8c0ca7f,02341,Dublin city and suburbs,Dublin
4c07d11e-20fb-851d-e053-ca3ca8c0ca7f,02341,Dublin city and suburbs,Dublin
4c07d11e-20fc-851d-e053-ca3ca8c0ca7f,02341,Dublin city and suburbs,Dublin
4c07d11e-20fd-851d-e053-ca3ca8c0ca7f,02341,Dublin city and suburbs,Dublin
4c07d11e-20fe-851d-e053-ca3ca8c0ca7f,02341,Dublin city and suburbs,Dublin
4c07d11e-20ff-851d-e053-ca3ca8c0ca7f,02341,Dublin city and suburbs,Dublin
4c07d11e-2100-851d-e053-ca3ca8c0ca7f,02341,Dublin city and suburbs,Dublin
4c07d11e-2101-851d-e053-ca3ca8c0ca7f,02341,Dublin city and suburbs,Dublin
4c07d11e-2102-851d-e053-ca3ca8c0ca7f,02341,Dublin city and suburbs,Dublin
4c07d11e-2103-851d-e053-ca3ca8c0ca7f,02341,Dublin city and suburbs,Dublin
4c07d11e-2104-851d-e053-ca3ca8c0ca7f,02341,Dublin city and suburbs,Dublin
4c07d11e-2105-851d-e053-ca3ca8c0ca7f,02341,Dublin city and suburbs,Dublin
4c07d11e-2106-851d-e053-ca3ca8c0ca7f,02341,Dublin city and suburbs,Dublin
4c07d11e-2107-851d-e053-ca3ca8c0ca7f,02341,Dublin city and suburbs,Dublin
4c07d11e-2108-851d-e053-ca3ca8c0ca7f,02341,Dublin city and suburbs,Dublin
4c07d11e-2109-851d-e053-ca3ca8c0ca7f,02341,Dublin city and suburbs,Dublin
4c07d11e-210a-851d-e053-ca3ca8c0ca7f,02341,Dublin city and suburbs,Dublin
4c07d11e-210b-851d-e053-ca3ca8c0ca7f,02341,Dublin city and suburbs,Dublin
4c07d11e-210c-851d-e053-ca3ca8c0ca7f,02341,Dublin city and suburbs,Dublin
4c07d11e-210d-851d-e053-ca3ca8c0ca7f,02341,Dublin city and suburbs,Dublin
4c07d11e-210e-851d-e053-ca3ca8c0ca7f,02341,Dublin city and suburbs,Dublin
4c07d11e-210f-851d-e053-ca3ca8c0ca7f,02341,Dublin city and suburbs,Dublin
4c07d11e-2110-851d-e053-ca3ca8c0ca7f,02341,Dublin city and suburbs,Dublin
4c07d11e-2111-851d-e053-ca3ca8c0ca7f,02341,Dublin city and suburbs,Dublin
4c07d11e-2112-851d-e053-ca3ca8c0ca7f,02341,Dublin city and suburbs,Dublin
4c07d11e-2113-851d-e053-ca3ca8c0ca7f,02341,Dublin city and suburbs,Dublin
4c07d11e-2114-851d-e053-ca3ca8c0ca7f,02341,Dublin city and suburbs,Dublin
4c07d11e-2115-851d-e053-ca3ca8c0ca7f,02341,Dublin city and suburbs,Dublin
4c07d11e-2116-851d-e053-ca3ca8c0ca7f,02341,Dublin city and suburbs,Dublin
4c07d11e-2117-851d-e053-ca3ca8c0ca7f,02341,Dublin city and suburbs,Dublin
4c07d11e-2118-851d-e053-ca3ca8c0ca7f,02341,Dublin city and suburbs,Dublin
4c07d11e-2119-851d-e053-ca3ca8c0ca7f,02341,Dublin city and suburbs,Dublin
4c07d11e-211a-851d-e053-ca3ca8c0ca7f,02341,Dublin city and suburbs,Dublin
4c07d11e-211b-851d-e053-ca3ca8c0ca7f,02341,Dublin city and suburbs,Dublin
4c07d11e-211c-851d-e053-ca3ca8c0ca7f,02341,Dublin city and suburbs,Dublin
4c07d11e-211d-851d-e053-ca3ca8c0ca7f,02341,Dublin city and suburbs,Dublin
4c07d11e-211e-851d-e053-ca3ca8c0ca7f,02341,Dublin city and suburbs,Dublin
4c07d11e-211f-851d-e053-ca3ca8c0ca7f,02341,Dublin city and suburbs,Dublin
4c07d11e-2120-851d-e053-ca3ca8c0ca7f,02341,Dublin city and suburbs,Dublin
4c07d11e-2121-851d-e053-ca3ca8c0ca7f,02341,Dublin city and suburbs,Dublin
4c07d11e-2122-851d-e053-ca3ca8c0ca7f,02341,Dublin city and suburbs,Dublin
4c07d11e-2123-851d-e053-ca3ca8c0ca7f,02341,Dublin city and suburbs,Dublin
4c07d11e-2124-851d-e053-ca3ca8c0ca7f,02341,Dublin city and suburbs,Dublin
4c07d11e-2125-851d-e053-ca3ca8c0ca7f,02341,Dublin city and suburbs,Dublin
4c07d11e-2126-851d-e053-ca3ca8c0ca7f,02341,Dublin city and suburbs,Dublin
4c07d11e-2127-851d-e053-ca3ca8c0ca7f,02341,Dublin city and suburbs,Dublin
4c07d11e-2128-851d-e053-ca3ca8c0ca7f,02341,Dublin city and suburbs,Dublin
4c07d11e-2129-851d-e053-ca3ca8c0ca7f,02341,Dublin city and suburbs,Dublin
4c07d11e-212a-851d-e053-ca3ca8c0ca7f,02341,Dublin city and suburbs,Dublin
4c07d11e-212b-851d-e053-ca3ca8c0ca7f,02341,Dublin city and suburbs,Dublin
4c07d11e-212c-851d-e053-ca3ca8c0ca7f,02341,Dublin city and suburbs,Dublin
4c07d11e-212d-851d-e053-ca3ca8c0ca7f,02341,Dublin city and suburbs,Dublin
4c07d11e-212e-851d-e053-ca3ca8c0ca7f,02341,Dublin city and suburbs,Dublin
4c07d11e-212f-851d-e053-ca3ca8c0ca7f,02341,Dublin city and suburbs,Dublin
4c07d11e-2130-851d-e053-ca3ca8c0ca7f,02341,Dublin city and suburbs,Dublin
4c07d11e-2131-851d-e053-ca3ca8c0ca7f,02341,Dublin city and suburbs,Dublin
4c07d11e-2132-851d-e053-ca3ca8c0ca7f,02341,Dublin city and suburbs,Dublin
4c07d11e-2133-851d-e053-ca3ca8c0ca7f,02341,Dublin city and suburbs,Dublin
4c07d11e-2134-851d-e053-ca3ca8c0ca7f,02341,Dublin city and suburbs,Dublin
4c07d11e-2135-851d-e053-ca3ca8c0ca7f,02341,Dublin city and suburbs,Dublin
4c07d11e-2136-851d-e053-ca3ca8c0ca7f,02341,Dublin city and suburbs,Dublin
4c07d11e-2137-851d-e053-ca3ca8c0ca7f,02341,Dublin city and suburbs,Dublin
4c07d11e-2138-851d-e053-ca3ca8c0ca7f,02341,Dublin city and suburbs,Dublin
4c07d11e-2139-851d-e053-ca3ca8c0ca7f,02341,Dublin city and suburbs,Dublin
4c07d11e-213a-851d-e053-ca3ca8c0ca7f,02341,Dublin city and suburbs,Dublin
4c07d11e-213b-851d-e053-ca3ca8c0ca7f,02341,Dublin city and suburbs,Dublin
4c07d11e-213c-851d-e053-ca3ca8c0ca7f,02341,Dublin city and suburbs,Dublin
4c07d11e-213d-851d-e053-ca3ca8c0ca7f,02341,Dublin city and suburbs,Dublin
4c07d11e-213e-851d-e053-ca3ca8c0ca7f,02341,Dublin city and suburbs,Dublin
4c07d11e-213f-851d-e053-ca3ca8c0ca7f,02341,Dublin city and suburbs,Dublin
4c07d11e-2140-851d-e053-ca3ca8c0ca7f,02341,Dublin city and suburbs,Dublin
4c07d11e-2141-851d-e053-ca3ca8c0ca7f,02341,Dublin city and suburbs,Dublin
4c07d11e-2142-851d-e053-ca3ca8c0ca7f,02341,Dublin city and suburbs,Dublin
4c07d11e-2143-851d-e053-ca3ca8c0ca7f,02341,Dublin city and suburbs,Dublin
4c07d11e-2144-851d-e053-ca3ca8c0ca7f,02341,Dublin city and suburbs,Dublin
4c07d11e-2145-851d-e053-ca3ca8c0ca7f,02341,Dublin city and suburbs,Dublin
4c07d11e-2146-851d-e053-ca3ca8c0ca7f,02341,Dublin city and suburbs,Dublin
4c07d11e-2147-851d-e053-ca3ca8c0ca7f,02341,Dublin city and suburbs,Dublin
4c07d11e-2148-851d-e053-ca3ca8c0ca7f,02341,Dublin city and suburbs,Dublin
4c07d11e-2149-851d-e053-ca3ca8c0ca7f,02341,Dublin city and suburbs,Dublin
4c07d11e-214a-851d-e053-ca3ca8c0ca7f,02341,Dublin city and suburbs,Dublin
4c07d11e-214b-851d-e053-ca3ca8c0ca7f,02341,Dublin city and suburbs,Dublin
4c07d11e-214c-851d-e053-ca3ca8c0ca7f,02341,Dublin city and suburbs,Dublin
4c07d11e-214d-851d-e053-ca3ca8c0ca7f,02341,Dublin city and suburbs,Dublin
4c07d11e-214e-851d-e053-ca3ca8c0ca7f,02341,Dublin city and suburbs,Dublin
4c07d11e-214f-851d-e053-ca3ca8c0ca7f,02341,Dublin city and suburbs,Dublin
4c07d11e-2150-851d-e053-ca3ca8c0ca7f,02341,Dublin city and suburbs,Dublin
4c07d11e-2151-851d-e053-ca3ca8c0ca7f,02341,Dublin city and suburbs,Dublin
4c07d11e-2152-851d-e053-ca3ca8c0ca7f,02341,Dublin city and suburbs,Dublin
4c07d11e-2153-851d-e053-ca3ca8c0ca7f,02341,Dublin city and suburbs,Dublin
4c07d11e-2154-851d-e053-ca3ca8c0ca7f,02341,Dublin city and suburbs,Dublin
4c07d11e-2155-851d-e053-ca3ca8c0ca7f,02341,Dublin city and suburbs,Dublin
4c07d11e-2156-851d-e053-ca3ca8c0ca7f,02341,Dublin city and suburbs,Dublin
4c07d11e-2157-851d-e053-ca3ca8c0ca7f,02341,Dublin city and suburbs,Dublin
4c07d11e-2158-851d-e053-ca3ca8c0ca7f,02341,Dublin city and suburbs,Dublin
4c07d11e-2159-851d-e053-ca3ca8c0ca7f,02341,Dublin city and suburbs,Dublin
4c07d11e-215a-851d-e053-ca3ca8c0ca7f,02341,Dublin city and suburbs,Dublin
4c07d11e-215b-851d-e053-ca3ca8c0ca7f,02341,Dublin city and suburbs,Dublin
4c07d11e-215c-851d-e053-ca3ca8c0ca7f,02341,Dublin city and suburbs,Dublin
4c07d11e-215d-851d-e053-ca3ca8c0ca7f,02341,Dublin city and suburbs,Dublin
4c07d11e-215e-851d-e053-ca3ca8c0ca7f,02341,Dublin city and suburbs,Dublin
4c07d11e-215f-851d-e053-ca3ca8c0ca7f,02341,Dublin city and suburbs,Dublin
4c07d11e-2160-851d-e053-ca3ca8c0ca7f,02341,Dublin city and suburbs,Dublin
4c07d11e-2161-851d-e053-ca3ca8c0ca7f,02341,Dublin city and suburbs,Dublin
4c07d11e-2162-851d-e053-ca3ca8c0ca7f,02341,Dublin city and suburbs,Dublin
4c07d11e-2163-851d-e053-ca3ca8c0ca7f,02341,Dublin city and suburbs,Dublin
4c07d11e-2164-851d-e053-ca3ca8c0ca7f,02341,Dublin city and suburbs,Dublin
4c07d11e-2165-851d-e053-ca3ca8c0ca7f,02341,Dublin city and suburbs,Dublin
4c07d11e-2166-851d-e053-ca3ca8c0ca7f,02341,Dublin city and suburbs,Dublin
4c07d11e-2167-851d-e053-ca3ca8c0ca7f,02341,Dublin city and suburbs,Dublin
4c07d11e-2169-851d-e053-ca3ca8c0ca7f,02341,Dublin city and suburbs,Dublin
4c07d11e-216a-851d-e053-ca3ca8c0ca7f,02341,Dublin city and suburbs,Dublin
4c07d11e-216b-851d-e053-ca3ca8c0ca7f,02341,Dublin city and suburbs,Dublin
4c07d11e-216c-851d-e053-ca3ca8c0ca7f,02341,Dublin city and suburbs,Dublin
4c07d11e-216d-851d-e053-ca3ca8c0ca7f,02341,Dublin city and suburbs,Dublin
4c07d11e-216e-851d-e053-ca3ca8c0ca7f,02341,Dublin city and suburbs,Dublin
4c07d11e-216f-851d-e053-ca3ca8c0ca7f,02341,Dublin city and suburbs,Dublin
4c07d11e-2170-851d-e053-ca3ca8c0ca7f,02341,Dublin city and suburbs,Dublin
4c07d11e-2171-851d-e053-ca3ca8c0ca7f,02341,Dublin city and suburbs,Dublin
4c07d11e-2172-851d-e053-ca3ca8c0ca7f,02341,Dublin city and suburbs,Dublin
4c07d11e-2173-851d-e053-ca3ca8c0ca7f,02341,Dublin city and suburbs,Dublin
4c07d11e-2174-851d-e053-ca3ca8c0ca7f,02341,Dublin city and suburbs,Dublin
4c07d11e-2175-851d-e053-ca3ca8c0ca7f,02341,Dublin city and suburbs,Dublin
4c07d11e-2176-851d-e053-ca3ca8c0ca7f,02341,Dublin city and suburbs,Dublin
4c07d11e-2177-851d-e053-ca3ca8c0ca7f,02341,Dublin city and suburbs,Dublin
4c07d11e-2178-851d-e053-ca3ca8c0ca7f,02341,Dublin city and suburbs,Dublin
4c07d11e-2179-851d-e053-ca3ca8c0ca7f,02341,Dublin city and suburbs,Dublin
4c07d11e-217a-851d-e053-ca3ca8c0ca7f,02341,Dublin city and suburbs,Dublin
4c07d11e-217b-851d-e053-ca3ca8c0ca7f,02341,Dublin city and suburbs,Dublin
4c07d11e-217c-851d-e053-ca3ca8c0ca7f,02341,Dublin city and suburbs,Dublin
4c07d11e-217d-851d-e053-ca3ca8c0ca7f,02341,Dublin city and suburbs,Dublin
4c07d11e-217e-851d-e053-ca3ca8c0ca7f,02341,Dublin city and suburbs,Dublin
4c07d11e-217f-851d-e053-ca3ca8c0ca7f,02341,Dublin city and suburbs,Dublin
4c07d11e-2180-851d-e053-ca3ca8c0ca7f,02341,Dublin city and suburbs,Dublin
4c07d11e-2181-851d-e053-ca3ca8c0ca7f,02341,Dublin city and suburbs,Dublin
4c07d11e-2182-851d-e053-ca3ca8c0ca7f,02341,Dublin city and suburbs,Dublin
4c07d11e-2183-851d-e053-ca3ca8c0ca7f,02341,Dublin city and suburbs,Dublin
4c07d11e-2184-851d-e053-ca3ca8c0ca7f,02341,Dublin city and suburbs,Dublin
4c07d11e-2185-851d-e053-ca3ca8c0ca7f,02341,Dublin city and suburbs,Dublin
4c07d11e-2186-851d-e053-ca3ca8c0ca7f,02341,Dublin city and suburbs,Dublin
4c07d11e-2187-851d-e053-ca3ca8c0ca7f,02341,Dublin city and suburbs,Dublin
4c07d11e-2188-851d-e053-ca3ca8c0ca7f,02341,Dublin city and suburbs,Dublin
4c07d11e-2189-851d-e053-ca3ca8c0ca7f,02341,Dublin city and suburbs,Dublin
4c07d11e-218a-851d-e053-ca3ca8c0ca7f,02341,Dublin city and suburbs,Dublin
4c07d11e-218b-851d-e053-ca3ca8c0ca7f,02341,Dublin city and suburbs,Dublin
4c07d11e-218c-851d-e053-ca3ca8c0ca7f,02341,Dublin city and suburbs,Dublin
4c07d11e-218d-851d-e053-ca3ca8c0ca7f,02341,Dublin city and suburbs,Dublin
4c07d11e-218e-851d-e053-ca3ca8c0ca7f,02341,Dublin city and suburbs,Dublin
4c07d11e-218f-851d-e053-ca3ca8c0ca7f,02341,Dublin city and suburbs,Dublin
4c07d11e-2190-851d-e053-ca3ca8c0ca7f,02341,Dublin city and suburbs,Dublin
4c07d11e-2191-851d-e053-ca3ca8c0ca7f,02341,Dublin city and suburbs,Dublin
4c07d11e-2192-851d-e053-ca3ca8c0ca7f,02341,Dublin city and suburbs,Dublin
4c07d11e-2193-851d-e053-ca3ca8c0ca7f,02341,Dublin city and suburbs,Dublin
4c07d11e-2194-851d-e053-ca3ca8c0ca7f,02341,Dublin city and suburbs,Dublin
4c07d11e-2195-851d-e053-ca3ca8c0ca7f,02341,Dublin city and suburbs,Dublin
4c07d11e-2196-851d-e053-ca3ca8c0ca7f,02341,Dublin city and suburbs,Dublin
4c07d11e-2197-851d-e053-ca3ca8c0ca7f,02341,Dublin city and suburbs,Dublin
4c07d11e-2198-851d-e053-ca3ca8c0ca7f,02341,Dublin city and suburbs,Dublin
4c07d11e-2199-851d-e053-ca3ca8c0ca7f,02341,Dublin city and suburbs,Dublin
4c07d11e-219a-851d-e053-ca3ca8c0ca7f,02341,Dublin city and suburbs,Dublin
4c07d11e-219b-851d-e053-ca3ca8c0ca7f,02341,Dublin city and suburbs,Dublin
4c07d11e-219c-851d-e053-ca3ca8c0ca7f,02341,Dublin city and suburbs,Dublin
4c07d11e-219d-851d-e053-ca3ca8c0ca7f,02341,Dublin city and suburbs,Dublin
4c07d11e-219e-851d-e053-ca3ca8c0ca7f,02341,Dublin city and suburbs,Dublin
4c07d11e-219f-851d-e053-ca3ca8c0ca7f,02341,Dublin city and suburbs,Dublin
4c07d11e-21a0-851d-e053-ca3ca8c0ca7f,02341,Dublin city and suburbs,Dublin
4c07d11e-21a1-851d-e053-ca3ca8c0ca7f,02341,Dublin city and suburbs,Dublin
4c07d11e-21a2-851d-e053-ca3ca8c0ca7f,02341,Dublin city and suburbs,Dublin
4c07d11e-21a3-851d-e053-ca3ca8c0ca7f,02341,Dublin city and suburbs,Dublin
4c07d11e-21a4-851d-e053-ca3ca8c0ca7f,02341,Dublin city and suburbs,Dublin
4c07d11e-21a5-851d-e053-ca3ca8c0ca7f,02341,Dublin city and suburbs,Dublin
4c07d11e-21a6-851d-e053-ca3ca8c0ca7f,02341,Dublin city and suburbs,Dublin
4c07d11e-21a7-851d-e053-ca3ca8c0ca7f,02341,Dublin city and suburbs,Dublin
4c07d11e-21a8-851d-e053-ca3ca8c0ca7f,02341,Dublin city and suburbs,Dublin
4c07d11e-21a9-851d-e053-ca3ca8c0ca7f,02341,Dublin city and suburbs,Dublin
4c07d11e-21aa-851d-e053-ca3ca8c0ca7f,02341,Dublin city and suburbs,Dublin
4c07d11e-21ab-851d-e053-ca3ca8c0ca7f,02341,Dublin city and suburbs,Dublin
4c07d11e-21ac-851d-e053-ca3ca8c0ca7f,02341,Dublin city and suburbs,Dublin
4c07d11e-21ad-851d-e053-ca3ca8c0ca7f,02341,Dublin city and suburbs,Dublin
4c07d11e-21ae-851d-e053-ca3ca8c0ca7f,02341,Dublin city and suburbs,Dublin
4c07d11e-21af-851d-e053-ca3ca8c0ca7f,02341,Dublin city and suburbs,Dublin
4c07d11e-21b0-851d-e053-ca3ca8c0ca7f,02341,Dublin city and suburbs,Dublin
4c07d11e-21b1-851d-e053-ca3ca8c0ca7f,02341,Dublin city and suburbs,Dublin
4c07d11e-21b3-851d-e053-ca3ca8c0ca7f,02341,Dublin city and suburbs,Dublin
4c07d11e-21b4-851d-e053-ca3ca8c0ca7f,02341,Dublin city and suburbs,Dublin
4c07d11e-21b5-851d-e053-ca3ca8c0ca7f,02341,Dublin city and suburbs,Dublin
4c07d11e-21b6-851d-e053-ca3ca8c0ca7f,02341,Dublin city and suburbs,Dublin
4c07d11e-21b7-851d-e053-ca3ca8c0ca7f,02341,Dublin city and suburbs,Dublin
4c07d11e-21b8-851d-e053-ca3ca8c0ca7f,02341,Dublin city and suburbs,Dublin
4c07d11e-21b9-851d-e053-ca3ca8c0ca7f,02341,Dublin city and suburbs,Dublin
4c07d11e-21ba-851d-e053-ca3ca8c0ca7f,02341,Dublin city and suburbs,Dublin
4c07d11e-21bb-851d-e053-ca3ca8c0ca7f,02341,Dublin city and suburbs,Dublin
4c07d11e-21bc-851d-e053-ca3ca8c0ca7f,02341,Dublin city and suburbs,Dublin
4c07d11e-21bd-851d-e053-ca3ca8c0ca7f,02341,Dublin city and suburbs,Dublin
4c07d11e-21be-851d-e053-ca3ca8c0ca7f,02341,Dublin city and suburbs,Dublin
4c07d11e-21bf-851d-e053-ca3ca8c0ca7f,02341,Dublin city and suburbs,Dublin
4c07d11e-21c0-851d-e053-ca3ca8c0ca7f,14585,Gorey,Wexford
4c07d11e-21c1-851d-e053-ca3ca8c0ca7f,14585,Gorey,Wexford
4c07d11e-21c2-851d-e053-ca3ca8c0ca7f,14585,Gorey,Wexford
4c07d11e-21c3-851d-e053-ca3ca8c0ca7f,14585,Gorey,Wexford
4c07d11e-21c4-851d-e053-ca3ca8c0ca7f,02341,Dublin city and suburbs,Dublin
4c07d11e-21c5-851d-e053-ca3ca8c0ca7f,02341,Dublin city and suburbs,Dublin
4c07d11e-21c6-851d-e053-ca3ca8c0ca7f,02341,Dublin city and suburbs,Dublin
4c07d11e-21c7-851d-e053-ca3ca8c0ca7f,02341,Dublin city and suburbs,Dublin
4c07d11e-21c8-851d-e053-ca3ca8c0ca7f,15378,Arklow,Wicklow
4c07d11e-21c9-851d-e053-ca3ca8c0ca7f,15378,Arklow,Wicklow
4c07d11e-21ca-851d-e053-ca3ca8c0ca7f,15370,Greystones-Delgany,Wicklow
4c07d11e-21cb-851d-e053-ca3ca8c0ca7f,15370,Greystones-Delgany,Wicklow
4c07d11e-21cc-851d-e053-ca3ca8c0ca7f,15376,Bray,Wicklow
4c07d11e-21cd-851d-e053-ca3ca8c0ca7f,15376,Bray,Wicklow
4c07d11e-21ce-851d-e053-ca3ca8c0ca7f,02341,Dublin city and suburbs,Dublin
4c07d11e-21cf-851d-e053-ca3ca8c0ca7f,02341,Dublin city and suburbs,Dublin
4c07d11e-21d0-851d-e053-ca3ca8c0ca7f,02341,Dublin city and suburbs,Dublin
4c07d11e-21d1-851d-e053-ca3ca8c0ca7f,15378,Arklow,Wicklow
4c07d11e-21d2-851d-e053-ca3ca8c0ca7f,15378,Arklow,Wicklow
4c07d11e-21d3-851d-e053-ca3ca8c0ca7f,15370,Greystones-Delgany,Wicklow
4c07d11e-21d4-851d-e053-ca3ca8c0ca7f,15370,Greystones-Delgany,Wicklow
4c07d11e-21d5-851d-e053-ca3ca8c0ca7f,15376,Bray,Wicklow
4c07d11e-21d6-851d-e053-ca3ca8c0ca7f,15376,Bray,Wicklow
4c07d11e-21d7-851d-e053-ca3ca8c0ca7f,14585,Gorey,Wexford
4c07d11e-21d8-851d-e053-ca3ca8c0ca7f,14585,Gorey,Wexford
4c07d11e-21d9-851d-e053-ca3ca8c0ca7f,14585,Gorey,Wexford
4c07d11e-21da-851d-e053-ca3ca8c0ca7f,14585,Gorey,Wexford
4c07d11e-21db-851d-e053-ca3ca8c0ca7f,15378,Arklow,Wicklow
4c07d11e-21dc-851d-e053-ca3ca8c0ca7f,15378,Arklow,Wicklow
4c07d11e-21dd-851d-e053-ca3ca8c0ca7f,15370,Greystones-Delgany,Wicklow
4c07d11e-21de-851d-e053-ca3ca8c0ca7f,15370,Greystones-Delgany,Wicklow
4c07d11e-21df-851d-e053-ca3ca8c0ca7f,15376,Bray,Wicklow
4c07d11e-21e0-851d-e053-ca3ca8c0ca7f,15376,Bray,Wicklow
4c07d11e-21e1-851d-e053-ca3ca8c0ca7f,14581,Courtown,Wexford
4c07d11e-21e2-851d-e053-ca3ca8c0ca7f,14581,Courtown,Wexford
4c07d11e-21e3-851d-e053-ca3ca8c0ca7f,15378,Arklow,Wicklow
4c07d11e-21e4-851d-e053-ca3ca8c0ca7f,15378,Arklow,Wicklow
4c07d11e-21e5-851d-e053-ca3ca8c0ca7f,15370,Greystones-Delgany,Wicklow
4c07d11e-21e6-851d-e053-ca3ca8c0ca7f,15370,Greystones-Delgany,Wicklow
4c07d11e-21e7-851d-e053-ca3ca8c0ca7f,15370,Greystones-Delgany,Wicklow
4c07d11e-21e8-851d-e053-ca3ca8c0ca7f,15376,Bray,Wicklow
4c07d11e-21e9-851d-e053-ca3ca8c0ca7f,15376,Bray,Wicklow
4c07d11e-21eb-851d-e053-ca3ca8c0ca7f,14585,Gorey,Wexford
4c07d11e-21ec-851d-e053-ca3ca8c0ca7f,15378,Arklow,Wicklow
4c07d11e-21ed-851d-e053-ca3ca8c0ca7f,15378,Arklow,Wicklow
4c07d11e-21ee-851d-e053-ca3ca8c0ca7f,15367,Wicklow,Wicklow
4c07d11e-21ef-851d-e053-ca3ca8c0ca7f,15370,Greystones-Delgany,Wicklow
4c07d11e-21f0-851d-e053-ca3ca8c0ca7f,15376,Bray,Wicklow
4c07d11e-21f1-851d-e053-ca3ca8c0ca7f,15376,Bray,Wicklow
4c07d11e-21f2-851d-e053-ca3ca8c0ca7f,15376,Bray,Wicklow
4c07d11e-21f3-851d-e053-ca3ca8c0ca7f,15376,Bray,Wicklow
4c07d11e-21f4-851d-e053-ca3ca8c0ca7f,14585,Gorey,Wexford
4c07d11e-21f5-851d-e053-ca3ca8c0ca7f,14585,Gorey,Wexford
4c07d11e-21f6-851d-e053-ca3ca8c0ca7f,15371,Rathnew,Wicklow
4c07d11e-21f7-851d-e053-ca3ca8c0ca7f,15371,Rathnew,Wicklow
4c07d11e-21f8-851d-e053-ca3ca8c0ca7f,15371,Rathnew,Wicklow
4c07d11e-21f9-851d-e053-ca3ca8c0ca7f,15370,Greystones-Delgany,Wicklow
4c07d11e-21fa-851d-e053-ca3ca8c0ca7f,15376,Bray,Wicklow
4c07d11e-21fb-851d-e053-ca3ca8c0ca7f,15376,Bray,Wicklow
4c07d11e-21fc-851d-e053-ca3ca8c0ca7f,15376,Bray,Wicklow
4c07d11e-21fd-851d-e053-ca3ca8c0ca7f,14581,Courtown,Wexford
4c07d11e-21fe-851d-e053-ca3ca8c0ca7f,14585,Gorey,Wexford
4c07d11e-21ff-851d-e053-ca3ca8c0ca7f,14585,Gorey,Wexford
4c07d11e-2200-851d-e053-ca3ca8c0ca7f,15367,Wicklow,Wicklow
4c07d11e-2201-851d-e053-ca3ca8c0ca7f,15367,Wicklow,Wicklow
4c07d11e-2202-851d-e053-ca3ca8c0ca7f,15367,Wicklow,Wicklow
4c07d11e-2203-851d-e053-ca3ca8c0ca7f,15370,Greystones-Delgany,Wicklow
4c07d11e-2204-851d-e053-ca3ca8c0ca7f,15370,Greystones-Delgany,Wicklow
4c07d11e-2205-851d-e053-ca3ca8c0ca7f,15376,Bray,Wicklow
4c07d11e-2206-851d-e053-ca3ca8c0ca7f,15376,Bray,Wicklow
4c07d11e-2207-851d-e053-ca3ca8c0ca7f,14585,Gorey,Wexford
4c07d11e-2208-851d-e053-ca3ca8c0ca7f,14585,Gorey,Wexford
4c07d11e-2209-851d-e053-ca3ca8c0ca7f,15387,Aughrim,Wicklow
4c07d11e-220a-851d-e053-ca3ca8c0ca7f,15367,Wicklow,Wicklow
4c07d11e-220b-851d-e053-ca3ca8c0ca7f,15367,Wicklow,Wicklow
4c07d11e-220c-851d-e053-ca3ca8c0ca7f,15370,Greystones-Delgany,Wicklow
4c07d11e-220d-851d-e053-ca3ca8c0ca7f,15370,Greystones-Delgany,Wicklow
4c07d11e-220e-851d-e053-ca3ca8c0ca7f,15370,Greystones-Delgany,Wicklow
4c07d11e-220f-851d-e053-ca3ca8c0ca7f,15376,Bray,Wicklow
4c07d11e-2210-851d-e053-ca3ca8c0ca7f,15376,Bray,Wicklow
4c07d11e-2211-851d-e053-ca3ca8c0ca7f,15376,Bray,Wicklow
4c07d11e-2212-851d-e053-ca3ca8c0ca7f,15387,Aughrim,Wicklow
4c07d11e-2213-851d-e053-ca3ca8c0ca7f,15378,Arklow,Wicklow
4c07d11e-2214-851d-e053-ca3ca8c0ca7f,15367,Wicklow,Wicklow
4c07d11e-2215-851d-e053-ca3ca8c0ca7f,15371,Rathnew,Wicklow
4c07d11e-2217-851d-e053-ca3ca8c0ca7f,15370,Greystones-Delgany,Wicklow
4c07d11e-2218-851d-e053-ca3ca8c0ca7f,15370,Greystones-Delgany,Wicklow
4c07d11e-2219-851d-e053-ca3ca8c0ca7f,15370,Greystones-Delgany,Wicklow
4c07d11e-221a-851d-e053-ca3ca8c0ca7f,15370,Greystones-Delgany,Wicklow
4c07d11e-221b-851d-e053-ca3ca8c0ca7f,15376,Bray,Wicklow
4c07d11e-221c-851d-e053-ca3ca8c0ca7f,15376,Bray,Wicklow
4c07d11e-221d-851d-e053-ca3ca8c0ca7f,15367,Wicklow,Wicklow
4c07d11e-221e-851d-e053-ca3ca8c0ca7f,15367,Wicklow,Wicklow
4c07d11e-221f-851d-e053-ca3ca8c0ca7f,15378,Arklow,Wicklow
4c07d11e-2220-851d-e053-ca3ca8c0ca7f,15378,Arklow,Wicklow
4c07d11e-2221-851d-e053-ca3ca8c0ca7f,15375,Ashford,Wicklow
4c07d11e-2222-851d-e053-ca3ca8c0ca7f,15371,Rathnew,Wicklow
4c07d11e-2223-851d-e053-ca3ca8c0ca7f,15383,Roundwood,Wicklow
4c07d11e-2224-851d-e053-ca3ca8c0ca7f,15370,Greystones-Delgany,Wicklow
4c07d11e-2225-851d-e053-ca3ca8c0ca7f,15370,Greystones-Delgany,Wicklow
4c07d11e-2226-851d-e053-ca3ca8c0ca7f,15367,Wicklow,Wicklow
4c07d11e-2227-851d-e053-ca3ca8c0ca7f,15367,Wicklow,Wicklow
4c07d11e-2228-851d-e053-ca3ca8c0ca7f,15367,Wicklow,Wicklow
4c07d11e-2229-851d-e053-ca3ca8c0ca7f,15378,Arklow,Wicklow
4c07d11e-222a-851d-e053-ca3ca8c0ca7f,15378,Arklow,Wicklow
4c07d11e-222b-851d-e053-ca3ca8c0ca7f,15373,Newtownmountkennedy,Wicklow
4c07d11e-222c-851d-e053-ca3ca8c0ca7f,15373,Newtownmountkennedy,Wicklow
4c07d11e-222d-851d-e053-ca3ca8c0ca7f,15369,Newcastle,Wicklow
4c07d11e-222e-851d-e053-ca3ca8c0ca7f,15370,Greystones-Delgany,Wicklow
4c07d11e-222f-851d-e053-ca3ca8c0ca7f,15370,Greystones-Delgany,Wicklow
4c07d11e-2230-851d-e053-ca3ca8c0ca7f,15367,Wicklow,Wicklow
4c07d11e-2231-851d-e053-ca3ca8c0ca7f,15367,Wicklow,Wicklow
4c07d11e-2232-851d-e053-ca3ca8c0ca7f,15367,Wicklow,Wicklow
4c07d11e-2233-851d-e053-ca3ca8c0ca7f,15367,Wicklow,Wicklow
4c07d11e-2234-851d-e053-ca3ca8c0ca7f,15378,Arklow,Wicklow
4c07d11e-2235-851d-e053-ca3ca8c0ca7f,15378,Arklow,Wicklow
4c07d11e-2236-851d-e053-ca3ca8c0ca7f,15369,Newcastle,Wicklow
4c07d11e-2237-851d-e053-ca3ca8c0ca7f,15372,Kilpedder,Wicklow
4c07d11e-2238-851d-e053-ca3ca8c0ca7f,15368,Kilcoole,Wicklow
4c07d11e-2239-851d-e053-ca3ca8c0ca7f,15376,Bray,Wicklow
4c07d11e-223a-851d-e053-ca3ca8c0ca7f,15376,Bray,Wicklow
4c07d11e-223b-851d-e053-ca3ca8c0ca7f,15376,Bray,Wicklow
4c07d11e-223c-851d-e053-ca3ca8c0ca7f,15376,Bray,Wicklow
4c07d11e-223d-851d-e053-ca3ca8c0ca7f,15376,Bray,Wicklow
4c07d11e-223e-851d-e053-ca3ca8c0ca7f,15367,Wicklow,Wicklow
4c07d11e-2240-851d-e053-ca3ca8c0ca7f,02341,Dublin city and suburbs,Dublin
4c07d11e-2241-851d-e053-ca3ca8c0ca7f,15378,Arklow,Wicklow
4c07d11e-2242-851d-e053-ca3ca8c0ca7f,15378,Arklow,Wicklow
4c07d11e-2243-851d-e053-ca3ca8c0ca7f,15378,Arklow,Wicklow
4c07d11e-2244-851d-e053-ca3ca8c0ca7f,15368,Kilcoole,Wicklow
4c07d11e-2245-851d-e053-ca3ca8c0ca7f,15368,Kilcoole,Wicklow
4c07d11e-2246-851d-e053-ca3ca8c0ca7f,15368,Kilcoole,Wicklow
4c07d11e-2247-851d-e053-ca3ca8c0ca7f,15368,Kilcoole,Wicklow
4c07d11e-2248-851d-e053-ca3ca8c0ca7f,15376,Bray,Wicklow
4c07d11e-2249-851d-e053-ca3ca8c0ca7f,15376,Bray,Wicklow
4c07d11e-224a-851d-e053-ca3ca8c0ca7f,15376,Bray,Wicklow
4c07d11e-224b-851d-e053-ca3ca8c0ca7f,02341,Dublin city and suburbs,Dublin
4c07d11e-224c-851d-e053-ca3ca8c0ca7f,02341,Dublin city and suburbs,Dublin
4c07d11e-224d-851d-e053-ca3ca8c0ca7f,02341,Dublin city and suburbs,Dublin
4c07d11e-224e-851d-e053-ca3ca8c0ca7f,15378,Arklow,Wicklow
4c07d11e-224f-851d-e053-ca3ca8c0ca7f,15378,Arklow,Wicklow
4c07d11e-2250-851d-e053-ca3ca8c0ca7f,15378,Arklow,Wicklow
4c07d11e-2251-851d-e053-ca3ca8c0ca7f,15368,Kilcoole,Wicklow
4c07d11e-2252-851d-e053-ca3ca8c0ca7f,15368,Kilcoole,Wicklow
4c07d11e-2253-851d-e053-ca3ca8c0ca7f,15370,Greystones-Delgany,Wicklow
4c07d11e-2254-851d-e053-ca3ca8c0ca7f,15376,Bray,Wicklow
4c07d11e-2255-851d-e053-ca3ca8c0ca7f,15376,Bray,Wicklow
4c07d11e-2256-851d-e053-ca3ca8c0ca7f,15376,Bray,Wicklow
4c07d11e-2257-851d-e053-ca3ca8c0ca7f,02341,Dublin city and suburbs,Dublin
4c07d11e-2258-851d-e053-ca3ca8c0ca7f,02341,Dublin city and suburbs,Dublin
4c07d11e-2259-851d-e053-ca3ca8c0ca7f,02341,Dublin city and suburbs,Dublin
4c07d11e-225a-851d-e053-ca3ca8c0ca7f,15378,Arklow,Wicklow
4c07d11e-225b-851d-e053-ca3ca8c0ca7f,15378,Arklow,Wicklow
4c07d11e-225c-851d-e053-ca3ca8c0ca7f,15370,Greystones-Delgany,Wicklow
4c07d11e-225d-851d-e053-ca3ca8c0ca7f,15370,Greystones-Delgany,Wicklow
4c07d11e-225e-851d-e053-ca3ca8c0ca7f,15370,Greystones-Delgany,Wicklow
4c07d11e-225f-851d-e053-ca3ca8c0ca7f,15370,Greystones-Delgany,Wicklow
4c07d11e-2260-851d-e053-ca3ca8c0ca7f,15376,Bray,Wicklow
4c07d11e-2261-851d-e053-ca3ca8c0ca7f,15376,Bray,Wicklow
4c07d11e-2262-851d-e053-ca3ca8c0ca7f,15376,Bray,Wicklow
4c07d11e-2263-851d-e053-ca3ca8c0ca7f,02341,Dublin city and suburbs,Dublin
4c07d11e-2264-851d-e053-ca3ca8c0ca7f,02341,Dublin city and suburbs,Dublin
4c07d11e-2265-851d-e053-ca3ca8c0ca7f,02341,Dublin city and suburbs,Dublin
4c07d11e-2266-851d-e053-ca3ca8c0ca7f,02341,Dublin city and suburbs,Dublin
4c07d11e-2267-851d-e053-ca3ca8c0ca7f,15378,Arklow,Wicklow
4c07d11e-2268-851d-e053-ca3ca8c0ca7f,15378,Arklow,Wicklow
4c07d11e-2269-851d-e053-ca3ca8c0ca7f,15381,Enniskerry,Wicklow
4c07d11e-226a-851d-e053-ca3ca8c0ca7f,15370,Greystones-Delgany,Wicklow
4c07d11e-226b-851d-e053-ca3ca8c0ca7f,15376,Bray,Wicklow
4c07d11e-226c-851d-e053-ca3ca8c0ca7f,15376,Bray,Wicklow
4c07d11e-226d-851d-e053-ca3ca8c0ca7f,27289,Oranmore,Galway
4c07d11e-226e-851d-e053-ca3ca8c0ca7f,27289,Oranmore,Galway
4c07d11e-226f-851d-e053-ca3ca8c0ca7f,27289,Oranmore,Galway
4c07d11e-2270-851d-e053-ca3ca8c0ca7f,18742,Fermoy,Cork
4c07d11e-2271-851d-e053-ca3ca8c0ca7f,18742,Fermoy,Cork
4c07d11e-2272-851d-e053-ca3ca8c0ca7f,25691,Lismore,Waterford
4c07d11e-2273-851d-e053-ca3ca8c0ca7f,25691,Lismore,Waterford
4c07d11e-2274-851d-e053-ca3ca8c0ca7f,27277,Athenry,Galway
4c07d11e-2275-851d-e053-ca3ca8c0ca7f,27277,Athenry,Galway
4c07d11e-2276-851d-e053-ca3ca8c0ca7f,27277,Athenry,Galway
4c07d11e-2277-851d-e053-ca3ca8c0ca7f,27277,Athenry,Galway
4c07d11e-2278-851d-e053-ca3ca8c0ca7f,18746,Cobh,Cork
4c07d11e-227a-851d-e053-ca3ca8c0ca7f,18734,Aghada-Rostellan,Cork
4c07d11e-227b-851d-e053-ca3ca8c0ca7f,18721,Youghal,Cork
4c07d11e-227c-851d-e053-ca3ca8c0ca7f,18721,Youghal,Cork
4c07d11e-227d-851d-e053-ca3ca8c0ca7f,18721,Youghal,Cork
4c07d11e-227e-851d-e053-ca3ca8c0ca7f,18721,Youghal,Cork
4c07d11e-227f-851d-e053-ca3ca8c0ca7f,18740,Mitchelstown,Cork
4c07d11e-2280-851d-e053-ca3ca8c0ca7f,18740,Mitchelstown,Cork
4c07d11e-2281-851d-e053-ca3ca8c0ca7f,18740,Mitchelstown,Cork
4c07d11e-2282-851d-e053-ca3ca8c0ca7f,18740,Mitchelstown,Cork
4c07d11e-2283-851d-e053-ca3ca8c0ca7f,27269,Mountbellew,Galway
4c07d11e-2284-851d-e053-ca3ca8c0ca7f,18744,Crosshaven,Cork
4c07d11e-2285-851d-e053-ca3ca8c0ca7f,18744,Crosshaven,Cork
4c07d11e-2286-851d-e053-ca3ca8c0ca7f,18747,Ringaskiddy-Loughbeg,Cork
4c07d11e-2287-851d-e053-ca3ca8c0ca7f,18732,Saleen,Cork
4c07d11e-2288-851d-e053-ca3ca8c0ca7f,17364,Cork city and suburbs,Cork
4c07d11e-2289-851d-e053-ca3ca8c0ca7f,17364,Cork city and suburbs,Cork
4c07d11e-228a-851d-e053-ca3ca8c0ca7f,18721,Youghal,Cork
4c07d11e-228b-851d-e053-ca3ca8c0ca7f,18721,Youghal,Cork
4c07d11e-228c-851d-e053-ca3ca8c0ca7f,18721,Youghal,Cork
4c07d11e-228d-851d-e053-ca3ca8c0ca7f,27289,Oranmore,Galway
4c07d11e-228e-851d-e053-ca3ca8c0ca7f,27289,Oranmore,Galway
4c07d11e-228f-851d-e053-ca3ca8c0ca7f,27289,Oranmore,Galway
4c07d11e-2290-851d-e053-ca3ca8c0ca7f,27289,Oranmore,Galway
4c07d11e-2291-851d-e053-ca3ca8c0ca7f,27289,Oranmore,Galway
4c07d11e-2292-851d-e053-ca3ca8c0ca7f,18746,Cobh,Cork
4c07d11e-2293-851d-e053-ca3ca8c0ca7f,18746,Cobh,Cork
4c07d11e-2294-851d-e053-ca3ca8c0ca7f,17364,Cork city and suburbs,Cork
4c07d11e-2295-851d-e053-ca3ca8c0ca7f,18741,Carrigtwohill,Cork
4c07d11e-2296-851d-e053-ca3ca8c0ca7f,18741,Carrigtwohill,Cork
4c07d11e-2297-851d-e053-ca3ca8c0ca7f,18741,Carrigtwohill,Cork
4c07d11e-2299-851d-e053-ca3ca8c0ca7f,18721,Youghal,Cork
4c07d11e-229a-851d-e053-ca3ca8c0ca7f,18721,Youghal,Cork
4c07d11e-229b-851d-e053-ca3ca8c0ca7f,27289,Oranmore,Galway
4c07d11e-229c-851d-e053-ca3ca8c0ca7f,27289,Oranmore,Galway
4c07d11e-229d-851d-e053-ca3ca8c0ca7f,26305,Galway city and suburbs,Galway
4c07d11e-229e-851d-e053-ca3ca8c0ca7f,18746,Cobh,Cork
4c07d11e-229f-851d-e053-ca3ca8c0ca7f,18746,Cobh,Cork
4c07d11e-22a0-851d-e053-ca3ca8c0ca7f,18746,Cobh,Cork
4c07d11e-22a1-851d-e053-ca3ca8c0ca7f,18733,Midleton,Cork
4c07d11e-22a2-851d-e053-ca3ca8c0ca7f,18733,Midleton,Cork
4c07d11e-22a3-851d-e053-ca3ca8c0ca7f,18733,Midleton,Cork
4c07d11e-22a4-851d-e053-ca3ca8c0ca7f,18721,Youghal,Cork
4c07d11e-22a5-851d-e053-ca3ca8c0ca7f,18721,Youghal,Cork
4c07d11e-22a6-851d-e053-ca3ca8c0ca7f,18721,Youghal,Cork
4c07d11e-22a7-851d-e053-ca3ca8c0ca7f,26305,Galway city and suburbs,Galway
4c07d11e-22a8-851d-e053-ca3ca8c0ca7f,26305,Galway city and suburbs,Galway
4c07d11e-22a9-851d-e053-ca3ca8c0ca7f,26305,Galway city and suburbs,Galway
4c07d11e-22aa-851d-e053-ca3ca8c0ca7f,26305,Galway city and suburbs,Galway
4c07d11e-22ab-851d-e053-ca3ca8c0ca7f,18746,Cobh,Cork
4c07d11e-22ac-851d-e053-ca3ca8c0ca7f,18746,Cobh,Cork
4c07d11e-22ad-851d-e053-ca3ca8c0ca7f,18746,Cobh,Cork
4c07d11e-22ae-851d-e053-ca3ca8c0ca7f,18733,Midleton,Cork
4c07d11e-22af-851d-e053-ca3ca8c0ca7f,18733,Midleton,Cork
4c07d11e-22b0-851d-e053-ca3ca8c0ca7f,18721,Youghal,Cork
4c07d11e-22b1-851d-e053-ca3ca8c0ca7f,18721,Youghal,Cork
4c07d11e-22b2-851d-e053-ca3ca8c0ca7f,18721,Youghal,Cork
4c07d11e-22b3-851d-e053-ca3ca8c0ca7f,26305,Galway city and suburbs,Galway
4c07d11e-22b4-851d-e053-ca3ca8c0ca7f,26305,Galway city and suburbs,Galway
4c07d11e-22b5-851d-e053-ca3ca8c0ca7f,26305,Galway city and suburbs,Galway
4c07d11e-22b6-851d-e053-ca3ca8c0ca7f,18749,Passage West-Monkstown,Cork
4c07d11e-22b7-851d-e053-ca3ca8c0ca7f,18746,Cobh,Cork
4c07d11e-22b8-851d-e053-ca3ca8c0ca7f,18733,Midleton,Cork
4c07d11e-22b9-851d-e053-ca3ca8c0ca7f,18733,Midleton,Cork
4c07d11e-22ba-851d-e053-ca3ca8c0ca7f,18721,Youghal,Cork
4c07d11e-22bb-851d-e053-ca3ca8c0ca7f,18721,Youghal,Cork
4c07d11e-22bc-851d-e053-ca3ca8c0ca7f,25684,Dungarvan,Waterford
4c07d11e-22bd-851d-e053-ca3ca8c0ca7f,26305,Galway city and suburbs,Galway
4c07d11e-22be-851d-e053-ca3ca8c0ca7f,26305,Galway city and suburbs,Galway
4c07d11e-22bf-851d-e053-ca3ca8c0ca7f,26305,Galway city and suburbs,Galway
4c07d11e-22c0-851d-e053-ca3ca8c0ca7f,18749,Passage West-Monkstown,Cork
4c07d11e-22c1-851d-e053-ca3ca8c0ca7f,18749,Passage West-Monkstown,Cork
4c07d11e-22c2-851d-e053-ca3ca8c0ca7f,18733,Midleton,Cork
4c07d11e-22c3-851d-e053-ca3ca8c0ca7f,18733,Midleton,Cork
4c07d11e-22c4-851d-e053-ca3ca8c0ca7f,18733,Midleton,Cork
4c07d11e-22c5-851d-e053-ca3ca8c0ca7f,25684,Dungarvan,Waterford
4c07d11e-22c6-851d-e053-ca3ca8c0ca7f,25684,Dungarvan,Waterford
4c07d11e-22c7-851d-e053-ca3ca8c0ca7f,25684,Dungarvan,Waterford
4c07d11e-22c8-851d-e053-ca3ca8c0ca7f,26305,Galway city and suburbs,Galway
4c07d11e-22c9-851d-e053-ca3ca8c0ca7f,26305,Galway city and suburbs,Galway
4c07d11e-22ca-851d-e053-ca3ca8c0ca7f,26305,Galway city and suburbs,Galway
4c07d11e-22cb-851d-e053-ca3ca8c0ca7f,26305,Galway city and suburbs,Galway
4c07d11e-22cc-851d-e053-ca3ca8c0ca7f,18749,Passage West-Monkstown,Cork
4c07d11e-22cd-851d-e053-ca3ca8c0ca7f,18749,Passage West-Monkstown,Cork
4c07d11e-22ce-851d-e053-ca3ca8c0ca7f,18749,Passage West-Monkstown,Cork
4c07d11e-22cf-851d-e053-ca3ca8c0ca7f,18733,Midleton,Cork
4c07d11e-22d0-851d-e053-ca3ca8c0ca7f,18733,Midleton,Cork
4c07d11e-22d1-851d-e053-ca3ca8c0ca7f,18733,Midleton,Cork
4c07d11e-22d2-851d-e053-ca3ca8c0ca7f,18733,Midleton,Cork
4c07d11e-22d3-851d-e053-ca3ca8c0ca7f,25684,Dungarvan,Waterford
4c07d11e-22d4-851d-e053-ca3ca8c0ca7f,25684,Dungarvan,Waterford
4c07d11e-22d5-851d-e053-ca3ca8c0ca7f,25684,Dungarvan,Waterford
4c07d11e-22d6-851d-e053-ca3ca8c0ca7f,25684,Dungarvan,Waterford
4c07d11e-22d7-851d-e053-ca3ca8c0ca7f,26305,Galway city and suburbs,Galway
4c07d11e-22d8-851d-e053-ca3ca8c0ca7f,26305,Galway city and suburbs,Galway
4c07d11e-22d9-851d-e053-ca3ca8c0ca7f,26305,Galway city and suburbs,Galway
4c07d11e-22da-851d-e053-ca3ca8c0ca7f,18749,Passage West-Monkstown,Cork
4c07d11e-22db-851d-e053-ca3ca8c0ca7f,18749,Passage West-Monkstown,Cork
4c07d11e-22dc-851d-e053-ca3ca8c0ca7f,18749,Passage West-Monkstown,Cork
4c07d11e-22dd-851d-e053-ca3ca8c0ca7f,18733,Midleton,Cork
4c07d11e-22de-851d-e053-ca3ca8c0ca7f,18733,Midleton,Cork
4c07d11e-22df-851d-e053-ca3ca8c0ca7f,25684,Dungarvan,Waterford
4c07d11e-22e0-851d-e053-ca3ca8c0ca7f,26305,Galway city and suburbs,Galway
4c07d11e-22e1-851d-e053-ca3ca8c0ca7f,26305,Galway city and suburbs,Galway
4c07d11e-22e2-851d-e053-ca3ca8c0ca7f,26305,Galway city and suburbs,Galway
4c07d11e-22e3-851d-e053-ca3ca8c0ca7f,18749,Passage West-Monkstown,Cork
4c07d11e-22e4-851d-e053-ca3ca8c0ca7f,18749,Passage West-Monkstown,Cork
4c07d11e-22e5-851d-e053-ca3ca8c0ca7f,18749,Passage West-Monkstown,Cork
4c07d11e-22e6-851d-e053-ca3ca8c0ca7f,18733,Midleton,Cork
4c07d11e-22e7-851d-e053-ca3ca8c0ca7f,18733,Midleton,Cork
4c07d11e-22e8-851d-e053-ca3ca8c0ca7f,18733,Midleton,Cork
4c07d11e-22e9-851d-e053-ca3ca8c0ca7f,18733,Midleton,Cork
4c07d11e-22ea-851d-e053-ca3ca8c0ca7f,25684,Dungarvan,Waterford
4c07d11e-22eb-851d-e053-ca3ca8c0ca7f,25684,Dungarvan,Waterford
4c07d11e-22ec-851d-e053-ca3ca8c0ca7f,25684,Dungarvan,Waterford
4c07d11e-22ed-851d-e053-ca3ca8c0ca7f,26305,Galway city and suburbs,Galway
4c07d11e-22ee-851d-e053-ca3ca8c0ca7f,26305,Galway city and suburbs,Galway
4c07d11e-22ef-851d-e053-ca3ca8c0ca7f,26305,Galway city and suburbs,Galway
4c07d11e-22f0-851d-e053-ca3ca8c0ca7f,26305,Galway city and suburbs,Galway
4c07d11e-22f1-851d-e053-ca3ca8c0ca7f,18749,Passage West-Monkstown,Cork
4c07d11e-22f2-851d-e053-ca3ca8c0ca7f,18746,Cobh,Cork
4c07d11e-22f3-851d-e053-ca3ca8c0ca7f,18746,Cobh,Cork
4c07d11e-22f4-851d-e053-ca3ca8c0ca7f,18733,Midleton,Cork
4c07d11e-22f5-851d-e053-ca3ca8c0ca7f,18733,Midleton,Cork
4c07d11e-22f6-851d-e053-ca3ca8c0ca7f,18731,Cloyne,Cork
4c07d11e-22f7-851d-e053-ca3ca8c0ca7f,18742,Fermoy,Cork
4c07d11e-22f8-851d-e053-ca3ca8c0ca7f,26305,Galway city and suburbs,Galway
4c07d11e-22f9-851d-e053-ca3ca8c0ca7f,26305,Galway city and suburbs,Galway
4c07d11e-22fa-851d-e053-ca3ca8c0ca7f,18746,Cobh,Cork
4c07d11e-22fb-851d-e053-ca3ca8c0ca7f,18746,Cobh,Cork
4c07d11e-22fc-851d-e053-ca3ca8c0ca7f,18746,Cobh,Cork
4c07d11e-22fd-851d-e053-ca3ca8c0ca7f,18731,Cloyne,Cork
4c07d11e-22fe-851d-e053-ca3ca8c0ca7f,18725,Shanagarry,Cork
4c07d11e-2300-851d-e053-ca3ca8c0ca7f,18727,Castlemartyr,Cork
4c07d11e-2301-851d-e053-ca3ca8c0ca7f,18742,Fermoy,Cork
4c07d11e-2302-851d-e053-ca3ca8c0ca7f,18742,Fermoy,Cork
4c07d11e-2303-851d-e053-ca3ca8c0ca7f,26305,Galway city and suburbs,Galway
4c07d11e-2304-851d-e053-ca3ca8c0ca7f,26305,Galway city and suburbs,Galway
4c07d11e-2305-851d-e053-ca3ca8c0ca7f,26305,Galway city and suburbs,Galway
4c07d11e-2306-851d-e053-ca3ca8c0ca7f,26305,Galway city and suburbs,Galway
4c07d11e-2307-851d-e053-ca3ca8c0ca7f,18746,Cobh,Cork
4c07d11e-2308-851d-e053-ca3ca8c0ca7f,18746,Cobh,Cork
4c07d11e-2309-851d-e053-ca3ca8c0ca7f,18746,Cobh,Cork
4c07d11e-230a-851d-e053-ca3ca8c0ca7f,18727,Castlemartyr,Cork
4c07d11e-230b-851d-e053-ca3ca8c0ca7f,18727,Castlemartyr,Cork
4c07d11e-230c-851d-e053-ca3ca8c0ca7f,18728,Mogeely,Cork
4c07d11e-230d-851d-e053-ca3ca8c0ca7f,18742,Fermoy,Cork
4c07d11e-230e-851d-e053-ca3ca8c0ca7f,18742,Fermoy,Cork
4c07d11e-230f-851d-e053-ca3ca8c0ca7f,18742,Fermoy,Cork
4c07d11e-2310-851d-e053-ca3ca8c0ca7f,26305,Galway city and suburbs,Galway
4c07d11e-2311-851d-e053-ca3ca8c0ca7f,26305,Galway city and suburbs,Galway
4c07d11e-2312-851d-e053-ca3ca8c0ca7f,26305,Galway city and suburbs,Galway
4c07d11e-2313-851d-e053-ca3ca8c0ca7f,26305,Galway city and suburbs,Galway
4c07d11e-2314-851d-e053-ca3ca8c0ca7f,27291,Baile Chláir,Galway
4c07d11e-2315-851d-e053-ca3ca8c0ca7f,18746,Cobh,Cork
4c07d11e-2316-851d-e053-ca3ca8c0ca7f,18746,Cobh,Cork
4c07d11e-2317-851d-e053-ca3ca8c0ca7f,18746,Cobh,Cork
4c07d11e-2318-851d-e053-ca3ca8c0ca7f,18746,Cobh,Cork
4c07d11e-2319-851d-e053-ca3ca8c0ca7f,18723,Killeagh,Cork
4c07d11e-231a-851d-e053-ca3ca8c0ca7f,18750,Watergrasshill,Cork
4c07d11e-231b-851d-e053-ca3ca8c0ca7f,18750,Watergrasshill,Cork
4c07d11e-231c-851d-e053-ca3ca8c0ca7f,18742,Fermoy,Cork
4c07d11e-231d-851d-e053-ca3ca8c0ca7f,18742,Fermoy,Cork
4c07d11e-231e-851d-e053-ca3ca8c0ca7f,18742,Fermoy,Cork
4c07d11e-231f-851d-e053-ca3ca8c0ca7f,27291,Baile Chláir,Galway
4c07d11e-2320-851d-e053-ca3ca8c0ca7f,27291,Baile Chláir,Galway
4c07d11e-2321-851d-e053-ca3ca8c0ca7f,27294,Headford,Galway
4c07d11e-2322-851d-e053-ca3ca8c0ca7f,18746,Cobh,Cork
4c07d11e-2324-851d-e053-ca3ca8c0ca7f,18743,Rathcormac,Cork
4c07d11e-2325-851d-e053-ca3ca8c0ca7f,18730,Conna,Cork
4c07d11e-2326-851d-e053-ca3ca8c0ca7f,25692,Tallow,Waterford
4c07d11e-2327-851d-e053-ca3ca8c0ca7f,25692,Tallow,Waterford
4c07d11e-2328-851d-e053-ca3ca8c0ca7f,18742,Fermoy,Cork
4c07d11e-2329-851d-e053-ca3ca8c0ca7f,18742,Fermoy,Cork
4c07d11e-232a-851d-e053-ca3ca8c0ca7f,18742,Fermoy,Cork
4c07d11e-232b-851d-e053-ca3ca8c0ca7f,18742,Fermoy,Cork
4c07d11e-232c-851d-e053-ca3ca8c0ca7f,27277,Athenry,Galway
4c07d11e-232d-851d-e053-ca3ca8c0ca7f,27277,Athenry,Galway
4c07d11e-232e-851d-e053-ca3ca8c0ca7f,27277,Athenry,Galway
4c07d11e-2330-851d-e053-ca3ca8c0ca7f,18746,Cobh,Cork
4c07d11e-2331-851d-e053-ca3ca8c0ca7f,18721,Youghal,Cork
4c07d11e-2332-851d-e053-ca3ca8c0ca7f,18721,Youghal,Cork
4c07d11e-2333-851d-e053-ca3ca8c0ca7f,11416,Navan,Meath
4c07d11e-2334-851d-e053-ca3ca8c0ca7f,11416,Navan,Meath
4c07d11e-2335-851d-e053-ca3ca8c0ca7f,11416,Navan,Meath
4c07d11e-2336-851d-e053-ca3ca8c0ca7f,10009,Drogheda,Louth
4c07d11e-2337-851d-e053-ca3ca8c0ca7f,10009,Drogheda,Louth
4c07d11e-2339-851d-e053-ca3ca8c0ca7f,10009,Drogheda,Louth
4c07d11e-233a-851d-e053-ca3ca8c0ca7f,32044,Bailieborough,Cavan
4c07d11e-233b-851d-e053-ca3ca8c0ca7f,32044,Bailieborough,Cavan
4c07d11e-233c-851d-e053-ca3ca8c0ca7f,32044,Bailieborough,Cavan
4c07d11e-233d-851d-e053-ca3ca8c0ca7f,33110,Bundoran,Donegal
4c07d11e-233e-851d-e053-ca3ca8c0ca7f,33110,Bundoran,Donegal
4c07d11e-233f-851d-e053-ca3ca8c0ca7f,11404,Ashbourne,Meath
4c07d11e-2340-851d-e053-ca3ca8c0ca7f,11404,Ashbourne,Meath
4c07d11e-2341-851d-e053-ca3ca8c0ca7f,04347,Donabate,Dublin
4c07d11e-2342-851d-e053-ca3ca8c0ca7f,10009,Drogheda,Louth
4c07d11e-2343-851d-e053-ca3ca8c0ca7f,11401,Laytown-Bettystown-Mornington-Donacarney,Meath
4c07d11e-2344-851d-e053-ca3ca8c0ca7f,32044,Bailieborough,Cavan
4c07d11e-2345-851d-e053-ca3ca8c0ca7f,32043,Mullagh,Cavan
4c07d11e-2346-851d-e053-ca3ca8c0ca7f,32041,Kingscourt,Cavan
4c07d11e-2347-851d-e053-ca3ca8c0ca7f,33106,Ballyshannon,Donegal
4c07d11e-2348-851d-e053-ca3ca8c0ca7f,33106,Ballyshannon,Donegal
4c07d11e-2349-851d-e053-ca3ca8c0ca7f,04347,Donabate,Dublin
4c07d11e-234b-851d-e053-ca3ca8c0ca7f,04349,Lusk,Dublin
4c07d11e-234f-851d-e053-ca3ca8c0ca7f,32041,Kingscourt,Cavan
4c07d11e-2351-851d-e053-ca3ca8c0ca7f,33096,Pettigo,Donegal
4c07d11e-2352-851d-e053-ca3ca8c0ca7f,04347,Donabate,Dublin
4c07d11e-2355-851d-e053-ca3ca8c0ca7f,04344,Portrane,Dublin
4c07d11e-2356-851d-e053-ca3ca8c0ca7f,04343,Rush,Dublin
4c07d11e-2357-851d-e053-ca3ca8c0ca7f,04343,Rush,Dublin
4c07d11e-2358-851d-e053-ca3ca8c0ca7f,04343,Rush,Dublin
4c07d11e-2359-851d-e053-ca3ca8c0ca7f,11416,Navan,Meath
4c07d11e-235a-851d-e053-ca3ca8c0ca7f,11416,Navan,Meath
4c07d11e-235b-851d-e053-ca3ca8c0ca7f,32041,Kingscourt,Cavan
4c07d11e-235c-851d-e053-ca3ca8c0ca7f,32041,Kingscourt,Cavan
4c07d11e-235d-851d-e053-ca3ca8c0ca7f,11415,Drumconrath,Meath
4c07d11e-235e-851d-e053-ca3ca8c0ca7f,34039,Clones,Monaghan
4c07d11e-235f-851d-e053-ca3ca8c0ca7f,32046,Cootehill,Cavan
4c07d11e-2360-851d-e053-ca3ca8c0ca7f,04343,Rush,Dublin
4c07d11e-2361-851d-e053-ca3ca8c0ca7f,04343,Rush,Dublin
4c07d11e-2362-851d-e053-ca3ca8c0ca7f,11416,Navan,Meath
4c07d11e-2363-851d-e053-ca3ca8c0ca7f,11416,Navan,Meath
4c07d11e-2365-851d-e053-ca3ca8c0ca7f,10019,Ardee,Louth
4c07d11e-2366-851d-e053-ca3ca8c0ca7f,10019,Ardee,Louth
4c07d11e-2367-851d-e053-ca3ca8c0ca7f,32046,Cootehill,Cavan
4c07d11e-2368-851d-e053-ca3ca8c0ca7f,32046,Cootehill,Cavan
4c07d11e-2369-851d-e053-ca3ca8c0ca7f,32046,Cootehill,Cavan
4c07d11e-236a-851d-e053-ca3ca8c0ca7f,04343,Rush,Dublin
4c07d11e-236b-851d-e053-ca3ca8c0ca7f,04343,Rush,Dublin
4c07d11e-236d-851d-e053-ca3ca8c0ca7f,04343,Rush,Dublin
4c07d11e-236e-851d-e053-ca3ca8c0ca7f,04351,Balrothery,Dublin
4c07d11e-236f-851d-e053-ca3ca8c0ca7f,11416,Navan,Meath
4c07d11e-2370-851d-e053-ca3ca8c0ca7f,32047,Ballyjamesduff,Cavan
4c07d11e-2371-851d-e053-ca3ca8c0ca7f,32047,Ballyjamesduff,Cavan
4c07d11e-2372-851d-e053-ca3ca8c0ca7f,10019,Ardee,Louth
4c07d11e-2373-851d-e053-ca3ca8c0ca7f,10019,Ardee,Louth
4c07d11e-2374-851d-e053-ca3ca8c0ca7f,32046,Cootehill,Cavan
4c07d11e-2375-851d-e053-ca3ca8c0ca7f,34038,Newbliss,Monaghan
4c07d11e-2376-851d-e053-ca3ca8c0ca7f,34037,Smithborough,Monaghan
4c07d11e-2377-851d-e053-ca3ca8c0ca7f,04352,Balbriggan,Dublin
4c07d11e-2379-851d-e053-ca3ca8c0ca7f,32045,Virginia,Cavan
4c07d11e-237b-851d-e053-ca3ca8c0ca7f,10019,Ardee,Louth
4c07d11e-237c-851d-e053-ca3ca8c0ca7f,34032,Monaghan,Monaghan
4c07d11e-237d-851d-e053-ca3ca8c0ca7f,34032,Monaghan,Monaghan
4c07d11e-237e-851d-e053-ca3ca8c0ca7f,34032,Monaghan,Monaghan
4c07d11e-237f-851d-e053-ca3ca8c0ca7f,34032,Monaghan,Monaghan
4c07d11e-2380-851d-e053-ca3ca8c0ca7f,04352,Balbriggan,Dublin
4c07d11e-2381-851d-e053-ca3ca8c0ca7f,04352,Balbriggan,Dublin
4c07d11e-2382-851d-e053-ca3ca8c0ca7f,32045,Virginia,Cavan
4c07d11e-2383-851d-e053-ca3ca8c0ca7f,32045,Virginia,Cavan
4c07d11e-2384-851d-e053-ca3ca8c0ca7f,32045,Virginia,Cavan
4c07d11e-2385-851d-e053-ca3ca8c0ca7f,32044,Bailieborough,Cavan
4c07d11e-2386-851d-e053-ca3ca8c0ca7f,34024,Carrickmacross,Monaghan
4c07d11e-2387-851d-e053-ca3ca8c0ca7f,34032,Monaghan,Monaghan
4c07d11e-2388-851d-e053-ca3ca8c0ca7f,34032,Monaghan,Monaghan
4c07d11e-238a-851d-e053-ca3ca8c0ca7f,04352,Balbriggan,Dublin
4c07d11e-238b-851d-e053-ca3ca8c0ca7f,04352,Balbriggan,Dublin
4c07d11e-238c-851d-e053-ca3ca8c0ca7f,04352,Balbriggan,Dublin
4c07d11e-238d-851d-e053-ca3ca8c0ca7f,32045,Virginia,Cavan
4c07d11e-238f-851d-e053-ca3ca8c0ca7f,34024,Carrickmacross,Monaghan
4c07d11e-2390-851d-e053-ca3ca8c0ca7f,34024,Carrickmacross,Monaghan
4c07d11e-2391-851d-e053-ca3ca8c0ca7f,32042,Shercock,Cavan
4c07d11e-2392-851d-e053-ca3ca8c0ca7f,32042,Shercock,Cavan
4c07d11e-2393-851d-e053-ca3ca8c0ca7f,34032,Monaghan,Monaghan
4c07d11e-2394-851d-e053-ca3ca8c0ca7f,34032,Monaghan,Monaghan
4c07d11e-2395-851d-e053-ca3ca8c0ca7f,04352,Balbriggan,Dublin
4c07d11e-2397-851d-e053-ca3ca8c0ca7f,04345,Skerries,Dublin
4c07d11e-2399-851d-e053-ca3ca8c0ca7f,11405,Duleek,Meath
4c07d11e-239a-851d-e053-ca3ca8c0ca7f,11405,Duleek,Meath
4c07d11e-239b-851d-e053-ca3ca8c0ca7f,11405,Duleek,Meath
4c07d11e-239c-851d-e053-ca3ca8c0ca7f,32044,Bailieborough,Cavan
4c07d11e-239d-851d-e053-ca3ca8c0ca7f,32052,Ballinagh,Cavan
4c07d11e-239e-851d-e053-ca3ca8c0ca7f,34024,Carrickmacross,Monaghan
4c07d11e-239f-851d-e053-ca3ca8c0ca7f,34024,Carrickmacross,Monaghan
4c07d11e-23a0-851d-e053-ca3ca8c0ca7f,34032,Monaghan,Monaghan
4c07d11e-23a2-851d-e053-ca3ca8c0ca7f,34029,Ballybay,Monaghan
4c07d11e-23a4-851d-e053-ca3ca8c0ca7f,34025,Castleblayney,Monaghan
4c07d11e-23a5-851d-e053-ca3ca8c0ca7f,11405,Duleek,Meath
4c07d11e-23a6-851d-e053-ca3ca8c0ca7f,11405,Duleek,Meath
4c07d11e-23a7-851d-e053-ca3ca8c0ca7f,32052,Ballinagh,Cavan
4c07d11e-23a8-851d-e053-ca3ca8c0ca7f,32052,Ballinagh,Cavan
4c07d11e-23a9-851d-e053-ca3ca8c0ca7f,32050,Cavan,Cavan
4c07d11e-23aa-851d-e053-ca3ca8c0ca7f,32050,Cavan,Cavan
4c07d11e-23ab-851d-e053-ca3ca8c0ca7f,32050,Cavan,Cavan
4c07d11e-23ac-851d-e053-ca3ca8c0ca7f,34024,Carrickmacross,Monaghan
4c07d11e-23ad-851d-e053-ca3ca8c0ca7f,10021,Tallanstown,Louth
4c07d11e-23ae-851d-e053-ca3ca8c0ca7f,10020,Louth,Louth
4c07d11e-23af-851d-e053-ca3ca8c0ca7f,34025,Castleblayney,Monaghan
4c07d11e-23b0-851d-e053-ca3ca8c0ca7f,34029,Ballybay,Monaghan
4c07d11e-23b1-851d-e053-ca3ca8c0ca7f,11405,Duleek,Meath
4c07d11e-23b3-851d-e053-ca3ca8c0ca7f,10009,Drogheda,Louth
4c07d11e-23b4-851d-e053-ca3ca8c0ca7f,10009,Drogheda,Louth
4c07d11e-23b5-851d-e053-ca3ca8c0ca7f,32050,Cavan,Cavan
4c07d11e-23b6-851d-e053-ca3ca8c0ca7f,32050,Cavan,Cavan
4c07d11e-23b7-851d-e053-ca3ca8c0ca7f,32050,Cavan,Cavan
4c07d11e-23b8-851d-e053-ca3ca8c0ca7f,34024,Carrickmacross,Monaghan
4c07d11e-23b9-851d-e053-ca3ca8c0ca7f,28133,Drumkeeran,Leitrim
4c07d11e-23ba-851d-e053-ca3ca8c0ca7f,28136,Dromahair,Leitrim
4c07d11e-23bb-851d-e053-ca3ca8c0ca7f,28134,Manorhamilton,Leitrim
4c07d11e-23bc-851d-e053-ca3ca8c0ca7f,28134,Manorhamilton,Leitrim
4c07d11e-23bd-851d-e053-ca3ca8c0ca7f,34031,Emyvale,Monaghan
4c07d11e-23be-851d-e053-ca3ca8c0ca7f,34031,Emyvale,Monaghan
4c07d11e-23bf-851d-e053-ca3ca8c0ca7f,10009,Drogheda,Louth
4c07d11e-23c0-851d-e053-ca3ca8c0ca7f,10009,Drogheda,Louth
4c07d11e-23c1-851d-e053-ca3ca8c0ca7f,32050,Cavan,Cavan
4c07d11e-23c2-851d-e053-ca3ca8c0ca7f,32050,Cavan,Cavan
4c07d11e-23c3-851d-e053-ca3ca8c0ca7f,32050,Cavan,Cavan
4c07d11e-23c4-851d-e053-ca3ca8c0ca7f,32050,Cavan,Cavan
4c07d11e-23c5-851d-e053-ca3ca8c0ca7f,28134,Manorhamilton,Leitrim
4c07d11e-23c7-851d-e053-ca3ca8c0ca7f,32056,Ballyconnell,Cavan
4c07d11e-23c8-851d-e053-ca3ca8c0ca7f,11408,Ratoath,Meath
4c07d11e-23ca-851d-e053-ca3ca8c0ca7f,10009,Drogheda,Louth
4c07d11e-23cb-851d-e053-ca3ca8c0ca7f,10009,Drogheda,Louth
4c07d11e-23cc-851d-e053-ca3ca8c0ca7f,32050,Cavan,Cavan
4c07d11e-23cd-851d-e053-ca3ca8c0ca7f,32050,Cavan,Cavan
4c07d11e-23ce-851d-e053-ca3ca8c0ca7f,32050,Cavan,Cavan
4c07d11e-23cf-851d-e053-ca3ca8c0ca7f,32050,Cavan,Cavan
4c07d11e-23d0-851d-e053-ca3ca8c0ca7f,32056,Ballyconnell,Cavan
4c07d11e-23d1-851d-e053-ca3ca8c0ca7f,32056,Ballyconnell,Cavan
4c07d11e-23d2-851d-e053-ca3ca8c0ca7f,11408,Ratoath,Meath
4c07d11e-23d3-851d-e053-ca3ca8c0ca7f,11408,Ratoath,Meath
4c07d11e-23d4-851d-e053-ca3ca8c0ca7f,10009,Drogheda,Louth
4c07d11e-23d5-851d-e053-ca3ca8c0ca7f,10009,Drogheda,Louth
4c07d11e-23d6-851d-e053-ca3ca8c0ca7f,32050,Cavan,Cavan
4c07d11e-23d7-851d-e053-ca3ca8c0ca7f,32050,Cavan,Cavan
4c07d11e-23d8-851d-e053-ca3ca8c0ca7f,32056,Ballyconnell,Cavan
4c07d11e-23d9-851d-e053-ca3ca8c0ca7f,32053,Belturbet,Cavan
4c07d11e-23da-851d-e053-ca3ca8c0ca7f,32053,Belturbet,Cavan
4c07d11e-23db-851d-e053-ca3ca8c0ca7f,11408,Ratoath,Meath
4c07d11e-23dc-851d-e053-ca3ca8c0ca7f,11408,Ratoath,Meath
4c07d11e-23dd-851d-e053-ca3ca8c0ca7f,11404,Ashbourne,Meath
4c07d11e-23de-851d-e053-ca3ca8c0ca7f,11404,Ashbourne,Meath
4c07d11e-23e0-851d-e053-ca3ca8c0ca7f,10009,Drogheda,Louth
4c07d11e-23e1-851d-e053-ca3ca8c0ca7f,32049,Ballyhaise,Cavan
4c07d11e-23e2-851d-e053-ca3ca8c0ca7f,32049,Ballyhaise,Cavan
4c07d11e-23e4-851d-e053-ca3ca8c0ca7f,32059,Blacklion,Cavan
4c07d11e-23e5-851d-e053-ca3ca8c0ca7f,28137,Tullaghan,Leitrim
4c07d11e-23e6-851d-e053-ca3ca8c0ca7f,33110,Bundoran,Donegal
4c07d11e-23e7-851d-e053-ca3ca8c0ca7f,33110,Bundoran,Donegal
4c07d11e-23e8-851d-e053-ca3ca8c0ca7f,33110,Bundoran,Donegal
4c07d11e-23ea-851d-e053-ca3ca8c0ca7f,11404,Ashbourne,Meath
4c07d11e-23eb-851d-e053-ca3ca8c0ca7f,11404,Ashbourne,Meath
4c07d11e-23ec-851d-e053-ca3ca8c0ca7f,09235,Longford,Longford
4c07d11e-23ed-851d-e053-ca3ca8c0ca7f,09230,Edgeworthstown,Longford
4c07d11e-23ee-851d-e053-ca3ca8c0ca7f,11427,Athboy,Meath
4c07d11e-23ef-851d-e053-ca3ca8c0ca7f,11427,Athboy,Meath
4c07d11e-23f0-851d-e053-ca3ca8c0ca7f,30252,Boyle,Roscommon
4c07d11e-23f1-851d-e053-ca3ca8c0ca7f,30252,Boyle,Roscommon
4c07d11e-23f2-851d-e053-ca3ca8c0ca7f,30252,Boyle,Roscommon
4c07d11e-23f3-851d-e053-ca3ca8c0ca7f,30252,Boyle,Roscommon
4c07d11e-23f4-851d-e053-ca3ca8c0ca7f,13188,Mullingar,Westmeath
4c07d11e-23f5-851d-e053-ca3ca8c0ca7f,13188,Mullingar,Westmeath
4c07d11e-23f6-851d-e053-ca3ca8c0ca7f,11427,Athboy,Meath
4c07d11e-23f7-851d-e053-ca3ca8c0ca7f,11420,Trim,Meath
4c07d11e-23f8-851d-e053-ca3ca8c0ca7f,11411,Dunshaughlin,Meath
4c07d11e-23f9-851d-e053-ca3ca8c0ca7f,28132,Carrick-On-Shannon,Leitrim
4c07d11e-23fa-851d-e053-ca3ca8c0ca7f,28132,Carrick-On-Shannon,Leitrim
4c07d11e-23fb-851d-e053-ca3ca8c0ca7f,28132,Carrick-On-Shannon,Leitrim
4c07d11e-23fc-851d-e053-ca3ca8c0ca7f,13188,Mullingar,Westmeath
4c07d11e-23fd-851d-e053-ca3ca8c0ca7f,13188,Mullingar,Westmeath
4c07d11e-23fe-851d-e053-ca3ca8c0ca7f,13188,Mullingar,Westmeath
4c07d11e-23ff-851d-e053-ca3ca8c0ca7f,13188,Mullingar,Westmeath
4c07d11e-2400-851d-e053-ca3ca8c0ca7f,11411,Dunshaughlin,Meath
4c07d11e-2401-851d-e053-ca3ca8c0ca7f,11411,Dunshaughlin,Meath
4c07d11e-2402-851d-e053-ca3ca8c0ca7f,28132,Carrick-On-Shannon,Leitrim
4c07d11e-2403-851d-e053-ca3ca8c0ca7f,28132,Carrick-On-Shannon,Leitrim
4c07d11e-2404-851d-e053-ca3ca8c0ca7f,13188,Mullingar,Westmeath
4c07d11e-2405-851d-e053-ca3ca8c0ca7f,13188,Mullingar,Westmeath
4c07d11e-2406-851d-e053-ca3ca8c0ca7f,13188,Mullingar,Westmeath
4c07d11e-2407-851d-e053-ca3ca8c0ca7f,11425,Kells,Meath
4c07d11e-2408-851d-e053-ca3ca8c0ca7f,11416,Navan,Meath
4c07d11e-2409-851d-e053-ca3ca8c0ca7f,11416,Navan,Meath
4c07d11e-240a-851d-e053-ca3ca8c0ca7f,28132,Carrick-On-Shannon,Leitrim
4c07d11e-240b-851d-e053-ca3ca8c0ca7f,28132,Carrick-On-Shannon,Leitrim
4c07d11e-240c-851d-e053-ca3ca8c0ca7f,09234,Drumlish,Longford
4c07d11e-240d-851d-e053-ca3ca8c0ca7f,13188,Mullingar,Westmeath
4c07d11e-240e-851d-e053-ca3ca8c0ca7f,13188,Mullingar,Westmeath
4c07d11e-240f-851d-e053-ca3ca8c0ca7f,13188,Mullingar,Westmeath
4c07d11e-2410-851d-e053-ca3ca8c0ca7f,13188,Mullingar,Westmeath
4c07d11e-2411-851d-e053-ca3ca8c0ca7f,11416,Navan,Meath
4c07d11e-2412-851d-e053-ca3ca8c0ca7f,11416,Navan,Meath
4c07d11e-2413-851d-e053-ca3ca8c0ca7f,11416,Navan,Meath
4c07d11e-2414-851d-e053-ca3ca8c0ca7f,09228,Granard,Longford
4c07d11e-2415-851d-e053-ca3ca8c0ca7f,28126,Mohill,Leitrim
4c07d11e-2417-851d-e053-ca3ca8c0ca7f,13188,Mullingar,Westmeath
4c07d11e-2418-851d-e053-ca3ca8c0ca7f,13188,Mullingar,Westmeath
4c07d11e-2419-851d-e053-ca3ca8c0ca7f,13188,Mullingar,Westmeath
4c07d11e-241a-851d-e053-ca3ca8c0ca7f,13188,Mullingar,Westmeath
4c07d11e-241b-851d-e053-ca3ca8c0ca7f,11416,Navan,Meath
4c07d11e-241c-851d-e053-ca3ca8c0ca7f,11416,Navan,Meath
4c07d11e-241d-851d-e053-ca3ca8c0ca7f,11416,Navan,Meath
4c07d11e-241e-851d-e053-ca3ca8c0ca7f,13188,Mullingar,Westmeath
4c07d11e-241f-851d-e053-ca3ca8c0ca7f,13188,Mullingar,Westmeath
4c07d11e-2420-851d-e053-ca3ca8c0ca7f,13188,Mullingar,Westmeath
4c07d11e-2421-851d-e053-ca3ca8c0ca7f,13188,Mullingar,Westmeath
4c07d11e-2422-851d-e053-ca3ca8c0ca7f,13188,Mullingar,Westmeath
4c07d11e-2423-851d-e053-ca3ca8c0ca7f,11416,Navan,Meath
4c07d11e-2424-851d-e053-ca3ca8c0ca7f,11416,Navan,Meath
4c07d11e-2425-851d-e053-ca3ca8c0ca7f,11416,Navan,Meath
4c07d11e-2426-851d-e053-ca3ca8c0ca7f,13188,Mullingar,Westmeath
4c07d11e-2427-851d-e053-ca3ca8c0ca7f,13188,Mullingar,Westmeath
4c07d11e-2428-851d-e053-ca3ca8c0ca7f,13188,Mullingar,Westmeath
4c07d11e-2429-851d-e053-ca3ca8c0ca7f,13188,Mullingar,Westmeath
4c07d11e-242a-851d-e053-ca3ca8c0ca7f,13188,Mullingar,Westmeath
4c07d11e-242b-851d-e053-ca3ca8c0ca7f,11416,Navan,Meath
4c07d11e-242c-851d-e053-ca3ca8c0ca7f,11416,Navan,Meath
4c07d11e-242d-851d-e053-ca3ca8c0ca7f,11416,Navan,Meath
4c07d11e-242e-851d-e053-ca3ca8c0ca7f,13188,Mullingar,Westmeath
4c07d11e-242f-851d-e053-ca3ca8c0ca7f,13188,Mullingar,Westmeath
4c07d11e-2430-851d-e053-ca3ca8c0ca7f,13188,Mullingar,Westmeath
4c07d11e-2431-851d-e053-ca3ca8c0ca7f,13188,Mullingar,Westmeath
4c07d11e-2432-851d-e053-ca3ca8c0ca7f,13188,Mullingar,Westmeath
4c07d11e-2433-851d-e053-ca3ca8c0ca7f,13188,Mullingar,Westmeath
4c07d11e-2434-851d-e053-ca3ca8c0ca7f,13188,Mullingar,Westmeath
4c07d11e-2435-851d-e053-ca3ca8c0ca7f,11416,Navan,Meath
4c07d11e-2436-851d-e053-ca3ca8c0ca7f,11416,Navan,Meath
4c07d11e-2437-851d-e053-ca3ca8c0ca7f,11416,Navan,Meath
4c07d11e-2438-851d-e053-ca3ca8c0ca7f,13188,Mullingar,Westmeath
4c07d11e-2439-851d-e053-ca3ca8c0ca7f,13188,Mullingar,Westmeath
4c07d11e-243a-851d-e053-ca3ca8c0ca7f,13188,Mullingar,Westmeath
4c07d11e-243b-851d-e053-ca3ca8c0ca7f,13188,Mullingar,Westmeath
4c07d11e-243c-851d-e053-ca3ca8c0ca7f,13184,Killucan-Rathwire,Westmeath
4c07d11e-243d-851d-e053-ca3ca8c0ca7f,13186,Castlepollard,Westmeath
4c07d11e-243e-851d-e053-ca3ca8c0ca7f,11432,Oldcastle,Meath
4c07d11e-243f-851d-e053-ca3ca8c0ca7f,11411,Dunshaughlin,Meath
4c07d11e-2440-851d-e053-ca3ca8c0ca7f,11411,Dunshaughlin,Meath
4c07d11e-2441-851d-e053-ca3ca8c0ca7f,13188,Mullingar,Westmeath
4c07d11e-2442-851d-e053-ca3ca8c0ca7f,13188,Mullingar,Westmeath
4c07d11e-2443-851d-e053-ca3ca8c0ca7f,13188,Mullingar,Westmeath
4c07d11e-2444-851d-e053-ca3ca8c0ca7f,11429,Ballivor,Meath
4c07d11e-2445-851d-e053-ca3ca8c0ca7f,11429,Ballivor,Meath
4c07d11e-2446-851d-e053-ca3ca8c0ca7f,11429,Ballivor,Meath
4c07d11e-2447-851d-e053-ca3ca8c0ca7f,11411,Dunshaughlin,Meath
4c07d11e-2448-851d-e053-ca3ca8c0ca7f,11425,Kells,Meath
4c07d11e-2449-851d-e053-ca3ca8c0ca7f,11425,Kells,Meath
4c07d11e-244a-851d-e053-ca3ca8c0ca7f,09233,Ballymahon,Longford
4c07d11e-244b-851d-e053-ca3ca8c0ca7f,09236,Keenagh,Longford
4c07d11e-244c-851d-e053-ca3ca8c0ca7f,09235,Longford,Longford
4c07d11e-244d-851d-e053-ca3ca8c0ca7f,09235,Longford,Longford
4c07d11e-244e-851d-e053-ca3ca8c0ca7f,11420,Trim,Meath
4c07d11e-244f-851d-e053-ca3ca8c0ca7f,11420,Trim,Meath
4c07d11e-2450-851d-e053-ca3ca8c0ca7f,11420,Trim,Meath
4c07d11e-2451-851d-e053-ca3ca8c0ca7f,11425,Kells,Meath
4c07d11e-2452-851d-e053-ca3ca8c0ca7f,11425,Kells,Meath
4c07d11e-2453-851d-e053-ca3ca8c0ca7f,11425,Kells,Meath
4c07d11e-2454-851d-e053-ca3ca8c0ca7f,09235,Longford,Longford
4c07d11e-2455-851d-e053-ca3ca8c0ca7f,09235,Longford,Longford
4c07d11e-2456-851d-e053-ca3ca8c0ca7f,09235,Longford,Longford
4c07d11e-2457-851d-e053-ca3ca8c0ca7f,09235,Longford,Longford
4c07d11e-2458-851d-e053-ca3ca8c0ca7f,11420,Trim,Meath
4c07d11e-2459-851d-e053-ca3ca8c0ca7f,11420,Trim,Meath
4c07d11e-245a-851d-e053-ca3ca8c0ca7f,11420,Trim,Meath
4c07d11e-245b-851d-e053-ca3ca8c0ca7f,11425,Kells,Meath
4c07d11e-245c-851d-e053-ca3ca8c0ca7f,11425,Kells,Meath
4c07d11e-245d-851d-e053-ca3ca8c0ca7f,11425,Kells,Meath
4c07d11e-245e-851d-e053-ca3ca8c0ca7f,09235,Longford,Longford
4c07d11e-245f-851d-e053-ca3ca8c0ca7f,09235,Longford,Longford
4c07d11e-2460-851d-e053-ca3ca8c0ca7f,09235,Longford,Longford
4c07d11e-2461-851d-e053-ca3ca8c0ca7f,09235,Longford,Longford
4c07d11e-2462-851d-e053-ca3ca8c0ca7f,11420,Trim,Meath
4c07d11e-2463-851d-e053-ca3ca8c0ca7f,11420,Trim,Meath
4c07d11e-2464-851d-e053-ca3ca8c0ca7f,11420,Trim,Meath
4c07d11e-2465-851d-e053-ca3ca8c0ca7f,11425,Kells,Meath
4c07d11e-2466-851d-e053-ca3ca8c0ca7f,11425,Kells,Meath
4c07d11e-2467-851d-e053-ca3ca8c0ca7f,11425,Kells,Meath
4c07d11e-2468-851d-e053-ca3ca8c0ca7f,09235,Longford,Longford
4c07d11e-2469-851d-e053-ca3ca8c0ca7f,09235,Longford,Longford
4c07d11e-246a-851d-e053-ca3ca8c0ca7f,09235,Longford,Longford
4c07d11e-246b-851d-e053-ca3ca8c0ca7f,11420,Trim,Meath
4c07d11e-246c-851d-e053-ca3ca8c0ca7f,11420,Trim,Meath
4c07d11e-246d-851d-e053-ca3ca8c0ca7f,11420,Trim,Meath
4c07d11e-246e-851d-e053-ca3ca8c0ca7f,11420,Trim,Meath
4c07d11e-246f-851d-e053-ca3ca8c0ca7f,09230,Edgeworthstown,Longford
4c07d11e-2470-851d-e053-ca3ca8c0ca7f,09230,Edgeworthstown,Longford
4c07d11e-2471-851d-e053-ca3ca8c0ca7f,09230,Edgeworthstown,Longford
4c07d11e-2472-851d-e053-ca3ca8c0ca7f,30244,Strokestown,Roscommon
4c07d11e-2473-851d-e053-ca3ca8c0ca7f,09235,Longford,Longford
4c07d11e-2474-851d-e053-ca3ca8c0ca7f,09235,Longford,Longford
4c07d11e-2475-851d-e053-ca3ca8c0ca7f,09235,Longford,Longford
4c07d11e-2476-851d-e053-ca3ca8c0ca7f,09235,Longford,Longford
4c07d11e-2477-851d-e053-ca3ca8c0ca7f,09235,Longford,Longford
4c07d11e-2478-851d-e053-ca3ca8c0ca7f,11420,Trim,Meath
4c07d11e-247a-851d-e053-ca3ca8c0ca7f,11426,Kildalkey,Meath
4c07d11e-247b-851d-e053-ca3ca8c0ca7f,30240,Roosky,Roscommon
4c07d11e-247c-851d-e053-ca3ca8c0ca7f,28127,Drumod,Leitrim
4c07d11e-247d-851d-e053-ca3ca8c0ca7f,30252,Boyle,Roscommon
4c07d11e-247e-851d-e053-ca3ca8c0ca7f,30252,Boyle,Roscommon
4c07d11e-247f-851d-e053-ca3ca8c0ca7f,09235,Longford,Longford
4c07d11e-2480-851d-e053-ca3ca8c0ca7f,09235,Longford,Longford
4c07d11e-2481-851d-e053-ca3ca8c0ca7f,09235,Longford,Longford
4c07d11e-2482-851d-e053-ca3ca8c0ca7f,18753,Carrigaline,Cork
4c07d11e-2483-851d-e053-ca3ca8c0ca7f,17364,Cork city and suburbs,Cork
4c07d11e-2484-851d-e053-ca3ca8c0ca7f,17364,Cork city and suburbs,Cork
4c07d11e-2485-851d-e053-ca3ca8c0ca7f,17364,Cork city and suburbs,Cork
4c07d11e-2486-851d-e053-ca3ca8c0ca7f,17364,Cork city and suburbs,Cork
4c07d11e-2487-851d-e053-ca3ca8c0ca7f,17364,Cork city and suburbs,Cork
4c07d11e-2488-851d-e053-ca3ca8c0ca7f,17364,Cork city and suburbs,Cork
4c07d11e-2489-851d-e053-ca3ca8c0ca7f,17364,Cork city and suburbs,Cork
4c07d11e-248a-851d-e053-ca3ca8c0ca7f,17364,Cork city and suburbs,Cork
4c07d11e-248b-851d-e053-ca3ca8c0ca7f,17364,Cork city and suburbs,Cork
4c07d11e-248c-851d-e053-ca3ca8c0ca7f,17364,Cork city and suburbs,Cork
4c07d11e-248d-851d-e053-ca3ca8c0ca7f,17364,Cork city and suburbs,Cork
4c07d11e-248e-851d-e053-ca3ca8c0ca7f,17364,Cork city and suburbs,Cork
4c07d11e-248f-851d-e053-ca3ca8c0ca7f,17364,Cork city and suburbs,Cork
4c07d11e-2490-851d-e053-ca3ca8c0ca7f,17364,Cork city and suburbs,Cork
4c07d11e-2491-851d-e053-ca3ca8c0ca7f,17364,Cork city and suburbs,Cork
4c07d11e-2492-851d-e053-ca3ca8c0ca7f,17364,Cork city and suburbs,Cork
4c07d11e-2493-851d-e053-ca3ca8c0ca7f,17364,Cork city and suburbs,Cork
4c07d11e-2494-851d-e053-ca3ca8c0ca7f,17364,Cork city and suburbs,Cork
4c07d11e-2495-851d-e053-ca3ca8c0ca7f,17364,Cork city and suburbs,Cork
4c07d11e-2496-851d-e053-ca3ca8c0ca7f,17364,Cork city and suburbs,Cork
4c07d11e-2497-851d-e053-ca3ca8c0ca7f,17364,Cork city and suburbs,Cork
4c07d11e-2498-851d-e053-ca3ca8c0ca7f,17364,Cork city and suburbs,Cork
4c07d11e-2499-851d-e053-ca3ca8c0ca7f,17364,Cork city and suburbs,Cork
4c07d11e-249a-851d-e053-ca3ca8c0ca7f,17364,Cork city and suburbs,Cork
4c07d11e-249b-851d-e053-ca3ca8c0ca7f,17364,Cork city and suburbs,Cork
4c07d11e-249c-851d-e053-ca3ca8c0ca7f,17364,Cork city and suburbs,Cork
4c07d11e-249d-851d-e053-ca3ca8c0ca7f,17364,Cork city and suburbs,Cork
4c07d11e-249e-851d-e053-ca3ca8c0ca7f,17364,Cork city and suburbs,Cork
4c07d11e-249f-851d-e053-ca3ca8c0ca7f,17364,Cork city and suburbs,Cork
4c07d11e-24a0-851d-e053-ca3ca8c0ca7f,17364,Cork city and suburbs,Cork
4c07d11e-24a1-851d-e053-ca3ca8c0ca7f,17364,Cork city and suburbs,Cork
4c07d11e-24a2-851d-e053-ca3ca8c0ca7f,17364,Cork city and suburbs,Cork
4c07d11e-24a3-851d-e053-ca3ca8c0ca7f,17364,Cork city and suburbs,Cork
4c07d11e-24a4-851d-e053-ca3ca8c0ca7f,17364,Cork city and suburbs,Cork
4c07d11e-24a5-851d-e053-ca3ca8c0ca7f,17364,Cork city and suburbs,Cork
4c07d11e-24a6-851d-e053-ca3ca8c0ca7f,17364,Cork city and suburbs,Cork
4c07d11e-24a7-851d-e053-ca3ca8c0ca7f,17364,Cork city and suburbs,Cork
4c07d11e-24a8-851d-e053-ca3ca8c0ca7f,17364,Cork city and suburbs,Cork
4c07d11e-24a9-851d-e053-ca3ca8c0ca7f,17364,Cork city and suburbs,Cork
4c07d11e-24aa-851d-e053-ca3ca8c0ca7f,17364,Cork city and suburbs,Cork
4c07d11e-24ab-851d-e053-ca3ca8c0ca7f,17364,Cork city and suburbs,Cork
4c07d11e-24ac-851d-e053-ca3ca8c0ca7f,17364,Cork city and suburbs,Cork
4c07d11e-24ad-851d-e053-ca3ca8c0ca7f,17364,Cork city and suburbs,Cork
4c07d11e-24ae-851d-e053-ca3ca8c0ca7f,17364,Cork city and suburbs,Cork
4c07d11e-24af-851d-e053-ca3ca8c0ca7f,17364,Cork city and suburbs,Cork
4c07d11e-24b0-851d-e053-ca3ca8c0ca7f,17364,Cork city and suburbs,Cork
4c07d11e-24b1-851d-e053-ca3ca8c0ca7f,17364,Cork city and suburbs,Cork
4c07d11e-24b2-851d-e053-ca3ca8c0ca7f,17364,Cork city and suburbs,Cork
4c07d11e-24b3-851d-e053-ca3ca8c0ca7f,17364,Cork city and suburbs,Cork
4c07d11e-24b4-851d-e053-ca3ca8c0ca7f,17364,Cork city and suburbs,Cork
4c07d11e-24b5-851d-e053-ca3ca8c0ca7f,17364,Cork city and suburbs,Cork
4c07d11e-24b6-851d-e053-ca3ca8c0ca7f,17364,Cork city and suburbs,Cork
4c07d11e-24b7-851d-e053-ca3ca8c0ca7f,17364,Cork city and suburbs,Cork
4c07d11e-24b8-851d-e053-ca3ca8c0ca7f,17364,Cork city and suburbs,Cork
4c07d11e-24b9-851d-e053-ca3ca8c0ca7f,17364,Cork city and suburbs,Cork
4c07d11e-24ba-851d-e053-ca3ca8c0ca7f,17364,Cork city and suburbs,Cork
4c07d11e-24bb-851d-e053-ca3ca8c0ca7f,17364,Cork city and suburbs,Cork
4c07d11e-24bc-851d-e053-ca3ca8c0ca7f,17364,Cork city and suburbs,Cork
4c07d11e-24bd-851d-e053-ca3ca8c0ca7f,17365,Blarney,Cork
4c07d11e-24be-851d-e053-ca3ca8c0ca7f,17365,Blarney,Cork
4c07d11e-24bf-851d-e053-ca3ca8c0ca7f,17364,Cork city and suburbs,Cork
4c07d11e-24c0-851d-e053-ca3ca8c0ca7f,17364,Cork city and suburbs,Cork
4c07d11e-24c1-851d-e053-ca3ca8c0ca7f,17364,Cork city and suburbs,Cork
4c07d11e-24c2-851d-e053-ca3ca8c0ca7f,17364,Cork city and suburbs,Cork
4c07d11e-24c3-851d-e053-ca3ca8c0ca7f,17364,Cork city and suburbs,Cork
4c07d11e-24c4-851d-e053-ca3ca8c0ca7f,17364,Cork city and suburbs,Cork
4c07d11e-24c5-851d-e053-ca3ca8c0ca7f,17364,Cork city and suburbs,Cork
4c07d11e-24c6-851d-e053-ca3ca8c0ca7f,17364,Cork city and suburbs,Cork
4c07d11e-24c7-851d-e053-ca3ca8c0ca7f,17364,Cork city and suburbs,Cork
4c07d11e-24c8-851d-e053-ca3ca8c0ca7f,17364,Cork city and suburbs,Cork
4c07d11e-24c9-851d-e053-ca3ca8c0ca7f,17364,Cork city and suburbs,Cork
4c07d11e-24ca-851d-e053-ca3ca8c0ca7f,17364,Cork city and suburbs,Cork
4c07d11e-24cb-851d-e053-ca3ca8c0ca7f,17364,Cork city and suburbs,Cork
4c07d11e-24cc-851d-e053-ca3ca8c0ca7f,17364,Cork city and suburbs,Cork
4c07d11e-24cd-851d-e053-ca3ca8c0ca7f,17364,Cork city and suburbs,Cork
4c07d11e-24ce-851d-e053-ca3ca8c0ca7f,17364,Cork city and suburbs,Cork
4c07d11e-24cf-851d-e053-ca3ca8c0ca7f,17364,Cork city and suburbs,Cork
4c07d11e-24d0-851d-e053-ca3ca8c0ca7f,17364,Cork city and suburbs,Cork
4c07d11e-24d1-851d-e053-ca3ca8c0ca7f,17364,Cork city and suburbs,Cork
4c07d11e-24d2-851d-e053-ca3ca8c0ca7f,17364,Cork city and suburbs,Cork
4c07d11e-24d3-851d-e053-ca3ca8c0ca7f,17364,Cork city and suburbs,Cork
4c07d11e-24d4-851d-e053-ca3ca8c0ca7f,17364,Cork city and suburbs,Cork
4c07d11e-24d5-851d-e053-ca3ca8c0ca7f,17364,Cork city and suburbs,Cork
4c07d11e-24d6-851d-e053-ca3ca8c0ca7f,17364,Cork city and suburbs,Cork
4c07d11e-24d7-851d-e053-ca3ca8c0ca7f,17364,Cork city and suburbs,Cork
4c07d11e-24d8-851d-e053-ca3ca8c0ca7f,17364,Cork city and suburbs,Cork
4c07d11e-24d9-851d-e053-ca3ca8c0ca7f,17364,Cork city and suburbs,Cork
4c07d11e-24da-851d-e053-ca3ca8c0ca7f,17364,Cork city and suburbs,Cork
4c07d11e-24db-851d-e053-ca3ca8c0ca7f,17364,Cork city and suburbs,Cork
4c07d11e-24dc-851d-e053-ca3ca8c0ca7f,17364,Cork city and suburbs,Cork
4c07d11e-24dd-851d-e053-ca3ca8c0ca7f,17364,Cork city and suburbs,Cork
4c07d11e-24de-851d-e053-ca3ca8c0ca7f,17364,Cork city and suburbs,Cork
4c07d11e-24df-851d-e053-ca3ca8c0ca7f,17364,Cork city and suburbs,Cork
4c07d11e-24e0-851d-e053-ca3ca8c0ca7f,17364,Cork city and suburbs,Cork
4c07d11e-24e1-851d-e053-ca3ca8c0ca7f,17364,Cork city and suburbs,Cork
4c07d11e-24e2-851d-e053-ca3ca8c0ca7f,17364,Cork city and suburbs,Cork
4c07d11e-24e3-851d-e053-ca3ca8c0ca7f,17364,Cork city and suburbs,Cork
4c07d11e-24e4-851d-e053-ca3ca8c0ca7f,17364,Cork city and suburbs,Cork
4c07d11e-24e5-851d-e053-ca3ca8c0ca7f,17364,Cork city and suburbs,Cork
4c07d11e-24e6-851d-e053-ca3ca8c0ca7f,17364,Cork city and suburbs,Cork
4c07d11e-24e7-851d-e053-ca3ca8c0ca7f,17364,Cork city and suburbs,Cork
4c07d11e-24e8-851d-e053-ca3ca8c0ca7f,17364,Cork city and suburbs,Cork
4c07d11e-24e9-851d-e053-ca3ca8c0ca7f,17364,Cork city and suburbs,Cork
4c07d11e-24ea-851d-e053-ca3ca8c0ca7f,17364,Cork city and suburbs,Cork
4c07d11e-24eb-851d-e053-ca3ca8c0ca7f,17364,Cork city and suburbs,Cork
4c07d11e-24ec-851d-e053-ca3ca8c0ca7f,17364,Cork city and suburbs,Cork
4c07d11e-24ed-851d-e053-ca3ca8c0ca7f,17364,Cork city and suburbs,Cork
4c07d11e-24ee-851d-e053-ca3ca8c0ca7f,17364,Cork city and suburbs,Cork
4c07d11e-24ef-851d-e053-ca3ca8c0ca7f,17364,Cork city and suburbs,Cork
4c07d11e-24f0-851d-e053-ca3ca8c0ca7f,17364,Cork city and suburbs,Cork
4c07d11e-24f1-851d-e053-ca3ca8c0ca7f,17364,Cork city and suburbs,Cork
4c07d11e-24f2-851d-e053-ca3ca8c0ca7f,17364,Cork city and suburbs,Cork
4c07d11e-24f3-851d-e053-ca3ca8c0ca7f,17364,Cork city and suburbs,Cork
4c07d11e-24f4-851d-e053-ca3ca8c0ca7f,17364,Cork city and suburbs,Cork
4c07d11e-24f5-851d-e053-ca3ca8c0ca7f,17364,Cork city and suburbs,Cork
4c07d11e-24f6-851d-e053-ca3ca8c0ca7f,17364,Cork city and suburbs,Cork
4c07d11e-24f7-851d-e053-ca3ca8c0ca7f,17364,Cork city and suburbs,Cork
4c07d11e-24f8-851d-e053-ca3ca8c0ca7f,17364,Cork city and suburbs,Cork
4c07d11e-24f9-851d-e053-ca3ca8c0ca7f,17364,Cork city and suburbs,Cork
4c07d11e-24fa-851d-e053-ca3ca8c0ca7f,17364,Cork city and suburbs,Cork
4c07d11e-24fb-851d-e053-ca3ca8c0ca7f,17364,Cork city and suburbs,Cork
4c07d11e-24fc-851d-e053-ca3ca8c0ca7f,17364,Cork city and suburbs,Cork
4c07d11e-24fd-851d-e053-ca3ca8c0ca7f,17364,Cork city and suburbs,Cork
4c07d11e-24fe-851d-e053-ca3ca8c0ca7f,17364,Cork city and suburbs,Cork
4c07d11e-24ff-851d-e053-ca3ca8c0ca7f,17364,Cork city and suburbs,Cork
4c07d11e-2500-851d-e053-ca3ca8c0ca7f,17364,Cork city and suburbs,Cork
4c07d11e-2501-851d-e053-ca3ca8c0ca7f,17364,Cork city and suburbs,Cork
4c07d11e-2502-851d-e053-ca3ca8c0ca7f,17364,Cork city and suburbs,Cork
4c07d11e-2503-851d-e053-ca3ca8c0ca7f,17364,Cork city and suburbs,Cork
4c07d11e-2504-851d-e053-ca3ca8c0ca7f,17364,Cork city and suburbs,Cork
4c07d11e-2505-851d-e053-ca3ca8c0ca7f,17364,Cork city and suburbs,Cork
4c07d11e-2506-851d-e053-ca3ca8c0ca7f,17364,Cork city and suburbs,Cork
4c07d11e-2507-851d-e053-ca3ca8c0ca7f,17364,Cork city and suburbs,Cork
4c07d11e-2508-851d-e053-ca3ca8c0ca7f,17364,Cork city and suburbs,Cork
4c07d11e-2509-851d-e053-ca3ca8c0ca7f,17364,Cork city and suburbs,Cork
4c07d11e-250a-851d-e053-ca3ca8c0ca7f,17364,Cork city and suburbs,Cork
4c07d11e-250b-851d-e053-ca3ca8c0ca7f,17364,Cork city and suburbs,Cork
4c07d11e-250c-851d-e053-ca3ca8c0ca7f,17364,Cork city and suburbs,Cork
4c07d11e-250d-851d-e053-ca3ca8c0ca7f,17364,Cork city and suburbs,Cork
4c07d11e-250e-851d-e053-ca3ca8c0ca7f,17364,Cork city and suburbs,Cork
4c07d11e-250f-851d-e053-ca3ca8c0ca7f,17364,Cork city and suburbs,Cork
4c07d11e-2510-851d-e053-ca3ca8c0ca7f,17364,Cork city and suburbs,Cork
4c07d11e-2511-851d-e053-ca3ca8c0ca7f,17364,Cork city and suburbs,Cork
4c07d11e-2512-851d-e053-ca3ca8c0ca7f,17364,Cork city and suburbs,Cork
4c07d11e-2513-851d-e053-ca3ca8c0ca7f,17364,Cork city and suburbs,Cork
4c07d11e-2514-851d-e053-ca3ca8c0ca7f,17364,Cork city and suburbs,Cork
4c07d11e-2515-851d-e053-ca3ca8c0ca7f,17364,Cork city and suburbs,Cork
4c07d11e-2516-851d-e053-ca3ca8c0ca7f,17364,Cork city and suburbs,Cork
4c07d11e-2517-851d-e053-ca3ca8c0ca7f,17364,Cork city and suburbs,Cork
4c07d11e-2518-851d-e053-ca3ca8c0ca7f,17364,Cork city and suburbs,Cork
4c07d11e-2519-851d-e053-ca3ca8c0ca7f,17364,Cork city and suburbs,Cork
4c07d11e-251a-851d-e053-ca3ca8c0ca7f,17364,Cork city and suburbs,Cork
4c07d11e-251b-851d-e053-ca3ca8c0ca7f,17364,Cork city and suburbs,Cork
4c07d11e-251c-851d-e053-ca3ca8c0ca7f,17364,Cork city and suburbs,Cork
4c07d11e-251d-851d-e053-ca3ca8c0ca7f,17364,Cork city and suburbs,Cork
4c07d11e-251e-851d-e053-ca3ca8c0ca7f,17364,Cork city and suburbs,Cork
4c07d11e-251f-851d-e053-ca3ca8c0ca7f,17364,Cork city and suburbs,Cork
4c07d11e-2520-851d-e053-ca3ca8c0ca7f,17364,Cork city and suburbs,Cork
4c07d11e-2521-851d-e053-ca3ca8c0ca7f,17364,Cork city and suburbs,Cork
4c07d11e-2522-851d-e053-ca3ca8c0ca7f,17364,Cork city and suburbs,Cork
4c07d11e-2523-851d-e053-ca3ca8c0ca7f,17364,Cork city and suburbs,Cork
4c07d11e-2524-851d-e053-ca3ca8c0ca7f,17364,Cork city and suburbs,Cork
4c07d11e-2525-851d-e053-ca3ca8c0ca7f,17364,Cork city and suburbs,Cork
4c07d11e-2526-851d-e053-ca3ca8c0ca7f,17364,Cork city and suburbs,Cork
4c07d11e-2527-851d-e053-ca3ca8c0ca7f,17364,Cork city and suburbs,Cork
4c07d11e-2528-851d-e053-ca3ca8c0ca7f,17364,Cork city and suburbs,Cork
4c07d11e-2529-851d-e053-ca3ca8c0ca7f,17364,Cork city and suburbs,Cork
4c07d11e-252a-851d-e053-ca3ca8c0ca7f,17364,Cork city and suburbs,Cork
4c07d11e-252b-851d-e053-ca3ca8c0ca7f,17364,Cork city and suburbs,Cork
4c07d11e-252c-851d-e053-ca3ca8c0ca7f,17364,Cork city and suburbs,Cork
4c07d11e-252d-851d-e053-ca3ca8c0ca7f,17364,Cork city and suburbs,Cork
4c07d11e-252e-851d-e053-ca3ca8c0ca7f,17364,Cork city and suburbs,Cork
4c07d11e-252f-851d-e053-ca3ca8c0ca7f,17364,Cork city and suburbs,Cork
4c07d11e-2530-851d-e053-ca3ca8c0ca7f,17364,Cork city and suburbs,Cork
4c07d11e-2531-851d-e053-ca3ca8c0ca7f,17364,Cork city and suburbs,Cork
4c07d11e-2532-851d-e053-ca3ca8c0ca7f,17364,Cork city and suburbs,Cork
4c07d11e-2533-851d-e053-ca3ca8c0ca7f,17364,Cork city and suburbs,Cork
4c07d11e-2534-851d-e053-ca3ca8c0ca7f,17364,Cork city and suburbs,Cork
4c07d11e-2535-851d-e053-ca3ca8c0ca7f,17364,Cork city and suburbs,Cork
4c07d11e-2536-851d-e053-ca3ca8c0ca7f,17364,Cork city and suburbs,Cork
4c07d11e-2537-851d-e053-ca3ca8c0ca7f,17364,Cork city and suburbs,Cork
4c07d11e-2538-851d-e053-ca3ca8c0ca7f,17364,Cork city and suburbs,Cork
4c07d11e-2539-851d-e053-ca3ca8c0ca7f,17364,Cork city and suburbs,Cork
4c07d11e-253a-851d-e053-ca3ca8c0ca7f,17364,Cork city and suburbs,Cork
4c07d11e-253b-851d-e053-ca3ca8c0ca7f,17364,Cork city and suburbs,Cork
4c07d11e-253c-851d-e053-ca3ca8c0ca7f,17364,Cork city and suburbs,Cork
4c07d11e-253d-851d-e053-ca3ca8c0ca7f,17364,Cork city and suburbs,Cork
4c07d11e-253e-851d-e053-ca3ca8c0ca7f,17364,Cork city and suburbs,Cork
4c07d11e-253f-851d-e053-ca3ca8c0ca7f,17364,Cork city and suburbs,Cork
4c07d11e-2540-851d-e053-ca3ca8c0ca7f,17364,Cork city and suburbs,Cork
4c07d11e-2541-851d-e053-ca3ca8c0ca7f,17364,Cork city and suburbs,Cork
4c07d11e-2542-851d-e053-ca3ca8c0ca7f,17364,Cork city and suburbs,Cork
4c07d11e-2543-851d-e053-ca3ca8c0ca7f,17364,Cork city and suburbs,Cork
4c07d11e-2544-851d-e053-ca3ca8c0ca7f,17364,Cork city and suburbs,Cork
4c07d11e-2545-851d-e053-ca3ca8c0ca7f,17364,Cork city and suburbs,Cork
4c07d11e-2546-851d-e053-ca3ca8c0ca7f,17364,Cork city and suburbs,Cork
4c07d11e-2547-851d-e053-ca3ca8c0ca7f,17364,Cork city and suburbs,Cork
4c07d11e-2548-851d-e053-ca3ca8c0ca7f,17364,Cork city and suburbs,Cork
4c07d11e-2549-851d-e053-ca3ca8c0ca7f,17364,Cork city and suburbs,Cork
4c07d11e-254a-851d-e053-ca3ca8c0ca7f,17364,Cork city and suburbs,Cork
4c07d11e-254b-851d-e053-ca3ca8c0ca7f,17364,Cork city and suburbs,Cork
4c07d11e-254c-851d-e053-ca3ca8c0ca7f,17364,Cork city and suburbs,Cork
4c07d11e-254d-851d-e053-ca3ca8c0ca7f,17364,Cork city and suburbs,Cork
4c07d11e-254e-851d-e053-ca3ca8c0ca7f,17364,Cork city and suburbs,Cork
4c07d11e-254f-851d-e053-ca3ca8c0ca7f,17364,Cork city and suburbs,Cork
4c07d11e-2550-851d-e053-ca3ca8c0ca7f,17364,Cork city and suburbs,Cork
4c07d11e-2551-851d-e053-ca3ca8c0ca7f,17364,Cork city and suburbs,Cork
4c07d11e-2552-851d-e053-ca3ca8c0ca7f,17364,Cork city and suburbs,Cork
4c07d11e-2553-851d-e053-ca3ca8c0ca7f,17364,Cork city and suburbs,Cork
4c07d11e-2554-851d-e053-ca3ca8c0ca7f,17364,Cork city and suburbs,Cork
4c07d11e-2555-851d-e053-ca3ca8c0ca7f,17364,Cork city and suburbs,Cork
4c07d11e-2556-851d-e053-ca3ca8c0ca7f,17364,Cork city and suburbs,Cork
4c07d11e-2557-851d-e053-ca3ca8c0ca7f,17364,Cork city and suburbs,Cork
4c07d11e-2558-851d-e053-ca3ca8c0ca7f,17364,Cork city and suburbs,Cork
4c07d11e-2559-851d-e053-ca3ca8c0ca7f,17364,Cork city and suburbs,Cork
4c07d11e-255a-851d-e053-ca3ca8c0ca7f,17364,Cork city and suburbs,Cork
4c07d11e-255b-851d-e053-ca3ca8c0ca7f,17364,Cork city and suburbs,Cork
4c07d11e-255c-851d-e053-ca3ca8c0ca7f,17364,Cork city and suburbs,Cork
4c07d11e-255d-851d-e053-ca3ca8c0ca7f,17364,Cork city and suburbs,Cork
4c07d11e-255e-851d-e053-ca3ca8c0ca7f,17364,Cork city and suburbs,Cork
4c07d11e-255f-851d-e053-ca3ca8c0ca7f,17364,Cork city and suburbs,Cork
4c07d11e-2560-851d-e053-ca3ca8c0ca7f,17364,Cork city and suburbs,Cork
4c07d11e-2561-851d-e053-ca3ca8c0ca7f,17364,Cork city and suburbs,Cork
4c07d11e-2562-851d-e053-ca3ca8c0ca7f,17364,Cork city and suburbs,Cork
4c07d11e-2563-851d-e053-ca3ca8c0ca7f,17364,Cork city and suburbs,Cork
4c07d11e-2564-851d-e053-ca3ca8c0ca7f,17364,Cork city and suburbs,Cork
4c07d11e-2565-851d-e053-ca3ca8c0ca7f,17364,Cork city and suburbs,Cork
4c07d11e-2566-851d-e053-ca3ca8c0ca7f,17364,Cork city and suburbs,Cork
4c07d11e-2567-851d-e053-ca3ca8c0ca7f,17364,Cork city and suburbs,Cork
4c07d11e-2568-851d-e053-ca3ca8c0ca7f,17364,Cork city and suburbs,Cork
4c07d11e-2569-851d-e053-ca3ca8c0ca7f,17364,Cork city and suburbs,Cork
4c07d11e-256a-851d-e053-ca3ca8c0ca7f,17364,Cork city and suburbs,Cork
4c07d11e-256b-851d-e053-ca3ca8c0ca7f,17364,Cork city and suburbs,Cork
4c07d11e-256c-851d-e053-ca3ca8c0ca7f,17364,Cork city and suburbs,Cork
4c07d11e-256d-851d-e053-ca3ca8c0ca7f,17364,Cork city and suburbs,Cork
4c07d11e-256e-851d-e053-ca3ca8c0ca7f,17364,Cork city and suburbs,Cork
4c07d11e-256f-851d-e053-ca3ca8c0ca7f,17364,Cork city and suburbs,Cork
4c07d11e-2570-851d-e053-ca3ca8c0ca7f,17364,Cork city and suburbs,Cork
4c07d11e-2571-851d-e053-ca3ca8c0ca7f,17364,Cork city and suburbs,Cork
4c07d11e-2572-851d-e053-ca3ca8c0ca7f,17364,Cork city and suburbs,Cork
4c07d11e-2573-851d-e053-ca3ca8c0ca7f,17364,Cork city and suburbs,Cork
4c07d11e-2574-851d-e053-ca3ca8c0ca7f,17364,Cork city and suburbs,Cork
4c07d11e-2575-851d-e053-ca3ca8c0ca7f,17364,Cork city and suburbs,Cork
4c07d11e-2576-851d-e053-ca3ca8c0ca7f,17364,Cork city and suburbs,Cork
4c07d11e-2577-851d-e053-ca3ca8c0ca7f,17364,Cork city and suburbs,Cork
4c07d11e-2578-851d-e053-ca3ca8c0ca7f,17364,Cork city and suburbs,Cork
4c07d11e-2579-851d-e053-ca3ca8c0ca7f,17364,Cork city and suburbs,Cork
4c07d11e-257a-851d-e053-ca3ca8c0ca7f,17364,Cork city and suburbs,Cork
4c07d11e-257b-851d-e053-ca3ca8c0ca7f,02341,Dublin city and suburbs,Dublin
4c07d11e-257c-851d-e053-ca3ca8c0ca7f,02341,Dublin city and suburbs,Dublin
4c07d11e-257d-851d-e053-ca3ca8c0ca7f,02341,Dublin city and suburbs,Dublin
4c07d11e-257e-851d-e053-ca3ca8c0ca7f,02341,Dublin city and suburbs,Dublin
4c07d11e-257f-851d-e053-ca3ca8c0ca7f,02341,Dublin city and suburbs,Dublin
4c07d11e-2580-851d-e053-ca3ca8c0ca7f,02341,Dublin city and suburbs,Dublin
4c07d11e-2581-851d-e053-ca3ca8c0ca7f,02341,Dublin city and suburbs,Dublin
4c07d11e-2582-851d-e053-ca3ca8c0ca7f,02341,Dublin city and suburbs,Dublin
4c07d11e-2583-851d-e053-ca3ca8c0ca7f,02341,Dublin city and suburbs,Dublin
4c07d11e-2584-851d-e053-ca3ca8c0ca7f,02341,Dublin city and suburbs,Dublin
4c07d11e-2585-851d-e053-ca3ca8c0ca7f,02341,Dublin city and suburbs,Dublin
4c07d11e-2586-851d-e053-ca3ca8c0ca7f,02341,Dublin city and suburbs,Dublin
4c07d11e-2587-851d-e053-ca3ca8c0ca7f,02341,Dublin city and suburbs,Dublin
4c07d11e-2588-851d-e053-ca3ca8c0ca7f,02341,Dublin city and suburbs,Dublin
4c07d11e-2589-851d-e053-ca3ca8c0ca7f,02341,Dublin city and suburbs,Dublin
4c07d11e-258a-851d-e053-ca3ca8c0ca7f,02341,Dublin city and suburbs,Dublin
4c07d11e-258b-851d-e053-ca3ca8c0ca7f,02341,Dublin city and suburbs,Dublin
4c07d11e-258c-851d-e053-ca3ca8c0ca7f,02341,Dublin city and suburbs,Dublin
4c07d11e-258d-851d-e053-ca3ca8c0ca7f,02341,Dublin city and suburbs,Dublin
4c07d11e-258e-851d-e053-ca3ca8c0ca7f,02341,Dublin city and suburbs,Dublin
4c07d11e-258f-851d-e053-ca3ca8c0ca7f,02341,Dublin city and suburbs,Dublin
4c07d11e-2590-851d-e053-ca3ca8c0ca7f,02341,Dublin city and suburbs,Dublin
4c07d11e-2591-851d-e053-ca3ca8c0ca7f,02341,Dublin city and suburbs,Dublin
4c07d11e-2592-851d-e053-ca3ca8c0ca7f,02341,Dublin city and suburbs,Dublin
4c07d11e-2593-851d-e053-ca3ca8c0ca7f,02341,Dublin city and suburbs,Dublin
4c07d11e-2594-851d-e053-ca3ca8c0ca7f,02341,Dublin city and suburbs,Dublin
4c07d11e-2595-851d-e053-ca3ca8c0ca7f,02341,Dublin city and suburbs,Dublin
4c07d11e-2596-851d-e053-ca3ca8c0ca7f,02341,Dublin city and suburbs,Dublin
4c07d11e-2597-851d-e053-ca3ca8c0ca7f,02341,Dublin city and suburbs,Dublin
4c07d11e-2598-851d-e053-ca3ca8c0ca7f,02341,Dublin city and suburbs,Dublin
4c07d11e-2599-851d-e053-ca3ca8c0ca7f,02341,Dublin city and suburbs,Dublin
4c07d11e-259a-851d-e053-ca3ca8c0ca7f,02341,Dublin city and suburbs,Dublin
4c07d11e-259b-851d-e053-ca3ca8c0ca7f,02341,Dublin city and suburbs,Dublin
4c07d11e-259c-851d-e053-ca3ca8c0ca7f,02341,Dublin city and suburbs,Dublin
4c07d11e-259d-851d-e053-ca3ca8c0ca7f,02341,Dublin city and suburbs,Dublin
4c07d11e-259e-851d-e053-ca3ca8c0ca7f,02341,Dublin city and suburbs,Dublin
4c07d11e-259f-851d-e053-ca3ca8c0ca7f,02341,Dublin city and suburbs,Dublin
4c07d11e-25a0-851d-e053-ca3ca8c0ca7f,02341,Dublin city and suburbs,Dublin
4c07d11e-25a1-851d-e053-ca3ca8c0ca7f,02341,Dublin city and suburbs,Dublin
4c07d11e-25a2-851d-e053-ca3ca8c0ca7f,02341,Dublin city and suburbs,Dublin
4c07d11e-25a3-851d-e053-ca3ca8c0ca7f,02341,Dublin city and suburbs,Dublin
4c07d11e-25a4-851d-e053-ca3ca8c0ca7f,02341,Dublin city and suburbs,Dublin
4c07d11e-25a5-851d-e053-ca3ca8c0ca7f,02341,Dublin city and suburbs,Dublin
4c07d11e-25a6-851d-e053-ca3ca8c0ca7f,02341,Dublin city and suburbs,Dublin
4c07d11e-25a7-851d-e053-ca3ca8c0ca7f,02341,Dublin city and suburbs,Dublin
4c07d11e-25a8-851d-e053-ca3ca8c0ca7f,02341,Dublin city and suburbs,Dublin
4c07d11e-25a9-851d-e053-ca3ca8c0ca7f,02341,Dublin city and suburbs,Dublin
4c07d11e-25aa-851d-e053-ca3ca8c0ca7f,02341,Dublin city and suburbs,Dublin
4c07d11e-25ab-851d-e053-ca3ca8c0ca7f,02341,Dublin city and suburbs,Dublin
4c07d11e-25ac-851d-e053-ca3ca8c0ca7f,02341,Dublin city and suburbs,Dublin
4c07d11e-25ad-851d-e053-ca3ca8c0ca7f,02341,Dublin city and suburbs,Dublin
4c07d11e-25ae-851d-e053-ca3ca8c0ca7f,02341,Dublin city and suburbs,Dublin
4c07d11e-25af-851d-e053-ca3ca8c0ca7f,02341,Dublin city and suburbs,Dublin
4c07d11e-25b0-851d-e053-ca3ca8c0ca7f,02341,Dublin city and suburbs,Dublin
4c07d11e-25b1-851d-e053-ca3ca8c0ca7f,02341,Dublin city and suburbs,Dublin
4c07d11e-25b2-851d-e053-ca3ca8c0ca7f,02341,Dublin city and suburbs,Dublin
4c07d11e-25b3-851d-e053-ca3ca8c0ca7f,02341,Dublin city and suburbs,Dublin
4c07d11e-25b4-851d-e053-ca3ca8c0ca7f,02341,Dublin city and suburbs,Dublin
4c07d11e-25b5-851d-e053-ca3ca8c0ca7f,02341,Dublin city and suburbs,Dublin
4c07d11e-25b6-851d-e053-ca3ca8c0ca7f,02341,Dublin city and suburbs,Dublin
4c07d11e-25b7-851d-e053-ca3ca8c0ca7f,02341,Dublin city and suburbs,Dublin
4c07d11e-25b8-851d-e053-ca3ca8c0ca7f,02341,Dublin city and suburbs,Dublin
4c07d11e-25b9-851d-e053-ca3ca8c0ca7f,02341,Dublin city and suburbs,Dublin
4c07d11e-25ba-851d-e053-ca3ca8c0ca7f,02341,Dublin city and suburbs,Dublin
4c07d11e-25bb-851d-e053-ca3ca8c0ca7f,02341,Dublin city and suburbs,Dublin
4c07d11e-25bc-851d-e053-ca3ca8c0ca7f,02341,Dublin city and suburbs,Dublin
4c07d11e-25bd-851d-e053-ca3ca8c0ca7f,02341,Dublin city and suburbs,Dublin
4c07d11e-25be-851d-e053-ca3ca8c0ca7f,02341,Dublin city and suburbs,Dublin
4c07d11e-25bf-851d-e053-ca3ca8c0ca7f,02341,Dublin city and suburbs,Dublin
4c07d11e-25c0-851d-e053-ca3ca8c0ca7f,02341,Dublin city and suburbs,Dublin
4c07d11e-25c1-851d-e053-ca3ca8c0ca7f,02341,Dublin city and suburbs,Dublin
4c07d11e-25c2-851d-e053-ca3ca8c0ca7f,02341,Dublin city and suburbs,Dublin
4c07d11e-25c3-851d-e053-ca3ca8c0ca7f,02341,Dublin city and suburbs,Dublin
4c07d11e-25c5-851d-e053-ca3ca8c0ca7f,02341,Dublin city and suburbs,Dublin
4c07d11e-25c7-851d-e053-ca3ca8c0ca7f,02341,Dublin city and suburbs,Dublin
4c07d11e-25c8-851d-e053-ca3ca8c0ca7f,02341,Dublin city and suburbs,Dublin
4c07d11e-25c9-851d-e053-ca3ca8c0ca7f,02341,Dublin city and suburbs,Dublin
4c07d11e-25ca-851d-e053-ca3ca8c0ca7f,02341,Dublin city and suburbs,Dublin
4c07d11e-25cb-851d-e053-ca3ca8c0ca7f,02341,Dublin city and suburbs,Dublin
4c07d11e-25cc-851d-e053-ca3ca8c0ca7f,02341,Dublin city and suburbs,Dublin
4c07d11e-25cd-851d-e053-ca3ca8c0ca7f,02341,Dublin city and suburbs,Dublin
4c07d11e-25ce-851d-e053-ca3ca8c0ca7f,02341,Dublin city and suburbs,Dublin
4c07d11e-25cf-851d-e053-ca3ca8c0ca7f,02341,Dublin city and suburbs,Dublin
4c07d11e-25d0-851d-e053-ca3ca8c0ca7f,02341,Dublin city and suburbs,Dublin
4c07d11e-25d1-851d-e053-ca3ca8c0ca7f,02341,Dublin city and suburbs,Dublin
4c07d11e-25d2-851d-e053-ca3ca8c0ca7f,02341,Dublin city and suburbs,Dublin
4c07d11e-25d3-851d-e053-ca3ca8c0ca7f,02341,Dublin city and suburbs,Dublin
4c07d11e-25d4-851d-e053-ca3ca8c0ca7f,02341,Dublin city and suburbs,Dublin
4c07d11e-25d5-851d-e053-ca3ca8c0ca7f,02341,Dublin city and suburbs,Dublin
4c07d11e-25d6-851d-e053-ca3ca8c0ca7f,02341,Dublin city and suburbs,Dublin
4c07d11e-25d7-851d-e053-ca3ca8c0ca7f,02341,Dublin city and suburbs,Dublin
4c07d11e-25d8-851d-e053-ca3ca8c0ca7f,02341,Dublin city and suburbs,Dublin
4c07d11e-25d9-851d-e053-ca3ca8c0ca7f,02341,Dublin city and suburbs,Dublin
4c07d11e-25da-851d-e053-ca3ca8c0ca7f,02341,Dublin city and suburbs,Dublin
4c07d11e-25db-851d-e053-ca3ca8c0ca7f,02341,Dublin city and suburbs,Dublin
4c07d11e-25dc-851d-e053-ca3ca8c0ca7f,02341,Dublin city and suburbs,Dublin
4c07d11e-25dd-851d-e053-ca3ca8c0ca7f,02341,Dublin city and suburbs,Dublin
4c07d11e-25de-851d-e053-ca3ca8c0ca7f,02341,Dublin city and suburbs,Dublin
4c07d11e-25df-851d-e053-ca3ca8c0ca7f,02341,Dublin city and suburbs,Dublin
4c07d11e-25e0-851d-e053-ca3ca8c0ca7f,02341,Dublin city and suburbs,Dublin
4c07d11e-25e1-851d-e053-ca3ca8c0ca7f,02341,Dublin city and suburbs,Dublin
4c07d11e-25e2-851d-e053-ca3ca8c0ca7f,02341,Dublin city and suburbs,Dublin
4c07d11e-25e3-851d-e053-ca3ca8c0ca7f,02341,Dublin city and suburbs,Dublin
4c07d11e-25e4-851d-e053-ca3ca8c0ca7f,02341,Dublin city and suburbs,Dublin
4c07d11e-25e5-851d-e053-ca3ca8c0ca7f,02341,Dublin city and suburbs,Dublin
4c07d11e-25e6-851d-e053-ca3ca8c0ca7f,02341,Dublin city and suburbs,Dublin
4c07d11e-25e7-851d-e053-ca3ca8c0ca7f,02341,Dublin city and suburbs,Dublin
4c07d11e-25e8-851d-e053-ca3ca8c0ca7f,02341,Dublin city and suburbs,Dublin
4c07d11e-25e9-851d-e053-ca3ca8c0ca7f,02341,Dublin city and suburbs,Dublin
4c07d11e-25ea-851d-e053-ca3ca8c0ca7f,02341,Dublin city and suburbs,Dublin
4c07d11e-25eb-851d-e053-ca3ca8c0ca7f,02341,Dublin city and suburbs,Dublin
4c07d11e-25ec-851d-e053-ca3ca8c0ca7f,02341,Dublin city and suburbs,Dublin
4c07d11e-25ed-851d-e053-ca3ca8c0ca7f,02341,Dublin city and suburbs,Dublin
4c07d11e-25ee-851d-e053-ca3ca8c0ca7f,02341,Dublin city and suburbs,Dublin
4c07d11e-25ef-851d-e053-ca3ca8c0ca7f,02341,Dublin city and suburbs,Dublin
4c07d11e-25f0-851d-e053-ca3ca8c0ca7f,02341,Dublin city and suburbs,Dublin
4c07d11e-25f1-851d-e053-ca3ca8c0ca7f,02341,Dublin city and suburbs,Dublin
4c07d11e-25f2-851d-e053-ca3ca8c0ca7f,02341,Dublin city and suburbs,Dublin
4c07d11e-25f3-851d-e053-ca3ca8c0ca7f,02341,Dublin city and suburbs,Dublin
4c07d11e-25f4-851d-e053-ca3ca8c0ca7f,02341,Dublin city and suburbs,Dublin
4c07d11e-25f5-851d-e053-ca3ca8c0ca7f,02341,Dublin city and suburbs,Dublin
4c07d11e-25f6-851d-e053-ca3ca8c0ca7f,02341,Dublin city and suburbs,Dublin
4c07d11e-25f7-851d-e053-ca3ca8c0ca7f,02341,Dublin city and suburbs,Dublin
4c07d11e-25f8-851d-e053-ca3ca8c0ca7f,02341,Dublin city and suburbs,Dublin
4c07d11e-25f9-851d-e053-ca3ca8c0ca7f,02341,Dublin city and suburbs,Dublin
4c07d11e-25fa-851d-e053-ca3ca8c0ca7f,02341,Dublin city and suburbs,Dublin
4c07d11e-25fb-851d-e053-ca3ca8c0ca7f,02341,Dublin city and suburbs,Dublin
4c07d11e-25fc-851d-e053-ca3ca8c0ca7f,02341,Dublin city and suburbs,Dublin
4c07d11e-25fd-851d-e053-ca3ca8c0ca7f,02341,Dublin city and suburbs,Dublin
4c07d11e-25fe-851d-e053-ca3ca8c0ca7f,02341,Dublin city and suburbs,Dublin
4c07d11e-25ff-851d-e053-ca3ca8c0ca7f,02341,Dublin city and suburbs,Dublin
4c07d11e-2600-851d-e053-ca3ca8c0ca7f,02341,Dublin city and suburbs,Dublin
4c07d11e-2601-851d-e053-ca3ca8c0ca7f,02341,Dublin city and suburbs,Dublin
4c07d11e-2602-851d-e053-ca3ca8c0ca7f,02341,Dublin city and suburbs,Dublin
4c07d11e-2603-851d-e053-ca3ca8c0ca7f,02341,Dublin city and suburbs,Dublin
4c07d11e-2604-851d-e053-ca3ca8c0ca7f,02341,Dublin city and suburbs,Dublin
4c07d11e-2606-851d-e053-ca3ca8c0ca7f,02341,Dublin city and suburbs,Dublin
4c07d11e-2607-851d-e053-ca3ca8c0ca7f,02341,Dublin city and suburbs,Dublin
4c07d11e-2608-851d-e053-ca3ca8c0ca7f,02341,Dublin city and suburbs,Dublin
4c07d11e-2609-851d-e053-ca3ca8c0ca7f,02341,Dublin city and suburbs,Dublin
4c07d11e-260a-851d-e053-ca3ca8c0ca7f,02341,Dublin city and suburbs,Dublin
4c07d11e-260b-851d-e053-ca3ca8c0ca7f,02341,Dublin city and suburbs,Dublin
4c07d11e-260c-851d-e053-ca3ca8c0ca7f,02341,Dublin city and suburbs,Dublin
4c07d11e-260d-851d-e053-ca3ca8c0ca7f,02341,Dublin city and suburbs,Dublin
4c07d11e-260e-851d-e053-ca3ca8c0ca7f,02341,Dublin city and suburbs,Dublin
4c07d11e-260f-851d-e053-ca3ca8c0ca7f,02341,Dublin city and suburbs,Dublin
4c07d11e-2610-851d-e053-ca3ca8c0ca7f,02341,Dublin city and suburbs,Dublin
4c07d11e-2611-851d-e053-ca3ca8c0ca7f,02341,Dublin city and suburbs,Dublin
4c07d11e-2612-851d-e053-ca3ca8c0ca7f,02341,Dublin city and suburbs,Dublin
4c07d11e-2613-851d-e053-ca3ca8c0ca7f,02341,Dublin city and suburbs,Dublin
4c07d11e-2614-851d-e053-ca3ca8c0ca7f,02341,Dublin city and suburbs,Dublin
4c07d11e-2615-851d-e053-ca3ca8c0ca7f,02341,Dublin city and suburbs,Dublin
4c07d11e-2616-851d-e053-ca3ca8c0ca7f,02341,Dublin city and suburbs,Dublin
4c07d11e-2617-851d-e053-ca3ca8c0ca7f,02341,Dublin city and suburbs,Dublin
4c07d11e-2618-851d-e053-ca3ca8c0ca7f,02341,Dublin city and suburbs,Dublin
4c07d11e-2619-851d-e053-ca3ca8c0ca7f,02341,Dublin city and suburbs,Dublin
4c07d11e-261a-851d-e053-ca3ca8c0ca7f,02341,Dublin city and suburbs,Dublin
4c07d11e-261b-851d-e053-ca3ca8c0ca7f,02341,Dublin city and suburbs,Dublin
4c07d11e-261c-851d-e053-ca3ca8c0ca7f,02341,Dublin city and suburbs,Dublin
4c07d11e-261d-851d-e053-ca3ca8c0ca7f,02341,Dublin city and suburbs,Dublin
4c07d11e-261e-851d-e053-ca3ca8c0ca7f,02341,Dublin city and suburbs,Dublin
4c07d11e-261f-851d-e053-ca3ca8c0ca7f,02341,Dublin city and suburbs,Dublin
4c07d11e-2620-851d-e053-ca3ca8c0ca7f,02341,Dublin city and suburbs,Dublin
4c07d11e-2621-851d-e053-ca3ca8c0ca7f,02341,Dublin city and suburbs,Dublin
4c07d11e-2622-851d-e053-ca3ca8c0ca7f,02341,Dublin city and suburbs,Dublin
4c07d11e-2623-851d-e053-ca3ca8c0ca7f,02341,Dublin city and suburbs,Dublin
4c07d11e-2624-851d-e053-ca3ca8c0ca7f,02341,Dublin city and suburbs,Dublin
4c07d11e-2625-851d-e053-ca3ca8c0ca7f,02341,Dublin city and suburbs,Dublin
4c07d11e-2626-851d-e053-ca3ca8c0ca7f,02341,Dublin city and suburbs,Dublin
4c07d11e-2627-851d-e053-ca3ca8c0ca7f,02341,Dublin city and suburbs,Dublin
4c07d11e-2628-851d-e053-ca3ca8c0ca7f,02341,Dublin city and suburbs,Dublin
4c07d11e-2629-851d-e053-ca3ca8c0ca7f,02341,Dublin city and suburbs,Dublin
4c07d11e-262a-851d-e053-ca3ca8c0ca7f,02341,Dublin city and suburbs,Dublin
4c07d11e-262b-851d-e053-ca3ca8c0ca7f,02341,Dublin city and suburbs,Dublin
4c07d11e-262c-851d-e053-ca3ca8c0ca7f,02341,Dublin city and suburbs,Dublin
4c07d11e-262d-851d-e053-ca3ca8c0ca7f,02341,Dublin city and suburbs,Dublin
4c07d11e-262e-851d-e053-ca3ca8c0ca7f,02341,Dublin city and suburbs,Dublin
4c07d11e-262f-851d-e053-ca3ca8c0ca7f,02341,Dublin city and suburbs,Dublin
4c07d11e-2630-851d-e053-ca3ca8c0ca7f,02341,Dublin city and suburbs,Dublin
4c07d11e-2631-851d-e053-ca3ca8c0ca7f,02341,Dublin city and suburbs,Dublin
4c07d11e-2632-851d-e053-ca3ca8c0ca7f,02341,Dublin city and suburbs,Dublin
4c07d11e-2633-851d-e053-ca3ca8c0ca7f,02341,Dublin city and suburbs,Dublin
4c07d11e-2634-851d-e053-ca3ca8c0ca7f,02341,Dublin city and suburbs,Dublin
4c07d11e-2635-851d-e053-ca3ca8c0ca7f,02341,Dublin city and suburbs,Dublin
4c07d11e-2636-851d-e053-ca3ca8c0ca7f,02341,Dublin city and suburbs,Dublin
4c07d11e-2637-851d-e053-ca3ca8c0ca7f,02341,Dublin city and suburbs,Dublin
4c07d11e-2638-851d-e053-ca3ca8c0ca7f,02341,Dublin city and suburbs,Dublin
4c07d11e-2639-851d-e053-ca3ca8c0ca7f,02341,Dublin city and suburbs,Dublin
4c07d11e-263a-851d-e053-ca3ca8c0ca7f,02341,Dublin city and suburbs,Dublin
4c07d11e-263b-851d-e053-ca3ca8c0ca7f,02341,Dublin city and suburbs,Dublin
4c07d11e-263c-851d-e053-ca3ca8c0ca7f,02341,Dublin city and suburbs,Dublin
4c07d11e-263d-851d-e053-ca3ca8c0ca7f,02341,Dublin city and suburbs,Dublin
4c07d11e-263e-851d-e053-ca3ca8c0ca7f,02341,Dublin city and suburbs,Dublin
4c07d11e-263f-851d-e053-ca3ca8c0ca7f,02341,Dublin city and suburbs,Dublin
4c07d11e-2640-851d-e053-ca3ca8c0ca7f,02341,Dublin city and suburbs,Dublin
4c07d11e-2641-851d-e053-ca3ca8c0ca7f,02341,Dublin city and suburbs,Dublin
4c07d11e-2642-851d-e053-ca3ca8c0ca7f,02341,Dublin city and suburbs,Dublin
4c07d11e-2643-851d-e053-ca3ca8c0ca7f,02341,Dublin city and suburbs,Dublin
4c07d11e-2644-851d-e053-ca3ca8c0ca7f,02341,Dublin city and suburbs,Dublin
4c07d11e-2645-851d-e053-ca3ca8c0ca7f,02341,Dublin city and suburbs,Dublin
4c07d11e-2646-851d-e053-ca3ca8c0ca7f,02341,Dublin city and suburbs,Dublin
4c07d11e-2647-851d-e053-ca3ca8c0ca7f,02341,Dublin city and suburbs,Dublin
4c07d11e-2648-851d-e053-ca3ca8c0ca7f,02341,Dublin city and suburbs,Dublin
4c07d11e-2649-851d-e053-ca3ca8c0ca7f,02341,Dublin city and suburbs,Dublin
4c07d11e-264a-851d-e053-ca3ca8c0ca7f,02341,Dublin city and suburbs,Dublin
4c07d11e-264b-851d-e053-ca3ca8c0ca7f,02341,Dublin city and suburbs,Dublin
4c07d11e-264c-851d-e053-ca3ca8c0ca7f,02341,Dublin city and suburbs,Dublin
4c07d11e-264d-851d-e053-ca3ca8c0ca7f,02341,Dublin city and suburbs,Dublin
4c07d11e-264e-851d-e053-ca3ca8c0ca7f,02341,Dublin city and suburbs,Dublin
4c07d11e-264f-851d-e053-ca3ca8c0ca7f,04346,Portmarnock,Dublin
4c07d11e-2650-851d-e053-ca3ca8c0ca7f,04346,Portmarnock,Dublin
4c07d11e-2651-851d-e053-ca3ca8c0ca7f,04346,Portmarnock,Dublin
4c07d11e-2652-851d-e053-ca3ca8c0ca7f,02341,Dublin city and suburbs,Dublin
4c07d11e-2653-851d-e053-ca3ca8c0ca7f,02341,Dublin city and suburbs,Dublin
4c07d11e-2654-851d-e053-ca3ca8c0ca7f,02341,Dublin city and suburbs,Dublin
4c07d11e-2655-851d-e053-ca3ca8c0ca7f,02341,Dublin city and suburbs,Dublin
4c07d11e-2656-851d-e053-ca3ca8c0ca7f,04353,Kinsealy-Drinan,Dublin
4c07d11e-2657-851d-e053-ca3ca8c0ca7f,04353,Kinsealy-Drinan,Dublin
4c07d11e-2658-851d-e053-ca3ca8c0ca7f,04353,Kinsealy-Drinan,Dublin
4c07d11e-265a-851d-e053-ca3ca8c0ca7f,04354,Swords,Dublin
4c07d11e-265b-851d-e053-ca3ca8c0ca7f,04354,Swords,Dublin
4c07d11e-265c-851d-e053-ca3ca8c0ca7f,04346,Portmarnock,Dublin
4c07d11e-265d-851d-e053-ca3ca8c0ca7f,04346,Portmarnock,Dublin
4c07d11e-265e-851d-e053-ca3ca8c0ca7f,04346,Portmarnock,Dublin
4c07d11e-2661-851d-e053-ca3ca8c0ca7f,04346,Portmarnock,Dublin
4c07d11e-2662-851d-e053-ca3ca8c0ca7f,04353,Kinsealy-Drinan,Dublin
4c07d11e-2663-851d-e053-ca3ca8c0ca7f,04353,Kinsealy-Drinan,Dublin
4c07d11e-2664-851d-e053-ca3ca8c0ca7f,04353,Kinsealy-Drinan,Dublin
4c07d11e-2665-851d-e053-ca3ca8c0ca7f,04354,Swords,Dublin
4c07d11e-2666-851d-e053-ca3ca8c0ca7f,04354,Swords,Dublin
4c07d11e-2667-851d-e053-ca3ca8c0ca7f,02341,Dublin city and suburbs,Dublin
4c07d11e-2668-851d-e053-ca3ca8c0ca7f,02341,Dublin city and suburbs,Dublin
4c07d11e-2669-851d-e053-ca3ca8c0ca7f,02341,Dublin city and suburbs,Dublin
4c07d11e-266a-851d-e053-ca3ca8c0ca7f,02341,Dublin city and suburbs,Dublin
4c07d11e-266c-851d-e053-ca3ca8c0ca7f,02341,Dublin city and suburbs,Dublin
4c07d11e-266d-851d-e053-ca3ca8c0ca7f,04353,Kinsealy-Drinan,Dublin
4c07d11e-266e-851d-e053-ca3ca8c0ca7f,04348,Malahide,Dublin
4c07d11e-266f-851d-e053-ca3ca8c0ca7f,04348,Malahide,Dublin
4c07d11e-2670-851d-e053-ca3ca8c0ca7f,04354,Swords,Dublin
4c07d11e-2671-851d-e053-ca3ca8c0ca7f,04354,Swords,Dublin
4c07d11e-2672-851d-e053-ca3ca8c0ca7f,02341,Dublin city and suburbs,Dublin
4c07d11e-2673-851d-e053-ca3ca8c0ca7f,02341,Dublin city and suburbs,Dublin
4c07d11e-2674-851d-e053-ca3ca8c0ca7f,02341,Dublin city and suburbs,Dublin
4c07d11e-2675-851d-e053-ca3ca8c0ca7f,02341,Dublin city and suburbs,Dublin
4c07d11e-2676-851d-e053-ca3ca8c0ca7f,02341,Dublin city and suburbs,Dublin
4c07d11e-2677-851d-e053-ca3ca8c0ca7f,02341,Dublin city and suburbs,Dublin
4c07d11e-2678-851d-e053-ca3ca8c0ca7f,04348,Malahide,Dublin
4c07d11e-267a-851d-e053-ca3ca8c0ca7f,04354,Swords,Dublin
4c07d11e-267b-851d-e053-ca3ca8c0ca7f,04354,Swords,Dublin
4c07d11e-267c-851d-e053-ca3ca8c0ca7f,04354,Swords,Dublin
4c07d11e-267d-851d-e053-ca3ca8c0ca7f,04354,Swords,Dublin
4c07d11e-267e-851d-e053-ca3ca8c0ca7f,02341,Dublin city and suburbs,Dublin
4c07d11e-267f-851d-e053-ca3ca8c0ca7f,02341,Dublin city and suburbs,Dublin
4c07d11e-2680-851d-e053-ca3ca8c0ca7f,02341,Dublin city and suburbs,Dublin
4c07d11e-2681-851d-e053-ca3ca8c0ca7f,02341,Dublin city and suburbs,Dublin
4c07d11e-2682-851d-e053-ca3ca8c0ca7f,02341,Dublin city and suburbs,Dublin
4c07d11e-2683-851d-e053-ca3ca8c0ca7f,04348,Malahide,Dublin
4c07d11e-2684-851d-e053-ca3ca8c0ca7f,04348,Malahide,Dublin
4c07d11e-2685-851d-e053-ca3ca8c0ca7f,04348,Malahide,Dublin
4c07d11e-2686-851d-e053-ca3ca8c0ca7f,04354,Swords,Dublin
4c07d11e-2687-851d-e053-ca3ca8c0ca7f,04354,Swords,Dublin
4c07d11e-2688-851d-e053-ca3ca8c0ca7f,04354,Swords,Dublin
4c07d11e-2689-851d-e053-ca3ca8c0ca7f,02341,Dublin city and suburbs,Dublin
4c07d11e-268a-851d-e053-ca3ca8c0ca7f,02341,Dublin city and suburbs,Dublin
4c07d11e-268b-851d-e053-ca3ca8c0ca7f,02341,Dublin city and suburbs,Dublin
4c07d11e-268c-851d-e053-ca3ca8c0ca7f,02341,Dublin city and suburbs,Dublin
4c07d11e-268d-851d-e053-ca3ca8c0ca7f,02341,Dublin city and suburbs,Dublin
4c07d11e-268e-851d-e053-ca3ca8c0ca7f,04348,Malahide,Dublin
4c07d11e-268f-851d-e053-ca3ca8c0ca7f,04348,Malahide,Dublin
4c07d11e-2690-851d-e053-ca3ca8c0ca7f,04354,Swords,Dublin
4c07d11e-2691-851d-e053-ca3ca8c0ca7f,04354,Swords,Dublin
4c07d11e-2692-851d-e053-ca3ca8c0ca7f,02341,Dublin city and suburbs,Dublin
4c07d11e-2693-851d-e053-ca3ca8c0ca7f,02341,Dublin city and suburbs,Dublin
4c07d11e-2694-851d-e053-ca3ca8c0ca7f,02341,Dublin city and suburbs,Dublin
4c07d11e-2695-851d-e053-ca3ca8c0ca7f,02341,Dublin city and suburbs,Dublin
4c07d11e-2696-851d-e053-ca3ca8c0ca7f,04348,Malahide,Dublin
4c07d11e-2697-851d-e053-ca3ca8c0ca7f,04354,Swords,Dublin
4c07d11e-2698-851d-e053-ca3ca8c0ca7f,04354,Swords,Dublin
4c07d11e-2699-851d-e053-ca3ca8c0ca7f,04354,Swords,Dublin
4c07d11e-269a-851d-e053-ca3ca8c0ca7f,02341,Dublin city and suburbs,Dublin
4c07d11e-269b-851d-e053-ca3ca8c0ca7f,02341,Dublin city and suburbs,Dublin
4c07d11e-269c-851d-e053-ca3ca8c0ca7f,02341,Dublin city and suburbs,Dublin
4c07d11e-269d-851d-e053-ca3ca8c0ca7f,02341,Dublin city and suburbs,Dublin
4c07d11e-269e-851d-e053-ca3ca8c0ca7f,02341,Dublin city and suburbs,Dublin
4c07d11e-269f-851d-e053-ca3ca8c0ca7f,02341,Dublin city and suburbs,Dublin
4c07d11e-26a0-851d-e053-ca3ca8c0ca7f,04354,Swords,Dublin
4c07d11e-26a1-851d-e053-ca3ca8c0ca7f,04354,Swords,Dublin
4c07d11e-26a2-851d-e053-ca3ca8c0ca7f,04354,Swords,Dublin
4c07d11e-26a3-851d-e053-ca3ca8c0ca7f,04354,Swords,Dublin
4c07d11e-26a4-851d-e053-ca3ca8c0ca7f,04354,Swords,Dublin
4c07d11e-26a5-851d-e053-ca3ca8c0ca7f,04348,Malahide,Dublin
4c07d11e-26a6-851d-e053-ca3ca8c0ca7f,02341,Dublin city and suburbs,Dublin
4c07d11e-26a7-851d-e053-ca3ca8c0ca7f,02341,Dublin city and suburbs,Dublin
4c07d11e-26a8-851d-e053-ca3ca8c0ca7f,02341,Dublin city and suburbs,Dublin
4c07d11e-26a9-851d-e053-ca3ca8c0ca7f,02341,Dublin city and suburbs,Dublin
4c07d11e-26aa-851d-e053-ca3ca8c0ca7f,02341,Dublin city and suburbs,Dublin
4c07d11e-26ab-851d-e053-ca3ca8c0ca7f,02341,Dublin city and suburbs,Dublin
4c07d11e-26ac-851d-e053-ca3ca8c0ca7f,04354,Swords,Dublin
4c07d11e-26ad-851d-e053-ca3ca8c0ca7f,04354,Swords,Dublin
4c07d11e-26ae-851d-e053-ca3ca8c0ca7f,04354,Swords,Dublin
4c07d11e-26af-851d-e053-ca3ca8c0ca7f,04348,Malahide,Dublin
4c07d11e-26b0-851d-e053-ca3ca8c0ca7f,04348,Malahide,Dublin
4c07d11e-26b1-851d-e053-ca3ca8c0ca7f,02341,Dublin city and suburbs,Dublin
4c07d11e-26b2-851d-e053-ca3ca8c0ca7f,02341,Dublin city and suburbs,Dublin
4c07d11e-26b3-851d-e053-ca3ca8c0ca7f,02341,Dublin city and suburbs,Dublin
4c07d11e-26b4-851d-e053-ca3ca8c0ca7f,02341,Dublin city and suburbs,Dublin
4c07d11e-26b5-851d-e053-ca3ca8c0ca7f,04354,Swords,Dublin
4c07d11e-26b6-851d-e053-ca3ca8c0ca7f,04354,Swords,Dublin
4c07d11e-26b7-851d-e053-ca3ca8c0ca7f,04348,Malahide,Dublin
4c07d11e-26b8-851d-e053-ca3ca8c0ca7f,04348,Malahide,Dublin
4c07d11e-26b9-851d-e053-ca3ca8c0ca7f,04348,Malahide,Dublin
4c07d11e-26ba-851d-e053-ca3ca8c0ca7f,02341,Dublin city and suburbs,Dublin
4c07d11e-26bb-851d-e053-ca3ca8c0ca7f,02341,Dublin city and suburbs,Dublin
4c07d11e-26bc-851d-e053-ca3ca8c0ca7f,02341,Dublin city and suburbs,Dublin
4c07d11e-26bd-851d-e053-ca3ca8c0ca7f,02341,Dublin city and suburbs,Dublin
4c07d11e-26be-851d-e053-ca3ca8c0ca7f,02341,Dublin city and suburbs,Dublin
4c07d11e-26bf-851d-e053-ca3ca8c0ca7f,02341,Dublin city and suburbs,Dublin
4c07d11e-26c0-851d-e053-ca3ca8c0ca7f,04354,Swords,Dublin
4c07d11e-26c1-851d-e053-ca3ca8c0ca7f,04354,Swords,Dublin
4c07d11e-26c2-851d-e053-ca3ca8c0ca7f,04354,Swords,Dublin
4c07d11e-26c3-851d-e053-ca3ca8c0ca7f,04348,Malahide,Dublin
4c07d11e-26c4-851d-e053-ca3ca8c0ca7f,04348,Malahide,Dublin
4c07d11e-26c5-851d-e053-ca3ca8c0ca7f,04348,Malahide,Dublin
4c07d11e-26c6-851d-e053-ca3ca8c0ca7f,04348,Malahide,Dublin
4c07d11e-26c7-851d-e053-ca3ca8c0ca7f,02341,Dublin city and suburbs,Dublin
4c07d11e-26c8-851d-e053-ca3ca8c0ca7f,02341,Dublin city and suburbs,Dublin
4c07d11e-26c9-851d-e053-ca3ca8c0ca7f,02341,Dublin city and suburbs,Dublin
4c07d11e-26ca-851d-e053-ca3ca8c0ca7f,02341,Dublin city and suburbs,Dublin
4c07d11e-26cb-851d-e053-ca3ca8c0ca7f,02341,Dublin city and suburbs,Dublin
4c07d11e-26cc-851d-e053-ca3ca8c0ca7f,02341,Dublin city and suburbs,Dublin
4c07d11e-26cd-851d-e053-ca3ca8c0ca7f,04354,Swords,Dublin
4c07d11e-26ce-851d-e053-ca3ca8c0ca7f,04354,Swords,Dublin
4c07d11e-26cf-851d-e053-ca3ca8c0ca7f,04354,Swords,Dublin
4c07d11e-26d0-851d-e053-ca3ca8c0ca7f,04348,Malahide,Dublin
4c07d11e-26d1-851d-e053-ca3ca8c0ca7f,04348,Malahide,Dublin
4c07d11e-26d2-851d-e053-ca3ca8c0ca7f,04348,Malahide,Dublin
4c07d11e-26d3-851d-e053-ca3ca8c0ca7f,02341,Dublin city and suburbs,Dublin
4c07d11e-26d4-851d-e053-ca3ca8c0ca7f,02341,Dublin city and suburbs,Dublin
4c07d11e-26d5-851d-e053-ca3ca8c0ca7f,02341,Dublin city and suburbs,Dublin
4c07d11e-26d6-851d-e053-ca3ca8c0ca7f,02341,Dublin city and suburbs,Dublin
4c07d11e-26d7-851d-e053-ca3ca8c0ca7f,02341,Dublin city and suburbs,Dublin
4c07d11e-26d8-851d-e053-ca3ca8c0ca7f,02341,Dublin city and suburbs,Dublin
4c07d11e-26d9-851d-e053-ca3ca8c0ca7f,02341,Dublin city and suburbs,Dublin
4c07d11e-26da-851d-e053-ca3ca8c0ca7f,02341,Dublin city and suburbs,Dublin
4c07d11e-26db-851d-e053-ca3ca8c0ca7f,04354,Swords,Dublin
4c07d11e-26dc-851d-e053-ca3ca8c0ca7f,04354,Swords,Dublin
4c07d11e-26dd-851d-e053-ca3ca8c0ca7f,04348,Malahide,Dublin
4c07d11e-26de-851d-e053-ca3ca8c0ca7f,04348,Malahide,Dublin
4c07d11e-26df-851d-e053-ca3ca8c0ca7f,02341,Dublin city and suburbs,Dublin
4c07d11e-26e0-851d-e053-ca3ca8c0ca7f,02341,Dublin city and suburbs,Dublin
4c07d11e-26e1-851d-e053-ca3ca8c0ca7f,02341,Dublin city and suburbs,Dublin
4c07d11e-26e2-851d-e053-ca3ca8c0ca7f,02341,Dublin city and suburbs,Dublin
4c07d11e-26e3-851d-e053-ca3ca8c0ca7f,02341,Dublin city and suburbs,Dublin
4c07d11e-26e4-851d-e053-ca3ca8c0ca7f,02341,Dublin city and suburbs,Dublin
4c07d11e-26e5-851d-e053-ca3ca8c0ca7f,02341,Dublin city and suburbs,Dublin
4c07d11e-26e6-851d-e053-ca3ca8c0ca7f,04354,Swords,Dublin
4c07d11e-26e7-851d-e053-ca3ca8c0ca7f,04354,Swords,Dublin
4c07d11e-26e8-851d-e053-ca3ca8c0ca7f,04354,Swords,Dublin
4c07d11e-26e9-851d-e053-ca3ca8c0ca7f,04348,Malahide,Dublin
4c07d11e-26ea-851d-e053-ca3ca8c0ca7f,04348,Malahide,Dublin
4c07d11e-26eb-851d-e053-ca3ca8c0ca7f,04346,Portmarnock,Dublin
4c07d11e-26ec-851d-e053-ca3ca8c0ca7f,04346,Portmarnock,Dublin
4c07d11e-26ed-851d-e053-ca3ca8c0ca7f,02341,Dublin city and suburbs,Dublin
4c07d11e-26ef-851d-e053-ca3ca8c0ca7f,02341,Dublin city and suburbs,Dublin
4c07d11e-26f0-851d-e053-ca3ca8c0ca7f,02341,Dublin city and suburbs,Dublin
4c07d11e-26f1-851d-e053-ca3ca8c0ca7f,02341,Dublin city and suburbs,Dublin
4c07d11e-26f2-851d-e053-ca3ca8c0ca7f,04354,Swords,Dublin
4c07d11e-26f3-851d-e053-ca3ca8c0ca7f,04354,Swords,Dublin
4c07d11e-26f5-851d-e053-ca3ca8c0ca7f,04346,Portmarnock,Dublin
4c07d11e-26f6-851d-e053-ca3ca8c0ca7f,04346,Portmarnock,Dublin
4c07d11e-26f7-851d-e053-ca3ca8c0ca7f,04346,Portmarnock,Dublin
4c07d11e-26f8-851d-e053-ca3ca8c0ca7f,02341,Dublin city and suburbs,Dublin
4c07d11e-26f9-851d-e053-ca3ca8c0ca7f,02341,Dublin city and suburbs,Dublin
4c07d11e-26fa-851d-e053-ca3ca8c0ca7f,02341,Dublin city and suburbs,Dublin
4c07d11e-26fb-851d-e053-ca3ca8c0ca7f,04354,Swords,Dublin
4c07d11e-26fc-851d-e053-ca3ca8c0ca7f,04354,Swords,Dublin
4c07d11e-26fe-851d-e053-ca3ca8c0ca7f,04354,Swords,Dublin
4c07d11e-26ff-851d-e053-ca3ca8c0ca7f,04354,Swords,Dublin
4c07d11e-2700-851d-e053-ca3ca8c0ca7f,11416,Navan,Meath
4c07d11e-2701-851d-e053-ca3ca8c0ca7f,11416,Navan,Meath
4c07d11e-2702-851d-e053-ca3ca8c0ca7f,04343,Rush,Dublin
4c07d11e-2703-851d-e053-ca3ca8c0ca7f,04343,Rush,Dublin
4c07d11e-2704-851d-e053-ca3ca8c0ca7f,32050,Cavan,Cavan
4c07d11e-2705-851d-e053-ca3ca8c0ca7f,32050,Cavan,Cavan
4c07d11e-2706-851d-e053-ca3ca8c0ca7f,32050,Cavan,Cavan
4c07d11e-2707-851d-e053-ca3ca8c0ca7f,32053,Belturbet,Cavan
4c07d11e-2708-851d-e053-ca3ca8c0ca7f,28135,Kinlough,Leitrim
4c07d11e-2709-851d-e053-ca3ca8c0ca7f,28135,Kinlough,Leitrim
4c07d11e-270a-851d-e053-ca3ca8c0ca7f,33110,Bundoran,Donegal
4c07d11e-270b-851d-e053-ca3ca8c0ca7f,11408,Ratoath,Meath
4c07d11e-270c-851d-e053-ca3ca8c0ca7f,11408,Ratoath,Meath
4c07d11e-270d-851d-e053-ca3ca8c0ca7f,11404,Ashbourne,Meath
4c07d11e-270e-851d-e053-ca3ca8c0ca7f,04343,Rush,Dublin
4c07d11e-270f-851d-e053-ca3ca8c0ca7f,04343,Rush,Dublin
4c07d11e-2710-851d-e053-ca3ca8c0ca7f,04343,Rush,Dublin
4c07d11e-2711-851d-e053-ca3ca8c0ca7f,32050,Cavan,Cavan
4c07d11e-2712-851d-e053-ca3ca8c0ca7f,32050,Cavan,Cavan
4c07d11e-2713-851d-e053-ca3ca8c0ca7f,32050,Cavan,Cavan
4c07d11e-2714-851d-e053-ca3ca8c0ca7f,33110,Bundoran,Donegal
4c07d11e-2715-851d-e053-ca3ca8c0ca7f,33110,Bundoran,Donegal
4c07d11e-2716-851d-e053-ca3ca8c0ca7f,33110,Bundoran,Donegal
4c07d11e-2718-851d-e053-ca3ca8c0ca7f,11404,Ashbourne,Meath
4c07d11e-2719-851d-e053-ca3ca8c0ca7f,11404,Ashbourne,Meath
4c07d11e-271a-851d-e053-ca3ca8c0ca7f,11416,Navan,Meath
4c07d11e-271b-851d-e053-ca3ca8c0ca7f,11416,Navan,Meath
4c07d11e-271d-851d-e053-ca3ca8c0ca7f,32050,Cavan,Cavan
4c07d11e-271e-851d-e053-ca3ca8c0ca7f,32050,Cavan,Cavan
4c07d11e-271f-851d-e053-ca3ca8c0ca7f,33106,Ballyshannon,Donegal
4c07d11e-2720-851d-e053-ca3ca8c0ca7f,33103,Ballintra,Donegal
4c07d11e-2721-851d-e053-ca3ca8c0ca7f,11404,Ashbourne,Meath
4c07d11e-2722-851d-e053-ca3ca8c0ca7f,11404,Ashbourne,Meath
4c07d11e-2723-851d-e053-ca3ca8c0ca7f,11404,Ashbourne,Meath
4c07d11e-2724-851d-e053-ca3ca8c0ca7f,11416,Navan,Meath
4c07d11e-2725-851d-e053-ca3ca8c0ca7f,11416,Navan,Meath
4c07d11e-2726-851d-e053-ca3ca8c0ca7f,11416,Navan,Meath
4c07d11e-2727-851d-e053-ca3ca8c0ca7f,32050,Cavan,Cavan
4c07d11e-2728-851d-e053-ca3ca8c0ca7f,32050,Cavan,Cavan
4c07d11e-2729-851d-e053-ca3ca8c0ca7f,32050,Cavan,Cavan
4c07d11e-272a-851d-e053-ca3ca8c0ca7f,34039,Clones,Monaghan
4c07d11e-272b-851d-e053-ca3ca8c0ca7f,34039,Clones,Monaghan
4c07d11e-272d-851d-e053-ca3ca8c0ca7f,11404,Ashbourne,Meath
4c07d11e-272e-851d-e053-ca3ca8c0ca7f,11404,Ashbourne,Meath
4c07d11e-272f-851d-e053-ca3ca8c0ca7f,11404,Ashbourne,Meath
4c07d11e-2730-851d-e053-ca3ca8c0ca7f,11416,Navan,Meath
4c07d11e-2731-851d-e053-ca3ca8c0ca7f,11416,Navan,Meath
4c07d11e-2732-851d-e053-ca3ca8c0ca7f,32050,Cavan,Cavan
4c07d11e-2733-851d-e053-ca3ca8c0ca7f,32050,Cavan,Cavan
4c07d11e-2734-851d-e053-ca3ca8c0ca7f,32050,Cavan,Cavan
4c07d11e-2735-851d-e053-ca3ca8c0ca7f,34039,Clones,Monaghan
4c07d11e-2736-851d-e053-ca3ca8c0ca7f,34039,Clones,Monaghan
4c07d11e-2737-851d-e053-ca3ca8c0ca7f,34039,Clones,Monaghan
4c07d11e-2738-851d-e053-ca3ca8c0ca7f,32046,Cootehill,Cavan
4c07d11e-2739-851d-e053-ca3ca8c0ca7f,11404,Ashbourne,Meath
4c07d11e-273a-851d-e053-ca3ca8c0ca7f,11404,Ashbourne,Meath
4c07d11e-273b-851d-e053-ca3ca8c0ca7f,11404,Ashbourne,Meath
4c07d11e-273c-851d-e053-ca3ca8c0ca7f,11416,Navan,Meath
4c07d11e-273d-851d-e053-ca3ca8c0ca7f,11416,Navan,Meath
4c07d11e-273e-851d-e053-ca3ca8c0ca7f,11416,Navan,Meath
4c07d11e-273f-851d-e053-ca3ca8c0ca7f,32050,Cavan,Cavan
4c07d11e-2740-851d-e053-ca3ca8c0ca7f,32050,Cavan,Cavan
4c07d11e-2741-851d-e053-ca3ca8c0ca7f,32044,Bailieborough,Cavan
4c07d11e-2742-851d-e053-ca3ca8c0ca7f,34032,Monaghan,Monaghan
4c07d11e-2743-851d-e053-ca3ca8c0ca7f,34032,Monaghan,Monaghan
4c07d11e-2744-851d-e053-ca3ca8c0ca7f,34032,Monaghan,Monaghan
4c07d11e-2745-851d-e053-ca3ca8c0ca7f,11404,Ashbourne,Meath
4c07d11e-2746-851d-e053-ca3ca8c0ca7f,11404,Ashbourne,Meath
4c07d11e-2747-851d-e053-ca3ca8c0ca7f,04347,Donabate,Dublin
4c07d11e-2748-851d-e053-ca3ca8c0ca7f,11416,Navan,Meath
4c07d11e-2749-851d-e053-ca3ca8c0ca7f,11416,Navan,Meath
4c07d11e-274a-851d-e053-ca3ca8c0ca7f,11416,Navan,Meath
4c07d11e-274b-851d-e053-ca3ca8c0ca7f,11416,Navan,Meath
4c07d11e-274d-851d-e053-ca3ca8c0ca7f,32043,Mullagh,Cavan
4c07d11e-274e-851d-e053-ca3ca8c0ca7f,10019,Ardee,Louth
4c07d11e-274f-851d-e053-ca3ca8c0ca7f,34032,Monaghan,Monaghan
4c07d11e-2750-851d-e053-ca3ca8c0ca7f,34032,Monaghan,Monaghan
4c07d11e-2751-851d-e053-ca3ca8c0ca7f,34032,Monaghan,Monaghan
4c07d11e-2752-851d-e053-ca3ca8c0ca7f,04347,Donabate,Dublin
4c07d11e-2753-851d-e053-ca3ca8c0ca7f,04347,Donabate,Dublin
4c07d11e-2754-851d-e053-ca3ca8c0ca7f,04347,Donabate,Dublin
4c07d11e-2755-851d-e053-ca3ca8c0ca7f,04347,Donabate,Dublin
4c07d11e-2756-851d-e053-ca3ca8c0ca7f,11416,Navan,Meath
4c07d11e-2757-851d-e053-ca3ca8c0ca7f,11416,Navan,Meath
4c07d11e-2758-851d-e053-ca3ca8c0ca7f,11416,Navan,Meath
4c07d11e-2759-851d-e053-ca3ca8c0ca7f,10019,Ardee,Louth
4c07d11e-275a-851d-e053-ca3ca8c0ca7f,10019,Ardee,Louth
4c07d11e-275b-851d-e053-ca3ca8c0ca7f,10019,Ardee,Louth
4c07d11e-275c-851d-e053-ca3ca8c0ca7f,34032,Monaghan,Monaghan
4c07d11e-275d-851d-e053-ca3ca8c0ca7f,34032,Monaghan,Monaghan
4c07d11e-275e-851d-e053-ca3ca8c0ca7f,04347,Donabate,Dublin
4c07d11e-275f-851d-e053-ca3ca8c0ca7f,04347,Donabate,Dublin
4c07d11e-2760-851d-e053-ca3ca8c0ca7f,04349,Lusk,Dublin
4c07d11e-2761-851d-e053-ca3ca8c0ca7f,11416,Navan,Meath
4c07d11e-2762-851d-e053-ca3ca8c0ca7f,11416,Navan,Meath
4c07d11e-2763-851d-e053-ca3ca8c0ca7f,11416,Navan,Meath
4c07d11e-2764-851d-e053-ca3ca8c0ca7f,11416,Navan,Meath
4c07d11e-2765-851d-e053-ca3ca8c0ca7f,10019,Ardee,Louth
4c07d11e-2766-851d-e053-ca3ca8c0ca7f,10019,Ardee,Louth
4c07d11e-2767-851d-e053-ca3ca8c0ca7f,10019,Ardee,Louth
4c07d11e-2768-851d-e053-ca3ca8c0ca7f,34032,Monaghan,Monaghan
4c07d11e-2769-851d-e053-ca3ca8c0ca7f,34032,Monaghan,Monaghan
4c07d11e-276a-851d-e053-ca3ca8c0ca7f,34032,Monaghan,Monaghan
4c07d11e-276b-851d-e053-ca3ca8c0ca7f,04349,Lusk,Dublin
4c07d11e-276c-851d-e053-ca3ca8c0ca7f,04349,Lusk,Dublin
4c07d11e-276d-851d-e053-ca3ca8c0ca7f,04349,Lusk,Dublin
4c07d11e-276e-851d-e053-ca3ca8c0ca7f,11416,Navan,Meath
4c07d11e-2770-851d-e053-ca3ca8c0ca7f,11416,Navan,Meath
4c07d11e-2771-851d-e053-ca3ca8c0ca7f,10019,Ardee,Louth
4c07d11e-2772-851d-e053-ca3ca8c0ca7f,10019,Ardee,Louth
4c07d11e-2773-851d-e053-ca3ca8c0ca7f,34024,Carrickmacross,Monaghan
4c07d11e-2774-851d-e053-ca3ca8c0ca7f,34025,Castleblayney,Monaghan
4c07d11e-2775-851d-e053-ca3ca8c0ca7f,34025,Castleblayney,Monaghan
4c07d11e-2776-851d-e053-ca3ca8c0ca7f,34025,Castleblayney,Monaghan
4c07d11e-2777-851d-e053-ca3ca8c0ca7f,34025,Castleblayney,Monaghan
4c07d11e-2778-851d-e053-ca3ca8c0ca7f,04349,Lusk,Dublin
4c07d11e-2779-851d-e053-ca3ca8c0ca7f,04349,Lusk,Dublin
4c07d11e-277a-851d-e053-ca3ca8c0ca7f,04349,Lusk,Dublin
4c07d11e-277b-851d-e053-ca3ca8c0ca7f,11416,Navan,Meath
4c07d11e-277c-851d-e053-ca3ca8c0ca7f,11416,Navan,Meath
4c07d11e-277d-851d-e053-ca3ca8c0ca7f,34024,Carrickmacross,Monaghan
4c07d11e-277e-851d-e053-ca3ca8c0ca7f,34024,Carrickmacross,Monaghan
4c07d11e-277f-851d-e053-ca3ca8c0ca7f,34025,Castleblayney,Monaghan
4c07d11e-2780-851d-e053-ca3ca8c0ca7f,34025,Castleblayney,Monaghan
4c07d11e-2781-851d-e053-ca3ca8c0ca7f,34025,Castleblayney,Monaghan
4c07d11e-2782-851d-e053-ca3ca8c0ca7f,34025,Castleblayney,Monaghan
4c07d11e-2783-851d-e053-ca3ca8c0ca7f,34025,Castleblayney,Monaghan
4c07d11e-2784-851d-e053-ca3ca8c0ca7f,04347,Donabate,Dublin
4c07d11e-2785-851d-e053-ca3ca8c0ca7f,04344,Portrane,Dublin
4c07d11e-2786-851d-e053-ca3ca8c0ca7f,04343,Rush,Dublin
4c07d11e-2787-851d-e053-ca3ca8c0ca7f,11416,Navan,Meath
4c07d11e-2788-851d-e053-ca3ca8c0ca7f,11416,Navan,Meath
4c07d11e-278a-851d-e053-ca3ca8c0ca7f,34024,Carrickmacross,Monaghan
4c07d11e-278b-851d-e053-ca3ca8c0ca7f,34024,Carrickmacross,Monaghan
4c07d11e-278c-851d-e053-ca3ca8c0ca7f,34029,Ballybay,Monaghan
4c07d11e-278e-851d-e053-ca3ca8c0ca7f,34029,Ballybay,Monaghan
4c07d11e-278f-851d-e053-ca3ca8c0ca7f,04343,Rush,Dublin
4c07d11e-2790-851d-e053-ca3ca8c0ca7f,04343,Rush,Dublin
4c07d11e-2791-851d-e053-ca3ca8c0ca7f,11412,Slane,Meath
4c07d11e-2792-851d-e053-ca3ca8c0ca7f,11412,Slane,Meath
4c07d11e-2793-851d-e053-ca3ca8c0ca7f,32047,Ballyjamesduff,Cavan
4c07d11e-2794-851d-e053-ca3ca8c0ca7f,32047,Ballyjamesduff,Cavan
4c07d11e-2795-851d-e053-ca3ca8c0ca7f,34024,Carrickmacross,Monaghan
4c07d11e-2796-851d-e053-ca3ca8c0ca7f,34024,Carrickmacross,Monaghan
4c07d11e-2797-851d-e053-ca3ca8c0ca7f,34024,Carrickmacross,Monaghan
4c07d11e-2798-851d-e053-ca3ca8c0ca7f,34025,Castleblayney,Monaghan
4c07d11e-2799-851d-e053-ca3ca8c0ca7f,11408,Ratoath,Meath
4c07d11e-279a-851d-e053-ca3ca8c0ca7f,04343,Rush,Dublin
4c07d11e-279b-851d-e053-ca3ca8c0ca7f,04343,Rush,Dublin
4c07d11e-279c-851d-e053-ca3ca8c0ca7f,32047,Ballyjamesduff,Cavan
4c07d11e-279d-851d-e053-ca3ca8c0ca7f,32045,Virginia,Cavan
4c07d11e-279e-851d-e053-ca3ca8c0ca7f,32045,Virginia,Cavan
4c07d11e-279f-851d-e053-ca3ca8c0ca7f,34024,Carrickmacross,Monaghan
4c07d11e-27a0-851d-e053-ca3ca8c0ca7f,34024,Carrickmacross,Monaghan
4c07d11e-27a1-851d-e053-ca3ca8c0ca7f,11408,Ratoath,Meath
4c07d11e-27a2-851d-e053-ca3ca8c0ca7f,11408,Ratoath,Meath
4c07d11e-27a3-851d-e053-ca3ca8c0ca7f,11408,Ratoath,Meath
4c07d11e-27a4-851d-e053-ca3ca8c0ca7f,04343,Rush,Dublin
4c07d11e-27a5-851d-e053-ca3ca8c0ca7f,04343,Rush,Dublin
4c07d11e-27a6-851d-e053-ca3ca8c0ca7f,32045,Virginia,Cavan
4c07d11e-27a7-851d-e053-ca3ca8c0ca7f,32045,Virginia,Cavan
4c07d11e-27a8-851d-e053-ca3ca8c0ca7f,32045,Virginia,Cavan
4c07d11e-27a9-851d-e053-ca3ca8c0ca7f,34024,Carrickmacross,Monaghan
4c07d11e-27aa-851d-e053-ca3ca8c0ca7f,34024,Carrickmacross,Monaghan
4c07d11e-27ab-851d-e053-ca3ca8c0ca7f,28136,Dromahair,Leitrim
4c07d11e-27ac-851d-e053-ca3ca8c0ca7f,11408,Ratoath,Meath
4c07d11e-27ad-851d-e053-ca3ca8c0ca7f,11408,Ratoath,Meath
4c07d11e-27ae-851d-e053-ca3ca8c0ca7f,11408,Ratoath,Meath
4c07d11e-27af-851d-e053-ca3ca8c0ca7f,11408,Ratoath,Meath
4c07d11e-27b0-851d-e053-ca3ca8c0ca7f,04343,Rush,Dublin
4c07d11e-27b1-851d-e053-ca3ca8c0ca7f,04343,Rush,Dublin
4c07d11e-27b2-851d-e053-ca3ca8c0ca7f,32047,Ballyjamesduff,Cavan
4c07d11e-27b3-851d-e053-ca3ca8c0ca7f,32044,Bailieborough,Cavan
4c07d11e-27b4-851d-e053-ca3ca8c0ca7f,32044,Bailieborough,Cavan
4c07d11e-27b5-851d-e053-ca3ca8c0ca7f,28136,Dromahair,Leitrim
4c07d11e-27b6-851d-e053-ca3ca8c0ca7f,28136,Dromahair,Leitrim
4c07d11e-27b7-851d-e053-ca3ca8c0ca7f,32053,Belturbet,Cavan
4c07d11e-27b8-851d-e053-ca3ca8c0ca7f,32053,Belturbet,Cavan
4c07d11e-27b9-851d-e053-ca3ca8c0ca7f,11408,Ratoath,Meath
4c07d11e-27ba-851d-e053-ca3ca8c0ca7f,11408,Ratoath,Meath
4c07d11e-27bb-851d-e053-ca3ca8c0ca7f,11408,Ratoath,Meath
4c07d11e-27bc-851d-e053-ca3ca8c0ca7f,11408,Ratoath,Meath
4c07d11e-27bd-851d-e053-ca3ca8c0ca7f,26305,Galway city and suburbs,Galway
4c07d11e-27be-851d-e053-ca3ca8c0ca7f,26305,Galway city and suburbs,Galway
4c07d11e-27bf-851d-e053-ca3ca8c0ca7f,26305,Galway city and suburbs,Galway
4c07d11e-27c0-851d-e053-ca3ca8c0ca7f,26305,Galway city and suburbs,Galway
4c07d11e-27c1-851d-e053-ca3ca8c0ca7f,26305,Galway city and suburbs,Galway
4c07d11e-27c2-851d-e053-ca3ca8c0ca7f,24643,Waterford city and suburbs,Waterford
4c07d11e-27c3-851d-e053-ca3ca8c0ca7f,24643,Waterford city and suburbs,Waterford
4c07d11e-27c4-851d-e053-ca3ca8c0ca7f,26305,Galway city and suburbs,Galway
4c07d11e-27c5-851d-e053-ca3ca8c0ca7f,26305,Galway city and suburbs,Galway
4c07d11e-27c6-851d-e053-ca3ca8c0ca7f,26305,Galway city and suburbs,Galway
4c07d11e-27c7-851d-e053-ca3ca8c0ca7f,26305,Galway city and suburbs,Galway
4c07d11e-27c8-851d-e053-ca3ca8c0ca7f,26305,Galway city and suburbs,Galway
4c07d11e-27c9-851d-e053-ca3ca8c0ca7f,18733,Midleton,Cork
4c07d11e-27ca-851d-e053-ca3ca8c0ca7f,18733,Midleton,Cork
4c07d11e-27cb-851d-e053-ca3ca8c0ca7f,18731,Cloyne,Cork
4c07d11e-27cc-851d-e053-ca3ca8c0ca7f,18727,Castlemartyr,Cork
4c07d11e-27cd-851d-e053-ca3ca8c0ca7f,24643,Waterford city and suburbs,Waterford
4c07d11e-27ce-851d-e053-ca3ca8c0ca7f,24643,Waterford city and suburbs,Waterford
4c07d11e-27cf-851d-e053-ca3ca8c0ca7f,24643,Waterford city and suburbs,Waterford
4c07d11e-27d0-851d-e053-ca3ca8c0ca7f,24643,Waterford city and suburbs,Waterford
4c07d11e-27d1-851d-e053-ca3ca8c0ca7f,24643,Waterford city and suburbs,Waterford
4c07d11e-27d2-851d-e053-ca3ca8c0ca7f,24643,Waterford city and suburbs,Waterford
4c07d11e-27d3-851d-e053-ca3ca8c0ca7f,26305,Galway city and suburbs,Galway
4c07d11e-27d4-851d-e053-ca3ca8c0ca7f,26305,Galway city and suburbs,Galway
4c07d11e-27d5-851d-e053-ca3ca8c0ca7f,26305,Galway city and suburbs,Galway
4c07d11e-27d6-851d-e053-ca3ca8c0ca7f,26305,Galway city and suburbs,Galway
4c07d11e-27d7-851d-e053-ca3ca8c0ca7f,18743,Rathcormac,Cork
4c07d11e-27d8-851d-e053-ca3ca8c0ca7f,18743,Rathcormac,Cork
4c07d11e-27d9-851d-e053-ca3ca8c0ca7f,18721,Youghal,Cork
4c07d11e-27da-851d-e053-ca3ca8c0ca7f,18721,Youghal,Cork
4c07d11e-27db-851d-e053-ca3ca8c0ca7f,24643,Waterford city and suburbs,Waterford
4c07d11e-27dc-851d-e053-ca3ca8c0ca7f,24643,Waterford city and suburbs,Waterford
4c07d11e-27dd-851d-e053-ca3ca8c0ca7f,24643,Waterford city and suburbs,Waterford
4c07d11e-27de-851d-e053-ca3ca8c0ca7f,26305,Galway city and suburbs,Galway
4c07d11e-27df-851d-e053-ca3ca8c0ca7f,26305,Galway city and suburbs,Galway
4c07d11e-27e0-851d-e053-ca3ca8c0ca7f,26305,Galway city and suburbs,Galway
4c07d11e-27e1-851d-e053-ca3ca8c0ca7f,26305,Galway city and suburbs,Galway
4c07d11e-27e2-851d-e053-ca3ca8c0ca7f,26305,Galway city and suburbs,Galway
4c07d11e-27e3-851d-e053-ca3ca8c0ca7f,26305,Galway city and suburbs,Galway
4c07d11e-27e4-851d-e053-ca3ca8c0ca7f,26305,Galway city and suburbs,Galway
4c07d11e-27e5-851d-e053-ca3ca8c0ca7f,26305,Galway city and suburbs,Galway
4c07d11e-27e6-851d-e053-ca3ca8c0ca7f,26305,Galway city and suburbs,Galway
4c07d11e-27e7-851d-e053-ca3ca8c0ca7f,26305,Galway city and suburbs,Galway
4c07d11e-27e8-851d-e053-ca3ca8c0ca7f,18721,Youghal,Cork
4c07d11e-27e9-851d-e053-ca3ca8c0ca7f,18721,Youghal,Cork
4c07d11e-27ea-851d-e053-ca3ca8c0ca7f,18721,Youghal,Cork
4c07d11e-27eb-851d-e053-ca3ca8c0ca7f,24643,Waterford city and suburbs,Waterford
4c07d11e-27ec-851d-e053-ca3ca8c0ca7f,24643,Waterford city and suburbs,Waterford
4c07d11e-27ed-851d-e053-ca3ca8c0ca7f,24643,Waterford city and suburbs,Waterford
4c07d11e-27ee-851d-e053-ca3ca8c0ca7f,26305,Galway city and suburbs,Galway
4c07d11e-27ef-851d-e053-ca3ca8c0ca7f,26305,Galway city and suburbs,Galway
4c07d11e-27f0-851d-e053-ca3ca8c0ca7f,26305,Galway city and suburbs,Galway
4c07d11e-27f1-851d-e053-ca3ca8c0ca7f,26305,Galway city and suburbs,Galway
4c07d11e-27f2-851d-e053-ca3ca8c0ca7f,26305,Galway city and suburbs,Galway
4c07d11e-27f3-851d-e053-ca3ca8c0ca7f,26305,Galway city and suburbs,Galway
4c07d11e-27f4-851d-e053-ca3ca8c0ca7f,26305,Galway city and suburbs,Galway
4c07d11e-27f5-851d-e053-ca3ca8c0ca7f,26305,Galway city and suburbs,Galway
4c07d11e-27f6-851d-e053-ca3ca8c0ca7f,26305,Galway city and suburbs,Galway
4c07d11e-27f7-851d-e053-ca3ca8c0ca7f,18721,Youghal,Cork
4c07d11e-27f8-851d-e053-ca3ca8c0ca7f,18721,Youghal,Cork
4c07d11e-27f9-851d-e053-ca3ca8c0ca7f,18721,Youghal,Cork
4c07d11e-27fa-851d-e053-ca3ca8c0ca7f,18721,Youghal,Cork
4c07d11e-27fb-851d-e053-ca3ca8c0ca7f,24643,Waterford city and suburbs,Waterford
4c07d11e-27fc-851d-e053-ca3ca8c0ca7f,24643,Waterford city and suburbs,Waterford
4c07d11e-27fd-851d-e053-ca3ca8c0ca7f,24643,Waterford city and suburbs,Waterford
4c07d11e-27fe-851d-e053-ca3ca8c0ca7f,24643,Waterford city and suburbs,Waterford
4c07d11e-27ff-851d-e053-ca3ca8c0ca7f,24643,Waterford city and suburbs,Waterford
4c07d11e-2800-851d-e053-ca3ca8c0ca7f,26305,Galway city and suburbs,Galway
4c07d11e-2801-851d-e053-ca3ca8c0ca7f,26305,Galway city and suburbs,Galway
4c07d11e-2802-851d-e053-ca3ca8c0ca7f,26305,Galway city and suburbs,Galway
4c07d11e-2803-851d-e053-ca3ca8c0ca7f,26305,Galway city and suburbs,Galway
4c07d11e-2804-851d-e053-ca3ca8c0ca7f,26305,Galway city and suburbs,Galway
4c07d11e-2805-851d-e053-ca3ca8c0ca7f,26305,Galway city and suburbs,Galway
4c07d11e-2806-851d-e053-ca3ca8c0ca7f,26305,Galway city and suburbs,Galway
4c07d11e-2807-851d-e053-ca3ca8c0ca7f,27285,Lackaghbeg,Galway
4c07d11e-2808-851d-e053-ca3ca8c0ca7f,27277,Athenry,Galway
4c07d11e-2809-851d-e053-ca3ca8c0ca7f,27277,Athenry,Galway
4c07d11e-280a-851d-e053-ca3ca8c0ca7f,18744,Crosshaven,Cork
4c07d11e-280b-851d-e053-ca3ca8c0ca7f,25684,Dungarvan,Waterford
4c07d11e-280c-851d-e053-ca3ca8c0ca7f,25684,Dungarvan,Waterford
4c07d11e-280d-851d-e053-ca3ca8c0ca7f,24643,Waterford city and suburbs,Waterford
4c07d11e-280e-851d-e053-ca3ca8c0ca7f,24643,Waterford city and suburbs,Waterford
4c07d11e-280f-851d-e053-ca3ca8c0ca7f,24643,Waterford city and suburbs,Waterford
4c07d11e-2810-851d-e053-ca3ca8c0ca7f,24643,Waterford city and suburbs,Waterford
4c07d11e-2811-851d-e053-ca3ca8c0ca7f,24643,Waterford city and suburbs,Waterford
4c07d11e-2812-851d-e053-ca3ca8c0ca7f,24643,Waterford city and suburbs,Waterford
4c07d11e-2813-851d-e053-ca3ca8c0ca7f,24643,Waterford city and suburbs,Waterford
4c07d11e-2814-851d-e053-ca3ca8c0ca7f,26305,Galway city and suburbs,Galway
4c07d11e-2815-851d-e053-ca3ca8c0ca7f,26305,Galway city and suburbs,Galway
4c07d11e-2816-851d-e053-ca3ca8c0ca7f,26305,Galway city and suburbs,Galway
4c07d11e-2817-851d-e053-ca3ca8c0ca7f,26305,Galway city and suburbs,Galway
4c07d11e-2819-851d-e053-ca3ca8c0ca7f,18744,Crosshaven,Cork
4c07d11e-281a-851d-e053-ca3ca8c0ca7f,18744,Crosshaven,Cork
4c07d11e-281b-851d-e053-ca3ca8c0ca7f,18746,Cobh,Cork
4c07d11e-281c-851d-e053-ca3ca8c0ca7f,25684,Dungarvan,Waterford
4c07d11e-281e-851d-e053-ca3ca8c0ca7f,18742,Fermoy,Cork
4c07d11e-281f-851d-e053-ca3ca8c0ca7f,18742,Fermoy,Cork
4c07d11e-2820-851d-e053-ca3ca8c0ca7f,24643,Waterford city and suburbs,Waterford
4c07d11e-2821-851d-e053-ca3ca8c0ca7f,24643,Waterford city and suburbs,Waterford
4c07d11e-2822-851d-e053-ca3ca8c0ca7f,26305,Galway city and suburbs,Galway
4c07d11e-2823-851d-e053-ca3ca8c0ca7f,26305,Galway city and suburbs,Galway
4c07d11e-2824-851d-e053-ca3ca8c0ca7f,26305,Galway city and suburbs,Galway
4c07d11e-2825-851d-e053-ca3ca8c0ca7f,26305,Galway city and suburbs,Galway
4c07d11e-2826-851d-e053-ca3ca8c0ca7f,18746,Cobh,Cork
4c07d11e-2827-851d-e053-ca3ca8c0ca7f,18746,Cobh,Cork
4c07d11e-2828-851d-e053-ca3ca8c0ca7f,18746,Cobh,Cork
4c07d11e-2829-851d-e053-ca3ca8c0ca7f,18746,Cobh,Cork
4c07d11e-282a-851d-e053-ca3ca8c0ca7f,18739,Kilworth,Cork
4c07d11e-282b-851d-e053-ca3ca8c0ca7f,18739,Kilworth,Cork
4c07d11e-282c-851d-e053-ca3ca8c0ca7f,25691,Lismore,Waterford
4c07d11e-282d-851d-e053-ca3ca8c0ca7f,18740,Mitchelstown,Cork
4c07d11e-282e-851d-e053-ca3ca8c0ca7f,24643,Waterford city and suburbs,Waterford
4c07d11e-282f-851d-e053-ca3ca8c0ca7f,24643,Waterford city and suburbs,Waterford
4c07d11e-2830-851d-e053-ca3ca8c0ca7f,26305,Galway city and suburbs,Galway
4c07d11e-2831-851d-e053-ca3ca8c0ca7f,26305,Galway city and suburbs,Galway
4c07d11e-2832-851d-e053-ca3ca8c0ca7f,26305,Galway city and suburbs,Galway
4c07d11e-2834-851d-e053-ca3ca8c0ca7f,26305,Galway city and suburbs,Galway
4c07d11e-2835-851d-e053-ca3ca8c0ca7f,26305,Galway city and suburbs,Galway
4c07d11e-2836-851d-e053-ca3ca8c0ca7f,26305,Galway city and suburbs,Galway
4c07d11e-2837-851d-e053-ca3ca8c0ca7f,18746,Cobh,Cork
4c07d11e-2838-851d-e053-ca3ca8c0ca7f,18749,Passage West-Monkstown,Cork
4c07d11e-2839-851d-e053-ca3ca8c0ca7f,18746,Cobh,Cork
4c07d11e-283a-851d-e053-ca3ca8c0ca7f,18746,Cobh,Cork
4c07d11e-283b-851d-e053-ca3ca8c0ca7f,18746,Cobh,Cork
4c07d11e-283c-851d-e053-ca3ca8c0ca7f,18740,Mitchelstown,Cork
4c07d11e-283d-851d-e053-ca3ca8c0ca7f,18740,Mitchelstown,Cork
4c07d11e-283e-851d-e053-ca3ca8c0ca7f,23702,Clonmel,Tipperary
4c07d11e-283f-851d-e053-ca3ca8c0ca7f,24643,Waterford city and suburbs,Waterford
4c07d11e-2840-851d-e053-ca3ca8c0ca7f,24643,Waterford city and suburbs,Waterford
4c07d11e-2841-851d-e053-ca3ca8c0ca7f,24643,Waterford city and suburbs,Waterford
4c07d11e-2842-851d-e053-ca3ca8c0ca7f,26305,Galway city and suburbs,Galway
4c07d11e-2843-851d-e053-ca3ca8c0ca7f,26305,Galway city and suburbs,Galway
4c07d11e-2844-851d-e053-ca3ca8c0ca7f,26305,Galway city and suburbs,Galway
4c07d11e-2845-851d-e053-ca3ca8c0ca7f,26305,Galway city and suburbs,Galway
4c07d11e-2846-851d-e053-ca3ca8c0ca7f,26305,Galway city and suburbs,Galway
4c07d11e-2847-851d-e053-ca3ca8c0ca7f,26305,Galway city and suburbs,Galway
4c07d11e-2848-851d-e053-ca3ca8c0ca7f,18746,Cobh,Cork
4c07d11e-2849-851d-e053-ca3ca8c0ca7f,18746,Cobh,Cork
4c07d11e-284a-851d-e053-ca3ca8c0ca7f,18746,Cobh,Cork
4c07d11e-284b-851d-e053-ca3ca8c0ca7f,23702,Clonmel,Tipperary
4c07d11e-284c-851d-e053-ca3ca8c0ca7f,23702,Clonmel,Tipperary
4c07d11e-284d-851d-e053-ca3ca8c0ca7f,23702,Clonmel,Tipperary
4c07d11e-284e-851d-e053-ca3ca8c0ca7f,23702,Clonmel,Tipperary
4c07d11e-284f-851d-e053-ca3ca8c0ca7f,23702,Clonmel,Tipperary
4c07d11e-2850-851d-e053-ca3ca8c0ca7f,23702,Clonmel,Tipperary
4c07d11e-2851-851d-e053-ca3ca8c0ca7f,24643,Waterford city and suburbs,Waterford
4c07d11e-2852-851d-e053-ca3ca8c0ca7f,24643,Waterford city and suburbs,Waterford
4c07d11e-2853-851d-e053-ca3ca8c0ca7f,24643,Waterford city and suburbs,Waterford
4c07d11e-2854-851d-e053-ca3ca8c0ca7f,24643,Waterford city and suburbs,Waterford
4c07d11e-2855-851d-e053-ca3ca8c0ca7f,26305,Galway city and suburbs,Galway
4c07d11e-2856-851d-e053-ca3ca8c0ca7f,26305,Galway city and suburbs,Galway
4c07d11e-2857-851d-e053-ca3ca8c0ca7f,26305,Galway city and suburbs,Galway
4c07d11e-2858-851d-e053-ca3ca8c0ca7f,26305,Galway city and suburbs,Galway
4c07d11e-2859-851d-e053-ca3ca8c0ca7f,26305,Galway city and suburbs,Galway
4c07d11e-285a-851d-e053-ca3ca8c0ca7f,18746,Cobh,Cork
4c07d11e-285b-851d-e053-ca3ca8c0ca7f,18746,Cobh,Cork
4c07d11e-285c-851d-e053-ca3ca8c0ca7f,18746,Cobh,Cork
4c07d11e-285d-851d-e053-ca3ca8c0ca7f,23702,Clonmel,Tipperary
4c07d11e-285e-851d-e053-ca3ca8c0ca7f,23702,Clonmel,Tipperary
4c07d11e-285f-851d-e053-ca3ca8c0ca7f,23702,Clonmel,Tipperary
4c07d11e-2860-851d-e053-ca3ca8c0ca7f,23702,Clonmel,Tipperary
4c07d11e-2861-851d-e053-ca3ca8c0ca7f,23702,Clonmel,Tipperary
4c07d11e-2862-851d-e053-ca3ca8c0ca7f,23702,Clonmel,Tipperary
4c07d11e-2863-851d-e053-ca3ca8c0ca7f,23702,Clonmel,Tipperary
4c07d11e-2864-851d-e053-ca3ca8c0ca7f,24643,Waterford city and suburbs,Waterford
4c07d11e-2865-851d-e053-ca3ca8c0ca7f,24643,Waterford city and suburbs,Waterford
4c07d11e-2866-851d-e053-ca3ca8c0ca7f,24643,Waterford city and suburbs,Waterford
4c07d11e-2867-851d-e053-ca3ca8c0ca7f,24643,Waterford city and suburbs,Waterford
4c07d11e-2868-851d-e053-ca3ca8c0ca7f,24643,Waterford city and suburbs,Waterford
4c07d11e-2869-851d-e053-ca3ca8c0ca7f,26305,Galway city and suburbs,Galway
4c07d11e-286a-851d-e053-ca3ca8c0ca7f,26305,Galway city and suburbs,Galway
4c07d11e-286b-851d-e053-ca3ca8c0ca7f,26305,Galway city and suburbs,Galway
4c07d11e-286c-851d-e053-ca3ca8c0ca7f,26305,Galway city and suburbs,Galway
4c07d11e-286d-851d-e053-ca3ca8c0ca7f,17364,Cork city and suburbs,Cork
4c07d11e-286e-851d-e053-ca3ca8c0ca7f,18741,Carrigtwohill,Cork
4c07d11e-286f-851d-e053-ca3ca8c0ca7f,18741,Carrigtwohill,Cork
4c07d11e-2870-851d-e053-ca3ca8c0ca7f,18741,Carrigtwohill,Cork
4c07d11e-2871-851d-e053-ca3ca8c0ca7f,18741,Carrigtwohill,Cork
4c07d11e-2872-851d-e053-ca3ca8c0ca7f,23702,Clonmel,Tipperary
4c07d11e-2873-851d-e053-ca3ca8c0ca7f,23702,Clonmel,Tipperary
4c07d11e-2874-851d-e053-ca3ca8c0ca7f,23702,Clonmel,Tipperary
4c07d11e-2875-851d-e053-ca3ca8c0ca7f,23702,Clonmel,Tipperary
4c07d11e-2876-851d-e053-ca3ca8c0ca7f,24643,Waterford city and suburbs,Waterford
4c07d11e-2877-851d-e053-ca3ca8c0ca7f,24643,Waterford city and suburbs,Waterford
4c07d11e-2878-851d-e053-ca3ca8c0ca7f,24643,Waterford city and suburbs,Waterford
4c07d11e-2879-851d-e053-ca3ca8c0ca7f,24643,Waterford city and suburbs,Waterford
4c07d11e-287a-851d-e053-ca3ca8c0ca7f,26305,Galway city and suburbs,Galway
4c07d11e-287b-851d-e053-ca3ca8c0ca7f,26305,Galway city and suburbs,Galway
4c07d11e-287c-851d-e053-ca3ca8c0ca7f,26305,Galway city and suburbs,Galway
4c07d11e-287d-851d-e053-ca3ca8c0ca7f,26305,Galway city and suburbs,Galway
4c07d11e-287e-851d-e053-ca3ca8c0ca7f,26305,Galway city and suburbs,Galway
4c07d11e-287f-851d-e053-ca3ca8c0ca7f,18741,Carrigtwohill,Cork
4c07d11e-2880-851d-e053-ca3ca8c0ca7f,18741,Carrigtwohill,Cork
4c07d11e-2881-851d-e053-ca3ca8c0ca7f,18741,Carrigtwohill,Cork
4c07d11e-2882-851d-e053-ca3ca8c0ca7f,18733,Midleton,Cork
4c07d11e-2883-851d-e053-ca3ca8c0ca7f,23702,Clonmel,Tipperary
4c07d11e-2884-851d-e053-ca3ca8c0ca7f,25674,Tramore,Waterford
4c07d11e-2885-851d-e053-ca3ca8c0ca7f,25674,Tramore,Waterford
4c07d11e-2886-851d-e053-ca3ca8c0ca7f,25674,Tramore,Waterford
4c07d11e-2887-851d-e053-ca3ca8c0ca7f,25674,Tramore,Waterford
4c07d11e-2888-851d-e053-ca3ca8c0ca7f,24643,Waterford city and suburbs,Waterford
4c07d11e-2889-851d-e053-ca3ca8c0ca7f,24643,Waterford city and suburbs,Waterford
4c07d11e-288a-851d-e053-ca3ca8c0ca7f,24643,Waterford city and suburbs,Waterford
4c07d11e-288b-851d-e053-ca3ca8c0ca7f,24643,Waterford city and suburbs,Waterford
4c07d11e-288c-851d-e053-ca3ca8c0ca7f,24643,Waterford city and suburbs,Waterford
4c07d11e-288d-851d-e053-ca3ca8c0ca7f,26305,Galway city and suburbs,Galway
4c07d11e-288e-851d-e053-ca3ca8c0ca7f,26305,Galway city and suburbs,Galway
4c07d11e-288f-851d-e053-ca3ca8c0ca7f,26305,Galway city and suburbs,Galway
4c07d11e-2890-851d-e053-ca3ca8c0ca7f,26305,Galway city and suburbs,Galway
4c07d11e-2891-851d-e053-ca3ca8c0ca7f,18733,Midleton,Cork
4c07d11e-2892-851d-e053-ca3ca8c0ca7f,18733,Midleton,Cork
4c07d11e-2893-851d-e053-ca3ca8c0ca7f,18733,Midleton,Cork
4c07d11e-2894-851d-e053-ca3ca8c0ca7f,25674,Tramore,Waterford
4c07d11e-2895-851d-e053-ca3ca8c0ca7f,25674,Tramore,Waterford
4c07d11e-2896-851d-e053-ca3ca8c0ca7f,24643,Waterford city and suburbs,Waterford
4c07d11e-2897-851d-e053-ca3ca8c0ca7f,25677,Portlaw,Waterford
4c07d11e-2898-851d-e053-ca3ca8c0ca7f,24643,Waterford city and suburbs,Waterford
4c07d11e-2899-851d-e053-ca3ca8c0ca7f,24643,Waterford city and suburbs,Waterford
4c07d11e-289a-851d-e053-ca3ca8c0ca7f,24643,Waterford city and suburbs,Waterford
4c07d11e-289b-851d-e053-ca3ca8c0ca7f,26305,Galway city and suburbs,Galway
4c07d11e-289c-851d-e053-ca3ca8c0ca7f,26305,Galway city and suburbs,Galway
4c07d11e-289d-851d-e053-ca3ca8c0ca7f,26305,Galway city and suburbs,Galway
4c07d11e-289e-851d-e053-ca3ca8c0ca7f,26305,Galway city and suburbs,Galway
4c07d11e-289f-851d-e053-ca3ca8c0ca7f,26305,Galway city and suburbs,Galway
4c07d11e-28a0-851d-e053-ca3ca8c0ca7f,18733,Midleton,Cork
4c07d11e-28a1-851d-e053-ca3ca8c0ca7f,18733,Midleton,Cork
4c07d11e-28a2-851d-e053-ca3ca8c0ca7f,18733,Midleton,Cork
4c07d11e-28a3-851d-e053-ca3ca8c0ca7f,23693,Carrick-on-Suir,Tipperary
4c07d11e-28a4-851d-e053-ca3ca8c0ca7f,23693,Carrick-on-Suir,Tipperary
4c07d11e-28a5-851d-e053-ca3ca8c0ca7f,23693,Carrick-on-Suir,Tipperary
4c07d11e-28a6-851d-e053-ca3ca8c0ca7f,23693,Carrick-on-Suir,Tipperary
4c07d11e-28a7-851d-e053-ca3ca8c0ca7f,23693,Carrick-on-Suir,Tipperary
4c07d11e-28a8-851d-e053-ca3ca8c0ca7f,24643,Waterford city and suburbs,Waterford
4c07d11e-28a9-851d-e053-ca3ca8c0ca7f,24643,Waterford city and suburbs,Waterford
4c07d11e-28aa-851d-e053-ca3ca8c0ca7f,24643,Waterford city and suburbs,Waterford
4c07d11e-28ab-851d-e053-ca3ca8c0ca7f,26305,Galway city and suburbs,Galway
4c07d11e-28ac-851d-e053-ca3ca8c0ca7f,26305,Galway city and suburbs,Galway
4c07d11e-28ad-851d-e053-ca3ca8c0ca7f,26305,Galway city and suburbs,Galway
4c07d11e-28ae-851d-e053-ca3ca8c0ca7f,26305,Galway city and suburbs,Galway
4c07d11e-28af-851d-e053-ca3ca8c0ca7f,26305,Galway city and suburbs,Galway
4c07d11e-28b0-851d-e053-ca3ca8c0ca7f,18733,Midleton,Cork
4c07d11e-28b1-851d-e053-ca3ca8c0ca7f,18733,Midleton,Cork
4c07d11e-28b2-851d-e053-ca3ca8c0ca7f,23693,Carrick-on-Suir,Tipperary
4c07d11e-28b3-851d-e053-ca3ca8c0ca7f,23693,Carrick-on-Suir,Tipperary
4c07d11e-28b4-851d-e053-ca3ca8c0ca7f,24643,Waterford city and suburbs,Waterford
4c07d11e-28b5-851d-e053-ca3ca8c0ca7f,24643,Waterford city and suburbs,Waterford
4c07d11e-28b6-851d-e053-ca3ca8c0ca7f,24643,Waterford city and suburbs,Waterford
4c07d11e-28b7-851d-e053-ca3ca8c0ca7f,24643,Waterford city and suburbs,Waterford
4c07d11e-28b8-851d-e053-ca3ca8c0ca7f,24643,Waterford city and suburbs,Waterford
4c07d11e-28b9-851d-e053-ca3ca8c0ca7f,26305,Galway city and suburbs,Galway
4c07d11e-28ba-851d-e053-ca3ca8c0ca7f,26305,Galway city and suburbs,Galway
4c07d11e-28bb-851d-e053-ca3ca8c0ca7f,27289,Oranmore,Galway
4c07d11e-28bc-851d-e053-ca3ca8c0ca7f,27289,Oranmore,Galway
4c07d11e-28bd-851d-e053-ca3ca8c0ca7f,26305,Galway city and suburbs,Galway
4c07d11e-28be-851d-e053-ca3ca8c0ca7f,26305,Galway city and suburbs,Galway
4c07d11e-28bf-851d-e053-ca3ca8c0ca7f,18733,Midleton,Cork
4c07d11e-28c0-851d-e053-ca3ca8c0ca7f,18733,Midleton,Cork
4c07d11e-28c1-851d-e053-ca3ca8c0ca7f,18733,Midleton,Cork
4c07d11e-28c2-851d-e053-ca3ca8c0ca7f,24643,Waterford city and suburbs,Waterford
4c07d11e-28c3-851d-e053-ca3ca8c0ca7f,24643,Waterford city and suburbs,Waterford
4c07d11e-28c4-851d-e053-ca3ca8c0ca7f,24643,Waterford city and suburbs,Waterford
4c07d11e-28c5-851d-e053-ca3ca8c0ca7f,02341,Dublin city and suburbs,Dublin
4c07d11e-28c6-851d-e053-ca3ca8c0ca7f,02341,Dublin city and suburbs,Dublin
4c07d11e-28c7-851d-e053-ca3ca8c0ca7f,02341,Dublin city and suburbs,Dublin
4c07d11e-28c8-851d-e053-ca3ca8c0ca7f,02341,Dublin city and suburbs,Dublin
4c07d11e-28c9-851d-e053-ca3ca8c0ca7f,02341,Dublin city and suburbs,Dublin
4c07d11e-28ca-851d-e053-ca3ca8c0ca7f,02341,Dublin city and suburbs,Dublin
4c07d11e-28cb-851d-e053-ca3ca8c0ca7f,02341,Dublin city and suburbs,Dublin
4c07d11e-28cc-851d-e053-ca3ca8c0ca7f,02341,Dublin city and suburbs,Dublin
4c07d11e-28cd-851d-e053-ca3ca8c0ca7f,02341,Dublin city and suburbs,Dublin
4c07d11e-28ce-851d-e053-ca3ca8c0ca7f,02341,Dublin city and suburbs,Dublin
4c07d11e-28cf-851d-e053-ca3ca8c0ca7f,02341,Dublin city and suburbs,Dublin
4c07d11e-28d0-851d-e053-ca3ca8c0ca7f,02341,Dublin city and suburbs,Dublin
4c07d11e-28d2-851d-e053-ca3ca8c0ca7f,02341,Dublin city and suburbs,Dublin
4c07d11e-28d3-851d-e053-ca3ca8c0ca7f,02341,Dublin city and suburbs,Dublin
4c07d11e-28d4-851d-e053-ca3ca8c0ca7f,02341,Dublin city and suburbs,Dublin
4c07d11e-28d5-851d-e053-ca3ca8c0ca7f,02341,Dublin city and suburbs,Dublin
4c07d11e-28d6-851d-e053-ca3ca8c0ca7f,02341,Dublin city and suburbs,Dublin
4c07d11e-28d7-851d-e053-ca3ca8c0ca7f,02341,Dublin city and suburbs,Dublin
4c07d11e-28d8-851d-e053-ca3ca8c0ca7f,02341,Dublin city and suburbs,Dublin
4c07d11e-28d9-851d-e053-ca3ca8c0ca7f,02341,Dublin city and suburbs,Dublin
4c07d11e-28da-851d-e053-ca3ca8c0ca7f,02341,Dublin city and suburbs,Dublin
4c07d11e-28db-851d-e053-ca3ca8c0ca7f,02341,Dublin city and suburbs,Dublin
4c07d11e-28dc-851d-e053-ca3ca8c0ca7f,02341,Dublin city and suburbs,Dublin
4c07d11e-28dd-851d-e053-ca3ca8c0ca7f,11409,Dunboyne,Meath
4c07d11e-28de-851d-e053-ca3ca8c0ca7f,11409,Dunboyne,Meath
4c07d11e-28df-851d-e053-ca3ca8c0ca7f,02341,Dublin city and suburbs,Dublin
4c07d11e-28e0-851d-e053-ca3ca8c0ca7f,02341,Dublin city and suburbs,Dublin
4c07d11e-28e1-851d-e053-ca3ca8c0ca7f,02341,Dublin city and suburbs,Dublin
4c07d11e-28e2-851d-e053-ca3ca8c0ca7f,02341,Dublin city and suburbs,Dublin
4c07d11e-28e3-851d-e053-ca3ca8c0ca7f,02341,Dublin city and suburbs,Dublin
4c07d11e-28e4-851d-e053-ca3ca8c0ca7f,02341,Dublin city and suburbs,Dublin
4c07d11e-28e5-851d-e053-ca3ca8c0ca7f,02341,Dublin city and suburbs,Dublin
4c07d11e-28e6-851d-e053-ca3ca8c0ca7f,02341,Dublin city and suburbs,Dublin
4c07d11e-28e7-851d-e053-ca3ca8c0ca7f,02341,Dublin city and suburbs,Dublin
4c07d11e-28e8-851d-e053-ca3ca8c0ca7f,02341,Dublin city and suburbs,Dublin
4c07d11e-28e9-851d-e053-ca3ca8c0ca7f,02341,Dublin city and suburbs,Dublin
4c07d11e-28ea-851d-e053-ca3ca8c0ca7f,11409,Dunboyne,Meath
4c07d11e-28eb-851d-e053-ca3ca8c0ca7f,11409,Dunboyne,Meath
4c07d11e-28ec-851d-e053-ca3ca8c0ca7f,11409,Dunboyne,Meath
4c07d11e-28ed-851d-e053-ca3ca8c0ca7f,02341,Dublin city and suburbs,Dublin
4c07d11e-28ef-851d-e053-ca3ca8c0ca7f,02341,Dublin city and suburbs,Dublin
4c07d11e-28f0-851d-e053-ca3ca8c0ca7f,02341,Dublin city and suburbs,Dublin
4c07d11e-28f1-851d-e053-ca3ca8c0ca7f,02341,Dublin city and suburbs,Dublin
4c07d11e-28f2-851d-e053-ca3ca8c0ca7f,02341,Dublin city and suburbs,Dublin
4c07d11e-28f3-851d-e053-ca3ca8c0ca7f,02341,Dublin city and suburbs,Dublin
4c07d11e-28f4-851d-e053-ca3ca8c0ca7f,02341,Dublin city and suburbs,Dublin
4c07d11e-28f5-851d-e053-ca3ca8c0ca7f,02341,Dublin city and suburbs,Dublin
4c07d11e-28f6-851d-e053-ca3ca8c0ca7f,02341,Dublin city and suburbs,Dublin
4c07d11e-28f7-851d-e053-ca3ca8c0ca7f,02341,Dublin city and suburbs,Dublin
4c07d11e-28f8-851d-e053-ca3ca8c0ca7f,02341,Dublin city and suburbs,Dublin
4c07d11e-28f9-851d-e053-ca3ca8c0ca7f,02341,Dublin city and suburbs,Dublin
4c07d11e-28fa-851d-e053-ca3ca8c0ca7f,02341,Dublin city and suburbs,Dublin
4c07d11e-28fb-851d-e053-ca3ca8c0ca7f,02341,Dublin city and suburbs,Dublin
4c07d11e-28fc-851d-e053-ca3ca8c0ca7f,02341,Dublin city and suburbs,Dublin
4c07d11e-28fd-851d-e053-ca3ca8c0ca7f,02341,Dublin city and suburbs,Dublin
4c07d11e-28fe-851d-e053-ca3ca8c0ca7f,02341,Dublin city and suburbs,Dublin
4c07d11e-28ff-851d-e053-ca3ca8c0ca7f,02341,Dublin city and suburbs,Dublin
4c07d11e-2900-851d-e053-ca3ca8c0ca7f,02341,Dublin city and suburbs,Dublin
4c07d11e-2901-851d-e053-ca3ca8c0ca7f,02341,Dublin city and suburbs,Dublin
4c07d11e-2902-851d-e053-ca3ca8c0ca7f,02341,Dublin city and suburbs,Dublin
4c07d11e-2903-851d-e053-ca3ca8c0ca7f,02341,Dublin city and suburbs,Dublin
4c07d11e-2904-851d-e053-ca3ca8c0ca7f,02341,Dublin city and suburbs,Dublin
4c07d11e-2905-851d-e053-ca3ca8c0ca7f,02341,Dublin city and suburbs,Dublin
4c07d11e-2906-851d-e053-ca3ca8c0ca7f,02341,Dublin city and suburbs,Dublin
4c07d11e-2907-851d-e053-ca3ca8c0ca7f,02341,Dublin city and suburbs,Dublin
4c07d11e-2908-851d-e053-ca3ca8c0ca7f,02341,Dublin city and suburbs,Dublin
4c07d11e-2909-851d-e053-ca3ca8c0ca7f,02341,Dublin city and suburbs,Dublin
4c07d11e-290a-851d-e053-ca3ca8c0ca7f,02341,Dublin city and suburbs,Dublin
4c07d11e-290b-851d-e053-ca3ca8c0ca7f,02341,Dublin city and suburbs,Dublin
4c07d11e-290c-851d-e053-ca3ca8c0ca7f,02341,Dublin city and suburbs,Dublin
4c07d11e-290d-851d-e053-ca3ca8c0ca7f,02341,Dublin city and suburbs,Dublin
4c07d11e-290e-851d-e053-ca3ca8c0ca7f,02341,Dublin city and suburbs,Dublin
4c07d11e-290f-851d-e053-ca3ca8c0ca7f,02341,Dublin city and suburbs,Dublin
4c07d11e-2910-851d-e053-ca3ca8c0ca7f,02341,Dublin city and suburbs,Dublin
4c07d11e-2911-851d-e053-ca3ca8c0ca7f,02341,Dublin city and suburbs,Dublin
4c07d11e-2912-851d-e053-ca3ca8c0ca7f,02341,Dublin city and suburbs,Dublin
4c07d11e-2913-851d-e053-ca3ca8c0ca7f,02341,Dublin city and suburbs,Dublin
4c07d11e-2914-851d-e053-ca3ca8c0ca7f,02341,Dublin city and suburbs,Dublin
4c07d11e-2915-851d-e053-ca3ca8c0ca7f,02341,Dublin city and suburbs,Dublin
4c07d11e-2916-851d-e053-ca3ca8c0ca7f,02341,Dublin city and suburbs,Dublin
4c07d11e-2917-851d-e053-ca3ca8c0ca7f,02341,Dublin city and suburbs,Dublin
4c07d11e-2918-851d-e053-ca3ca8c0ca7f,02341,Dublin city and suburbs,Dublin
4c07d11e-2919-851d-e053-ca3ca8c0ca7f,02341,Dublin city and suburbs,Dublin
4c07d11e-291a-851d-e053-ca3ca8c0ca7f,02341,Dublin city and suburbs,Dublin
4c07d11e-291b-851d-e053-ca3ca8c0ca7f,02341,Dublin city and suburbs,Dublin
4c07d11e-291c-851d-e053-ca3ca8c0ca7f,02341,Dublin city and suburbs,Dublin
4c07d11e-291d-851d-e053-ca3ca8c0ca7f,02341,Dublin city and suburbs,Dublin
4c07d11e-291e-851d-e053-ca3ca8c0ca7f,02341,Dublin city and suburbs,Dublin
4c07d11e-291f-851d-e053-ca3ca8c0ca7f,02341,Dublin city and suburbs,Dublin
4c07d11e-2920-851d-e053-ca3ca8c0ca7f,02341,Dublin city and suburbs,Dublin
4c07d11e-2921-851d-e053-ca3ca8c0ca7f,02341,Dublin city and suburbs,Dublin
4c07d11e-2922-851d-e053-ca3ca8c0ca7f,02341,Dublin city and suburbs,Dublin
4c07d11e-2923-851d-e053-ca3ca8c0ca7f,02341,Dublin city and suburbs,Dublin
4c07d11e-2924-851d-e053-ca3ca8c0ca7f,02341,Dublin city and suburbs,Dublin
4c07d11e-2925-851d-e053-ca3ca8c0ca7f,02341,Dublin city and suburbs,Dublin
4c07d11e-2926-851d-e053-ca3ca8c0ca7f,02341,Dublin city and suburbs,Dublin
4c07d11e-2927-851d-e053-ca3ca8c0ca7f,02341,Dublin city and suburbs,Dublin
4c07d11e-2928-851d-e053-ca3ca8c0ca7f,02341,Dublin city and suburbs,Dublin
4c07d11e-2929-851d-e053-ca3ca8c0ca7f,02341,Dublin city and suburbs,Dublin
4c07d11e-292a-851d-e053-ca3ca8c0ca7f,02341,Dublin city and suburbs,Dublin
4c07d11e-292b-851d-e053-ca3ca8c0ca7f,02341,Dublin city and suburbs,Dublin
4c07d11e-292c-851d-e053-ca3ca8c0ca7f,02341,Dublin city and suburbs,Dublin
4c07d11e-292d-851d-e053-ca3ca8c0ca7f,02341,Dublin city and suburbs,Dublin
4c07d11e-292e-851d-e053-ca3ca8c0ca7f,02341,Dublin city and suburbs,Dublin
4c07d11e-292f-851d-e053-ca3ca8c0ca7f,02341,Dublin city and suburbs,Dublin
4c07d11e-2930-851d-e053-ca3ca8c0ca7f,02341,Dublin city and suburbs,Dublin
4c07d11e-2931-851d-e053-ca3ca8c0ca7f,02341,Dublin city and suburbs,Dublin
4c07d11e-2932-851d-e053-ca3ca8c0ca7f,02341,Dublin city and suburbs,Dublin
4c07d11e-2933-851d-e053-ca3ca8c0ca7f,02341,Dublin city and suburbs,Dublin
4c07d11e-2934-851d-e053-ca3ca8c0ca7f,02341,Dublin city and suburbs,Dublin
4c07d11e-2935-851d-e053-ca3ca8c0ca7f,02341,Dublin city and suburbs,Dublin
4c07d11e-2936-851d-e053-ca3ca8c0ca7f,02341,Dublin city and suburbs,Dublin
4c07d11e-2937-851d-e053-ca3ca8c0ca7f,02341,Dublin city and suburbs,Dublin
4c07d11e-2938-851d-e053-ca3ca8c0ca7f,02341,Dublin city and suburbs,Dublin
4c07d11e-2939-851d-e053-ca3ca8c0ca7f,02341,Dublin city and suburbs,Dublin
4c07d11e-293a-851d-e053-ca3ca8c0ca7f,02341,Dublin city and suburbs,Dublin
4c07d11e-293b-851d-e053-ca3ca8c0ca7f,02341,Dublin city and suburbs,Dublin
4c07d11e-293c-851d-e053-ca3ca8c0ca7f,02341,Dublin city and suburbs,Dublin
4c07d11e-293d-851d-e053-ca3ca8c0ca7f,02341,Dublin city and suburbs,Dublin
4c07d11e-293e-851d-e053-ca3ca8c0ca7f,02341,Dublin city and suburbs,Dublin
4c07d11e-293f-851d-e053-ca3ca8c0ca7f,02341,Dublin city and suburbs,Dublin
4c07d11e-2940-851d-e053-ca3ca8c0ca7f,02341,Dublin city and suburbs,Dublin
4c07d11e-2941-851d-e053-ca3ca8c0ca7f,02341,Dublin city and suburbs,Dublin
4c07d11e-2942-851d-e053-ca3ca8c0ca7f,02341,Dublin city and suburbs,Dublin
4c07d11e-2943-851d-e053-ca3ca8c0ca7f,02341,Dublin city and suburbs,Dublin
4c07d11e-2944-851d-e053-ca3ca8c0ca7f,02341,Dublin city and suburbs,Dublin
4c07d11e-2945-851d-e053-ca3ca8c0ca7f,02341,Dublin city and suburbs,Dublin
4c07d11e-2946-851d-e053-ca3ca8c0ca7f,02341,Dublin city and suburbs,Dublin
4c07d11e-2947-851d-e053-ca3ca8c0ca7f,02341,Dublin city and suburbs,Dublin
4c07d11e-2948-851d-e053-ca3ca8c0ca7f,02341,Dublin city and suburbs,Dublin
4c07d11e-2949-851d-e053-ca3ca8c0ca7f,02341,Dublin city and suburbs,Dublin
4c07d11e-294a-851d-e053-ca3ca8c0ca7f,02341,Dublin city and suburbs,Dublin
4c07d11e-294b-851d-e053-ca3ca8c0ca7f,02341,Dublin city and suburbs,Dublin
4c07d11e-294c-851d-e053-ca3ca8c0ca7f,02341,Dublin city and suburbs,Dublin
4c07d11e-294d-851d-e053-ca3ca8c0ca7f,02341,Dublin city and suburbs,Dublin
4c07d11e-294e-851d-e053-ca3ca8c0ca7f,02341,Dublin city and suburbs,Dublin
4c07d11e-294f-851d-e053-ca3ca8c0ca7f,02341,Dublin city and suburbs,Dublin
4c07d11e-2950-851d-e053-ca3ca8c0ca7f,02341,Dublin city and suburbs,Dublin
4c07d11e-2951-851d-e053-ca3ca8c0ca7f,02341,Dublin city and suburbs,Dublin
4c07d11e-2952-851d-e053-ca3ca8c0ca7f,02341,Dublin city and suburbs,Dublin
4c07d11e-2953-851d-e053-ca3ca8c0ca7f,02341,Dublin city and suburbs,Dublin
4c07d11e-2954-851d-e053-ca3ca8c0ca7f,02341,Dublin city and suburbs,Dublin
4c07d11e-2955-851d-e053-ca3ca8c0ca7f,02341,Dublin city and suburbs,Dublin
4c07d11e-2956-851d-e053-ca3ca8c0ca7f,02341,Dublin city and suburbs,Dublin
4c07d11e-2957-851d-e053-ca3ca8c0ca7f,02341,Dublin city and suburbs,Dublin
4c07d11e-2958-851d-e053-ca3ca8c0ca7f,02341,Dublin city and suburbs,Dublin
4c07d11e-2959-851d-e053-ca3ca8c0ca7f,02341,Dublin city and suburbs,Dublin
4c07d11e-295a-851d-e053-ca3ca8c0ca7f,02341,Dublin city and suburbs,Dublin
4c07d11e-295b-851d-e053-ca3ca8c0ca7f,02341,Dublin city and suburbs,Dublin
4c07d11e-295c-851d-e053-ca3ca8c0ca7f,02341,Dublin city and suburbs,Dublin
4c07d11e-295d-851d-e053-ca3ca8c0ca7f,02341,Dublin city and suburbs,Dublin
4c07d11e-295e-851d-e053-ca3ca8c0ca7f,02341,Dublin city and suburbs,Dublin
4c07d11e-295f-851d-e053-ca3ca8c0ca7f,02341,Dublin city and suburbs,Dublin
4c07d11e-2960-851d-e053-ca3ca8c0ca7f,02341,Dublin city and suburbs,Dublin
4c07d11e-2961-851d-e053-ca3ca8c0ca7f,02341,Dublin city and suburbs,Dublin
4c07d11e-2962-851d-e053-ca3ca8c0ca7f,02341,Dublin city and suburbs,Dublin
4c07d11e-2963-851d-e053-ca3ca8c0ca7f,02341,Dublin city and suburbs,Dublin
4c07d11e-2964-851d-e053-ca3ca8c0ca7f,02341,Dublin city and suburbs,Dublin
4c07d11e-2965-851d-e053-ca3ca8c0ca7f,02341,Dublin city and suburbs,Dublin
4c07d11e-2966-851d-e053-ca3ca8c0ca7f,02341,Dublin city and suburbs,Dublin
4c07d11e-2967-851d-e053-ca3ca8c0ca7f,02341,Dublin city and suburbs,Dublin
4c07d11e-2968-851d-e053-ca3ca8c0ca7f,02341,Dublin city and suburbs,Dublin
4c07d11e-2969-851d-e053-ca3ca8c0ca7f,02341,Dublin city and suburbs,Dublin
4c07d11e-296a-851d-e053-ca3ca8c0ca7f,02341,Dublin city and suburbs,Dublin
4c07d11e-296b-851d-e053-ca3ca8c0ca7f,02341,Dublin city and suburbs,Dublin
4c07d11e-296c-851d-e053-ca3ca8c0ca7f,02341,Dublin city and suburbs,Dublin
4c07d11e-296d-851d-e053-ca3ca8c0ca7f,02341,Dublin city and suburbs,Dublin
4c07d11e-296e-851d-e053-ca3ca8c0ca7f,02341,Dublin city and suburbs,Dublin
4c07d11e-296f-851d-e053-ca3ca8c0ca7f,02341,Dublin city and suburbs,Dublin
4c07d11e-2970-851d-e053-ca3ca8c0ca7f,02341,Dublin city and suburbs,Dublin
4c07d11e-2971-851d-e053-ca3ca8c0ca7f,02341,Dublin city and suburbs,Dublin
4c07d11e-2972-851d-e053-ca3ca8c0ca7f,02341,Dublin city and suburbs,Dublin
4c07d11e-2973-851d-e053-ca3ca8c0ca7f,02341,Dublin city and suburbs,Dublin
4c07d11e-2974-851d-e053-ca3ca8c0ca7f,02341,Dublin city and suburbs,Dublin
4c07d11e-2975-851d-e053-ca3ca8c0ca7f,02341,Dublin city and suburbs,Dublin
4c07d11e-2976-851d-e053-ca3ca8c0ca7f,02341,Dublin city and suburbs,Dublin
4c07d11e-2977-851d-e053-ca3ca8c0ca7f,02341,Dublin city and suburbs,Dublin
4c07d11e-2978-851d-e053-ca3ca8c0ca7f,02341,Dublin city and suburbs,Dublin
4c07d11e-2979-851d-e053-ca3ca8c0ca7f,02341,Dublin city and suburbs,Dublin
4c07d11e-297a-851d-e053-ca3ca8c0ca7f,04343,Rush,Dublin
4c07d11e-297b-851d-e053-ca3ca8c0ca7f,04343,Rush,Dublin
4c07d11e-297c-851d-e053-ca3ca8c0ca7f,10013,Dundalk,Louth
4c07d11e-297d-851d-e053-ca3ca8c0ca7f,10013,Dundalk,Louth
4c07d11e-297e-851d-e053-ca3ca8c0ca7f,10013,Dundalk,Louth
4c07d11e-297f-851d-e053-ca3ca8c0ca7f,10013,Dundalk,Louth
4c07d11e-2980-851d-e053-ca3ca8c0ca7f,04345,Skerries,Dublin
4c07d11e-2981-851d-e053-ca3ca8c0ca7f,04345,Skerries,Dublin
4c07d11e-2982-851d-e053-ca3ca8c0ca7f,04345,Skerries,Dublin
4c07d11e-2983-851d-e053-ca3ca8c0ca7f,04345,Skerries,Dublin
4c07d11e-2984-851d-e053-ca3ca8c0ca7f,04345,Skerries,Dublin
4c07d11e-2985-851d-e053-ca3ca8c0ca7f,10009,Drogheda,Louth
4c07d11e-2986-851d-e053-ca3ca8c0ca7f,10009,Drogheda,Louth
4c07d11e-2987-851d-e053-ca3ca8c0ca7f,10009,Drogheda,Louth
4c07d11e-2988-851d-e053-ca3ca8c0ca7f,11401,Laytown-Bettystown-Mornington-Donacarney,Meath
4c07d11e-2989-851d-e053-ca3ca8c0ca7f,11401,Laytown-Bettystown-Mornington-Donacarney,Meath
4c07d11e-298a-851d-e053-ca3ca8c0ca7f,11401,Laytown-Bettystown-Mornington-Donacarney,Meath
4c07d11e-298b-851d-e053-ca3ca8c0ca7f,11401,Laytown-Bettystown-Mornington-Donacarney,Meath
4c07d11e-298c-851d-e053-ca3ca8c0ca7f,10013,Dundalk,Louth
4c07d11e-298d-851d-e053-ca3ca8c0ca7f,10013,Dundalk,Louth
4c07d11e-298e-851d-e053-ca3ca8c0ca7f,10013,Dundalk,Louth
4c07d11e-298f-851d-e053-ca3ca8c0ca7f,10013,Dundalk,Louth
4c07d11e-2990-851d-e053-ca3ca8c0ca7f,04345,Skerries,Dublin
4c07d11e-2991-851d-e053-ca3ca8c0ca7f,04345,Skerries,Dublin
4c07d11e-2992-851d-e053-ca3ca8c0ca7f,04345,Skerries,Dublin
4c07d11e-2993-851d-e053-ca3ca8c0ca7f,04345,Skerries,Dublin
4c07d11e-2994-851d-e053-ca3ca8c0ca7f,10009,Drogheda,Louth
4c07d11e-2995-851d-e053-ca3ca8c0ca7f,10009,Drogheda,Louth
4c07d11e-2996-851d-e053-ca3ca8c0ca7f,10009,Drogheda,Louth
4c07d11e-2997-851d-e053-ca3ca8c0ca7f,11401,Laytown-Bettystown-Mornington-Donacarney,Meath
4c07d11e-2998-851d-e053-ca3ca8c0ca7f,11401,Laytown-Bettystown-Mornington-Donacarney,Meath
4c07d11e-2999-851d-e053-ca3ca8c0ca7f,11401,Laytown-Bettystown-Mornington-Donacarney,Meath
4c07d11e-299a-851d-e053-ca3ca8c0ca7f,04343,Rush,Dublin
4c07d11e-299b-851d-e053-ca3ca8c0ca7f,04343,Rush,Dublin
4c07d11e-299c-851d-e053-ca3ca8c0ca7f,04351,Balrothery,Dublin
4c07d11e-299e-851d-e053-ca3ca8c0ca7f,04345,Skerries,Dublin
4c07d11e-299f-851d-e053-ca3ca8c0ca7f,04345,Skerries,Dublin
4c07d11e-29a0-851d-e053-ca3ca8c0ca7f,04345,Skerries,Dublin
4c07d11e-29a1-851d-e053-ca3ca8c0ca7f,04345,Skerries,Dublin
4c07d11e-29a2-851d-e053-ca3ca8c0ca7f,04345,Skerries,Dublin
4c07d11e-29a3-851d-e053-ca3ca8c0ca7f,04345,Skerries,Dublin
4c07d11e-29a4-851d-e053-ca3ca8c0ca7f,10009,Drogheda,Louth
4c07d11e-29a5-851d-e053-ca3ca8c0ca7f,10009,Drogheda,Louth
4c07d11e-29a6-851d-e053-ca3ca8c0ca7f,10009,Drogheda,Louth
4c07d11e-29a7-851d-e053-ca3ca8c0ca7f,11401,Laytown-Bettystown-Mornington-Donacarney,Meath
4c07d11e-29a9-851d-e053-ca3ca8c0ca7f,11401,Laytown-Bettystown-Mornington-Donacarney,Meath
4c07d11e-29aa-851d-e053-ca3ca8c0ca7f,04351,Balrothery,Dublin
4c07d11e-29ab-851d-e053-ca3ca8c0ca7f,04352,Balbriggan,Dublin
4c07d11e-29ac-851d-e053-ca3ca8c0ca7f,04352,Balbriggan,Dublin
4c07d11e-29ad-851d-e053-ca3ca8c0ca7f,04345,Skerries,Dublin
4c07d11e-29ae-851d-e053-ca3ca8c0ca7f,04345,Skerries,Dublin
4c07d11e-29af-851d-e053-ca3ca8c0ca7f,11405,Duleek,Meath
4c07d11e-29b0-851d-e053-ca3ca8c0ca7f,10009,Drogheda,Louth
4c07d11e-29b1-851d-e053-ca3ca8c0ca7f,10009,Drogheda,Louth
4c07d11e-29b2-851d-e053-ca3ca8c0ca7f,10009,Drogheda,Louth
4c07d11e-29b3-851d-e053-ca3ca8c0ca7f,10017,Collon,Louth
4c07d11e-29b4-851d-e053-ca3ca8c0ca7f,10017,Collon,Louth
4c07d11e-29b5-851d-e053-ca3ca8c0ca7f,10012,Dunleer,Louth
4c07d11e-29b6-851d-e053-ca3ca8c0ca7f,04352,Balbriggan,Dublin
4c07d11e-29b7-851d-e053-ca3ca8c0ca7f,04352,Balbriggan,Dublin
4c07d11e-29b8-851d-e053-ca3ca8c0ca7f,11405,Duleek,Meath
4c07d11e-29ba-851d-e053-ca3ca8c0ca7f,11406,Donore,Meath
4c07d11e-29bb-851d-e053-ca3ca8c0ca7f,10009,Drogheda,Louth
4c07d11e-29bc-851d-e053-ca3ca8c0ca7f,10009,Drogheda,Louth
4c07d11e-29bd-851d-e053-ca3ca8c0ca7f,10009,Drogheda,Louth
4c07d11e-29be-851d-e053-ca3ca8c0ca7f,10009,Drogheda,Louth
4c07d11e-29bf-851d-e053-ca3ca8c0ca7f,10012,Dunleer,Louth
4c07d11e-29c0-851d-e053-ca3ca8c0ca7f,10011,Castlebellingham-Kilsaran,Louth
4c07d11e-29c1-851d-e053-ca3ca8c0ca7f,10011,Castlebellingham-Kilsaran,Louth
4c07d11e-29c2-851d-e053-ca3ca8c0ca7f,10010,Annagassan,Louth
4c07d11e-29c3-851d-e053-ca3ca8c0ca7f,04352,Balbriggan,Dublin
4c07d11e-29c4-851d-e053-ca3ca8c0ca7f,04352,Balbriggan,Dublin
4c07d11e-29c5-851d-e053-ca3ca8c0ca7f,04352,Balbriggan,Dublin
4c07d11e-29c6-851d-e053-ca3ca8c0ca7f,11402,Stamullen,Meath
4c07d11e-29c7-851d-e053-ca3ca8c0ca7f,11402,Stamullen,Meath
4c07d11e-29c8-851d-e053-ca3ca8c0ca7f,11402,Stamullen,Meath
4c07d11e-29c9-851d-e053-ca3ca8c0ca7f,10009,Drogheda,Louth
4c07d11e-29ca-851d-e053-ca3ca8c0ca7f,10009,Drogheda,Louth
4c07d11e-29cb-851d-e053-ca3ca8c0ca7f,10009,Drogheda,Louth
4c07d11e-29cc-851d-e053-ca3ca8c0ca7f,10002,Clogherhead,Louth
4c07d11e-29cd-851d-e053-ca3ca8c0ca7f,10002,Clogherhead,Louth
4c07d11e-29ce-851d-e053-ca3ca8c0ca7f,10002,Clogherhead,Louth
4c07d11e-29cf-851d-e053-ca3ca8c0ca7f,04352,Balbriggan,Dublin
4c07d11e-29d0-851d-e053-ca3ca8c0ca7f,04352,Balbriggan,Dublin
4c07d11e-29d2-851d-e053-ca3ca8c0ca7f,11402,Stamullen,Meath
4c07d11e-29d3-851d-e053-ca3ca8c0ca7f,11401,Laytown-Bettystown-Mornington-Donacarney,Meath
4c07d11e-29d4-851d-e053-ca3ca8c0ca7f,10009,Drogheda,Louth
4c07d11e-29d5-851d-e053-ca3ca8c0ca7f,10009,Drogheda,Louth
4c07d11e-29d6-851d-e053-ca3ca8c0ca7f,10009,Drogheda,Louth
4c07d11e-29d7-851d-e053-ca3ca8c0ca7f,10009,Drogheda,Louth
4c07d11e-29d8-851d-e053-ca3ca8c0ca7f,10009,Drogheda,Louth
4c07d11e-29d9-851d-e053-ca3ca8c0ca7f,10009,Drogheda,Louth
4c07d11e-29da-851d-e053-ca3ca8c0ca7f,10013,Dundalk,Louth
4c07d11e-29db-851d-e053-ca3ca8c0ca7f,10013,Dundalk,Louth
4c07d11e-29dc-851d-e053-ca3ca8c0ca7f,10013,Dundalk,Louth
4c07d11e-29dd-851d-e053-ca3ca8c0ca7f,10013,Dundalk,Louth
4c07d11e-29de-851d-e053-ca3ca8c0ca7f,10013,Dundalk,Louth
4c07d11e-29df-851d-e053-ca3ca8c0ca7f,04352,Balbriggan,Dublin
4c07d11e-29e0-851d-e053-ca3ca8c0ca7f,04352,Balbriggan,Dublin
4c07d11e-29e1-851d-e053-ca3ca8c0ca7f,04352,Balbriggan,Dublin
4c07d11e-29e2-851d-e053-ca3ca8c0ca7f,10009,Drogheda,Louth
4c07d11e-29e3-851d-e053-ca3ca8c0ca7f,10015,Tullyallen,Louth
4c07d11e-29e4-851d-e053-ca3ca8c0ca7f,10015,Tullyallen,Louth
4c07d11e-29e5-851d-e053-ca3ca8c0ca7f,10009,Drogheda,Louth
4c07d11e-29e6-851d-e053-ca3ca8c0ca7f,10009,Drogheda,Louth
4c07d11e-29e7-851d-e053-ca3ca8c0ca7f,10009,Drogheda,Louth
4c07d11e-29e8-851d-e053-ca3ca8c0ca7f,10009,Drogheda,Louth
4c07d11e-29e9-851d-e053-ca3ca8c0ca7f,10013,Dundalk,Louth
4c07d11e-29ea-851d-e053-ca3ca8c0ca7f,10013,Dundalk,Louth
4c07d11e-29eb-851d-e053-ca3ca8c0ca7f,10013,Dundalk,Louth
4c07d11e-29ec-851d-e053-ca3ca8c0ca7f,10013,Dundalk,Louth
4c07d11e-29ed-851d-e053-ca3ca8c0ca7f,04352,Balbriggan,Dublin
4c07d11e-29ee-851d-e053-ca3ca8c0ca7f,04352,Balbriggan,Dublin
4c07d11e-29ef-851d-e053-ca3ca8c0ca7f,10009,Drogheda,Louth
4c07d11e-29f0-851d-e053-ca3ca8c0ca7f,10009,Drogheda,Louth
4c07d11e-29f1-851d-e053-ca3ca8c0ca7f,10009,Drogheda,Louth
4c07d11e-29f2-851d-e053-ca3ca8c0ca7f,10009,Drogheda,Louth
4c07d11e-29f3-851d-e053-ca3ca8c0ca7f,10009,Drogheda,Louth
4c07d11e-29f4-851d-e053-ca3ca8c0ca7f,10013,Dundalk,Louth
4c07d11e-29f5-851d-e053-ca3ca8c0ca7f,10013,Dundalk,Louth
4c07d11e-29f6-851d-e053-ca3ca8c0ca7f,10013,Dundalk,Louth
4c07d11e-29f7-851d-e053-ca3ca8c0ca7f,04352,Balbriggan,Dublin
4c07d11e-29f8-851d-e053-ca3ca8c0ca7f,04352,Balbriggan,Dublin
4c07d11e-29f9-851d-e053-ca3ca8c0ca7f,04352,Balbriggan,Dublin
4c07d11e-29fa-851d-e053-ca3ca8c0ca7f,10009,Drogheda,Louth
4c07d11e-29fb-851d-e053-ca3ca8c0ca7f,10009,Drogheda,Louth
4c07d11e-29fc-851d-e053-ca3ca8c0ca7f,10009,Drogheda,Louth
4c07d11e-29fd-851d-e053-ca3ca8c0ca7f,10009,Drogheda,Louth
4c07d11e-29fe-851d-e053-ca3ca8c0ca7f,10009,Drogheda,Louth
4c07d11e-29ff-851d-e053-ca3ca8c0ca7f,10009,Drogheda,Louth
4c07d11e-2a00-851d-e053-ca3ca8c0ca7f,10009,Drogheda,Louth
4c07d11e-2a01-851d-e053-ca3ca8c0ca7f,10009,Drogheda,Louth
4c07d11e-2a02-851d-e053-ca3ca8c0ca7f,10009,Drogheda,Louth
4c07d11e-2a03-851d-e053-ca3ca8c0ca7f,10013,Dundalk,Louth
4c07d11e-2a04-851d-e053-ca3ca8c0ca7f,10013,Dundalk,Louth
4c07d11e-2a05-851d-e053-ca3ca8c0ca7f,10013,Dundalk,Louth
4c07d11e-2a06-851d-e053-ca3ca8c0ca7f,04352,Balbriggan,Dublin
4c07d11e-2a07-851d-e053-ca3ca8c0ca7f,04352,Balbriggan,Dublin
4c07d11e-2a08-851d-e053-ca3ca8c0ca7f,10009,Drogheda,Louth
4c07d11e-2a09-851d-e053-ca3ca8c0ca7f,10009,Drogheda,Louth
4c07d11e-2a0a-851d-e053-ca3ca8c0ca7f,10009,Drogheda,Louth
4c07d11e-2a0b-851d-e053-ca3ca8c0ca7f,10009,Drogheda,Louth
4c07d11e-2a0c-851d-e053-ca3ca8c0ca7f,10009,Drogheda,Louth
4c07d11e-2a0d-851d-e053-ca3ca8c0ca7f,10009,Drogheda,Louth
4c07d11e-2a0e-851d-e053-ca3ca8c0ca7f,10009,Drogheda,Louth
4c07d11e-2a0f-851d-e053-ca3ca8c0ca7f,11401,Laytown-Bettystown-Mornington-Donacarney,Meath
4c07d11e-2a10-851d-e053-ca3ca8c0ca7f,10013,Dundalk,Louth
4c07d11e-2a11-851d-e053-ca3ca8c0ca7f,10013,Dundalk,Louth
4c07d11e-2a12-851d-e053-ca3ca8c0ca7f,10013,Dundalk,Louth
4c07d11e-2a13-851d-e053-ca3ca8c0ca7f,10013,Dundalk,Louth
4c07d11e-2a14-851d-e053-ca3ca8c0ca7f,04352,Balbriggan,Dublin
4c07d11e-2a15-851d-e053-ca3ca8c0ca7f,04352,Balbriggan,Dublin
4c07d11e-2a16-851d-e053-ca3ca8c0ca7f,10009,Drogheda,Louth
4c07d11e-2a17-851d-e053-ca3ca8c0ca7f,10009,Drogheda,Louth
4c07d11e-2a18-851d-e053-ca3ca8c0ca7f,10009,Drogheda,Louth
4c07d11e-2a19-851d-e053-ca3ca8c0ca7f,10009,Drogheda,Louth
4c07d11e-2a1a-851d-e053-ca3ca8c0ca7f,11401,Laytown-Bettystown-Mornington-Donacarney,Meath
4c07d11e-2a1c-851d-e053-ca3ca8c0ca7f,11401,Laytown-Bettystown-Mornington-Donacarney,Meath
4c07d11e-2a1d-851d-e053-ca3ca8c0ca7f,11401,Laytown-Bettystown-Mornington-Donacarney,Meath
4c07d11e-2a1e-851d-e053-ca3ca8c0ca7f,10013,Dundalk,Louth
4c07d11e-2a1f-851d-e053-ca3ca8c0ca7f,10013,Dundalk,Louth
4c07d11e-2a20-851d-e053-ca3ca8c0ca7f,10013,Dundalk,Louth
4c07d11e-2a21-851d-e053-ca3ca8c0ca7f,10013,Dundalk,Louth
4c07d11e-2a22-851d-e053-ca3ca8c0ca7f,10013,Dundalk,Louth
4c07d11e-2a23-851d-e053-ca3ca8c0ca7f,04352,Balbriggan,Dublin
4c07d11e-2a24-851d-e053-ca3ca8c0ca7f,04352,Balbriggan,Dublin
4c07d11e-2a25-851d-e053-ca3ca8c0ca7f,04352,Balbriggan,Dublin
4c07d11e-2a26-851d-e053-ca3ca8c0ca7f,10009,Drogheda,Louth
4c07d11e-2a27-851d-e053-ca3ca8c0ca7f,10009,Drogheda,Louth
4c07d11e-2a28-851d-e053-ca3ca8c0ca7f,10009,Drogheda,Louth
4c07d11e-2a29-851d-e053-ca3ca8c0ca7f,11401,Laytown-Bettystown-Mornington-Donacarney,Meath
4c07d11e-2a2a-851d-e053-ca3ca8c0ca7f,11401,Laytown-Bettystown-Mornington-Donacarney,Meath
4c07d11e-2a2b-851d-e053-ca3ca8c0ca7f,10013,Dundalk,Louth
4c07d11e-2a2c-851d-e053-ca3ca8c0ca7f,10013,Dundalk,Louth
4c07d11e-2a2d-851d-e053-ca3ca8c0ca7f,10013,Dundalk,Louth
4c07d11e-2a2e-851d-e053-ca3ca8c0ca7f,04352,Balbriggan,Dublin
4c07d11e-2a2f-851d-e053-ca3ca8c0ca7f,04352,Balbriggan,Dublin
4c07d11e-2a30-851d-e053-ca3ca8c0ca7f,10009,Drogheda,Louth
4c07d11e-2a31-851d-e053-ca3ca8c0ca7f,10009,Drogheda,Louth
4c07d11e-2a32-851d-e053-ca3ca8c0ca7f,10009,Drogheda,Louth
4c07d11e-2a33-851d-e053-ca3ca8c0ca7f,11401,Laytown-Bettystown-Mornington-Donacarney,Meath
4c07d11e-2a34-851d-e053-ca3ca8c0ca7f,11401,Laytown-Bettystown-Mornington-Donacarney,Meath
4c07d11e-2a35-851d-e053-ca3ca8c0ca7f,11401,Laytown-Bettystown-Mornington-Donacarney,Meath
4c07d11e-2a36-851d-e053-ca3ca8c0ca7f,10013,Dundalk,Louth
4c07d11e-2a37-851d-e053-ca3ca8c0ca7f,10013,Dundalk,Louth
4c07d11e-2a38-851d-e053-ca3ca8c0ca7f,04345,Skerries,Dublin
4c07d11e-2a39-851d-e053-ca3ca8c0ca7f,04345,Skerries,Dublin
4c07d11e-2a3a-851d-e053-ca3ca8c0ca7f,10009,Drogheda,Louth
4c07d11e-2a3b-851d-e053-ca3ca8c0ca7f,10009,Drogheda,Louth
4c07d11e-2a3c-851d-e053-ca3ca8c0ca7f,10009,Drogheda,Louth
4c07d11e-2a3d-851d-e053-ca3ca8c0ca7f,10009,Drogheda,Louth
4c07d11e-2a3e-851d-e053-ca3ca8c0ca7f,11401,Laytown-Bettystown-Mornington-Donacarney,Meath
4c07d11e-2a3f-851d-e053-ca3ca8c0ca7f,11401,Laytown-Bettystown-Mornington-Donacarney,Meath
4c07d11e-2a40-851d-e053-ca3ca8c0ca7f,10009,Drogheda,Louth
4c07d11e-2a41-851d-e053-ca3ca8c0ca7f,10013,Dundalk,Louth
4c07d11e-2a42-851d-e053-ca3ca8c0ca7f,10013,Dundalk,Louth
4c07d11e-2a43-851d-e053-ca3ca8c0ca7f,04345,Skerries,Dublin
4c07d11e-2a44-851d-e053-ca3ca8c0ca7f,04345,Skerries,Dublin
4c07d11e-2a45-851d-e053-ca3ca8c0ca7f,10009,Drogheda,Louth
4c07d11e-2a46-851d-e053-ca3ca8c0ca7f,10009,Drogheda,Louth
4c07d11e-2a47-851d-e053-ca3ca8c0ca7f,10009,Drogheda,Louth
4c07d11e-2a48-851d-e053-ca3ca8c0ca7f,10009,Drogheda,Louth
4c07d11e-2a49-851d-e053-ca3ca8c0ca7f,10004,Termonfeckin,Louth
4c07d11e-2a4a-851d-e053-ca3ca8c0ca7f,10004,Termonfeckin,Louth
4c07d11e-2a4b-851d-e053-ca3ca8c0ca7f,11401,Laytown-Bettystown-Mornington-Donacarney,Meath
4c07d11e-2a4c-851d-e053-ca3ca8c0ca7f,02341,Dublin city and suburbs,Dublin
4c07d11e-2a4d-851d-e053-ca3ca8c0ca7f,02341,Dublin city and suburbs,Dublin
4c07d11e-2a4e-851d-e053-ca3ca8c0ca7f,02341,Dublin city and suburbs,Dublin
4c07d11e-2a4f-851d-e053-ca3ca8c0ca7f,02341,Dublin city and suburbs,Dublin
4c07d11e-2a50-851d-e053-ca3ca8c0ca7f,02341,Dublin city and suburbs,Dublin
4c07d11e-2a51-851d-e053-ca3ca8c0ca7f,02341,Dublin city and suburbs,Dublin
4c07d11e-2a52-851d-e053-ca3ca8c0ca7f,02341,Dublin city and suburbs,Dublin
4c07d11e-2a53-851d-e053-ca3ca8c0ca7f,02341,Dublin city and suburbs,Dublin
4c07d11e-2a54-851d-e053-ca3ca8c0ca7f,02341,Dublin city and suburbs,Dublin
4c07d11e-2a55-851d-e053-ca3ca8c0ca7f,02341,Dublin city and suburbs,Dublin
4c07d11e-2a56-851d-e053-ca3ca8c0ca7f,02341,Dublin city and suburbs,Dublin
4c07d11e-2a57-851d-e053-ca3ca8c0ca7f,02341,Dublin city and suburbs,Dublin
4c07d11e-2a58-851d-e053-ca3ca8c0ca7f,02341,Dublin city and suburbs,Dublin
4c07d11e-2a59-851d-e053-ca3ca8c0ca7f,02341,Dublin city and suburbs,Dublin
4c07d11e-2a5a-851d-e053-ca3ca8c0ca7f,02341,Dublin city and suburbs,Dublin
4c07d11e-2a5b-851d-e053-ca3ca8c0ca7f,02341,Dublin city and suburbs,Dublin
4c07d11e-2a5c-851d-e053-ca3ca8c0ca7f,02341,Dublin city and suburbs,Dublin
4c07d11e-2a5d-851d-e053-ca3ca8c0ca7f,02341,Dublin city and suburbs,Dublin
4c07d11e-2a5e-851d-e053-ca3ca8c0ca7f,02341,Dublin city and suburbs,Dublin
4c07d11e-2a5f-851d-e053-ca3ca8c0ca7f,02341,Dublin city and suburbs,Dublin
4c07d11e-2a60-851d-e053-ca3ca8c0ca7f,02341,Dublin city and suburbs,Dublin
4c07d11e-2a61-851d-e053-ca3ca8c0ca7f,02341,Dublin city and suburbs,Dublin
4c07d11e-2a62-851d-e053-ca3ca8c0ca7f,02341,Dublin city and suburbs,Dublin
4c07d11e-2a63-851d-e053-ca3ca8c0ca7f,02341,Dublin city and suburbs,Dublin
4c07d11e-2a64-851d-e053-ca3ca8c0ca7f,02341,Dublin city and suburbs,Dublin
4c07d11e-2a65-851d-e053-ca3ca8c0ca7f,02341,Dublin city and suburbs,Dublin
4c07d11e-2a66-851d-e053-ca3ca8c0ca7f,02341,Dublin city and suburbs,Dublin
4c07d11e-2a67-851d-e053-ca3ca8c0ca7f,02341,Dublin city and suburbs,Dublin
4c07d11e-2a68-851d-e053-ca3ca8c0ca7f,02341,Dublin city and suburbs,Dublin
4c07d11e-2a69-851d-e053-ca3ca8c0ca7f,02341,Dublin city and suburbs,Dublin
4c07d11e-2a6a-851d-e053-ca3ca8c0ca7f,02341,Dublin city and suburbs,Dublin
4c07d11e-2a6b-851d-e053-ca3ca8c0ca7f,02341,Dublin city and suburbs,Dublin
4c07d11e-2a6c-851d-e053-ca3ca8c0ca7f,02341,Dublin city and suburbs,Dublin
4c07d11e-2a6d-851d-e053-ca3ca8c0ca7f,02341,Dublin city and suburbs,Dublin
4c07d11e-2a6e-851d-e053-ca3ca8c0ca7f,02341,Dublin city and suburbs,Dublin
4c07d11e-2a6f-851d-e053-ca3ca8c0ca7f,02341,Dublin city and suburbs,Dublin
4c07d11e-2a70-851d-e053-ca3ca8c0ca7f,02341,Dublin city and suburbs,Dublin
4c07d11e-2a71-851d-e053-ca3ca8c0ca7f,02341,Dublin city and suburbs,Dublin
4c07d11e-2a72-851d-e053-ca3ca8c0ca7f,02341,Dublin city and suburbs,Dublin
4c07d11e-2a73-851d-e053-ca3ca8c0ca7f,02341,Dublin city and suburbs,Dublin
4c07d11e-2a74-851d-e053-ca3ca8c0ca7f,02341,Dublin city and suburbs,Dublin
4c07d11e-2a75-851d-e053-ca3ca8c0ca7f,02341,Dublin city and suburbs,Dublin
4c07d11e-2a76-851d-e053-ca3ca8c0ca7f,02341,Dublin city and suburbs,Dublin
4c07d11e-2a77-851d-e053-ca3ca8c0ca7f,02341,Dublin city and suburbs,Dublin
4c07d11e-2a78-851d-e053-ca3ca8c0ca7f,02341,Dublin city and suburbs,Dublin
4c07d11e-2a79-851d-e053-ca3ca8c0ca7f,02341,Dublin city and suburbs,Dublin
4c07d11e-2a7a-851d-e053-ca3ca8c0ca7f,02341,Dublin city and suburbs,Dublin
4c07d11e-2a7b-851d-e053-ca3ca8c0ca7f,02341,Dublin city and suburbs,Dublin
4c07d11e-2a7c-851d-e053-ca3ca8c0ca7f,02341,Dublin city and suburbs,Dublin
4c07d11e-2a7d-851d-e053-ca3ca8c0ca7f,02341,Dublin city and suburbs,Dublin
4c07d11e-2a7e-851d-e053-ca3ca8c0ca7f,02341,Dublin city and suburbs,Dublin
4c07d11e-2a7f-851d-e053-ca3ca8c0ca7f,02341,Dublin city and suburbs,Dublin
4c07d11e-2a80-851d-e053-ca3ca8c0ca7f,02341,Dublin city and suburbs,Dublin
4c07d11e-2a81-851d-e053-ca3ca8c0ca7f,02341,Dublin city and suburbs,Dublin
4c07d11e-2a82-851d-e053-ca3ca8c0ca7f,02341,Dublin city and suburbs,Dublin
4c07d11e-2a83-851d-e053-ca3ca8c0ca7f,02341,Dublin city and suburbs,Dublin
4c07d11e-2a84-851d-e053-ca3ca8c0ca7f,02341,Dublin city and suburbs,Dublin
4c07d11e-2a85-851d-e053-ca3ca8c0ca7f,02341,Dublin city and suburbs,Dublin
4c07d11e-2a86-851d-e053-ca3ca8c0ca7f,02341,Dublin city and suburbs,Dublin
4c07d11e-2a87-851d-e053-ca3ca8c0ca7f,02341,Dublin city and suburbs,Dublin
4c07d11e-2a88-851d-e053-ca3ca8c0ca7f,02341,Dublin city and suburbs,Dublin
4c07d11e-2a89-851d-e053-ca3ca8c0ca7f,02341,Dublin city and suburbs,Dublin
4c07d11e-2a8a-851d-e053-ca3ca8c0ca7f,02341,Dublin city and suburbs,Dublin
4c07d11e-2a8b-851d-e053-ca3ca8c0ca7f,02341,Dublin city and suburbs,Dublin
4c07d11e-2a8c-851d-e053-ca3ca8c0ca7f,02341,Dublin city and suburbs,Dublin
4c07d11e-2a8d-851d-e053-ca3ca8c0ca7f,02341,Dublin city and suburbs,Dublin
4c07d11e-2a8e-851d-e053-ca3ca8c0ca7f,02341,Dublin city and suburbs,Dublin
4c07d11e-2a8f-851d-e053-ca3ca8c0ca7f,02341,Dublin city and suburbs,Dublin
4c07d11e-2a90-851d-e053-ca3ca8c0ca7f,02341,Dublin city and suburbs,Dublin
4c07d11e-2a91-851d-e053-ca3ca8c0ca7f,02341,Dublin city and suburbs,Dublin
4c07d11e-2a92-851d-e053-ca3ca8c0ca7f,02341,Dublin city and suburbs,Dublin
4c07d11e-2a93-851d-e053-ca3ca8c0ca7f,02341,Dublin city and suburbs,Dublin
4c07d11e-2a94-851d-e053-ca3ca8c0ca7f,02341,Dublin city and suburbs,Dublin
4c07d11e-2a95-851d-e053-ca3ca8c0ca7f,02341,Dublin city and suburbs,Dublin
4c07d11e-2a96-851d-e053-ca3ca8c0ca7f,02341,Dublin city and suburbs,Dublin
4c07d11e-2a97-851d-e053-ca3ca8c0ca7f,02341,Dublin city and suburbs,Dublin
4c07d11e-2a98-851d-e053-ca3ca8c0ca7f,02341,Dublin city and suburbs,Dublin
4c07d11e-2a99-851d-e053-ca3ca8c0ca7f,02341,Dublin city and suburbs,Dublin
4c07d11e-2a9a-851d-e053-ca3ca8c0ca7f,02341,Dublin city and suburbs,Dublin
4c07d11e-2a9b-851d-e053-ca3ca8c0ca7f,02341,Dublin city and suburbs,Dublin
4c07d11e-2a9c-851d-e053-ca3ca8c0ca7f,02341,Dublin city and suburbs,Dublin
4c07d11e-2a9d-851d-e053-ca3ca8c0ca7f,02341,Dublin city and suburbs,Dublin
4c07d11e-2a9e-851d-e053-ca3ca8c0ca7f,02341,Dublin city and suburbs,Dublin
4c07d11e-2a9f-851d-e053-ca3ca8c0ca7f,02341,Dublin city and suburbs,Dublin
4c07d11e-2aa0-851d-e053-ca3ca8c0ca7f,02341,Dublin city and suburbs,Dublin
4c07d11e-2aa1-851d-e053-ca3ca8c0ca7f,02341,Dublin city and suburbs,Dublin
4c07d11e-2aa2-851d-e053-ca3ca8c0ca7f,02341,Dublin city and suburbs,Dublin
4c07d11e-2aa3-851d-e053-ca3ca8c0ca7f,02341,Dublin city and suburbs,Dublin
4c07d11e-2aa4-851d-e053-ca3ca8c0ca7f,02341,Dublin city and suburbs,Dublin
4c07d11e-2aa5-851d-e053-ca3ca8c0ca7f,02341,Dublin city and suburbs,Dublin
4c07d11e-2aa6-851d-e053-ca3ca8c0ca7f,02341,Dublin city and suburbs,Dublin
4c07d11e-2aa7-851d-e053-ca3ca8c0ca7f,02341,Dublin city and suburbs,Dublin
4c07d11e-2aa8-851d-e053-ca3ca8c0ca7f,02341,Dublin city and suburbs,Dublin
4c07d11e-2aa9-851d-e053-ca3ca8c0ca7f,02341,Dublin city and suburbs,Dublin
4c07d11e-2aaa-851d-e053-ca3ca8c0ca7f,02341,Dublin city and suburbs,Dublin
4c07d11e-2aab-851d-e053-ca3ca8c0ca7f,02341,Dublin city and suburbs,Dublin
4c07d11e-2aac-851d-e053-ca3ca8c0ca7f,02341,Dublin city and suburbs,Dublin
4c07d11e-2aad-851d-e053-ca3ca8c0ca7f,02341,Dublin city and suburbs,Dublin
4c07d11e-2aae-851d-e053-ca3ca8c0ca7f,02341,Dublin city and suburbs,Dublin
4c07d11e-2aaf-851d-e053-ca3ca8c0ca7f,02341,Dublin city and suburbs,Dublin
4c07d11e-2ab0-851d-e053-ca3ca8c0ca7f,02341,Dublin city and suburbs,Dublin
4c07d11e-2ab1-851d-e053-ca3ca8c0ca7f,02341,Dublin city and suburbs,Dublin
4c07d11e-2ab2-851d-e053-ca3ca8c0ca7f,02341,Dublin city and suburbs,Dublin
4c07d11e-2ab3-851d-e053-ca3ca8c0ca7f,02341,Dublin city and suburbs,Dublin
4c07d11e-2ab4-851d-e053-ca3ca8c0ca7f,02341,Dublin city and suburbs,Dublin
4c07d11e-2ab5-851d-e053-ca3ca8c0ca7f,02341,Dublin city and suburbs,Dublin
4c07d11e-2ab6-851d-e053-ca3ca8c0ca7f,02341,Dublin city and suburbs,Dublin
4c07d11e-2ab7-851d-e053-ca3ca8c0ca7f,02341,Dublin city and suburbs,Dublin
4c07d11e-2ab8-851d-e053-ca3ca8c0ca7f,02341,Dublin city and suburbs,Dublin
4c07d11e-2ab9-851d-e053-ca3ca8c0ca7f,02341,Dublin city and suburbs,Dublin
4c07d11e-2aba-851d-e053-ca3ca8c0ca7f,02341,Dublin city and suburbs,Dublin
4c07d11e-2abb-851d-e053-ca3ca8c0ca7f,02341,Dublin city and suburbs,Dublin
4c07d11e-2abc-851d-e053-ca3ca8c0ca7f,02341,Dublin city and suburbs,Dublin
4c07d11e-2abd-851d-e053-ca3ca8c0ca7f,02341,Dublin city and suburbs,Dublin
4c07d11e-2abe-851d-e053-ca3ca8c0ca7f,02341,Dublin city and suburbs,Dublin
4c07d11e-2abf-851d-e053-ca3ca8c0ca7f,02341,Dublin city and suburbs,Dublin
4c07d11e-2ac0-851d-e053-ca3ca8c0ca7f,02341,Dublin city and suburbs,Dublin
4c07d11e-2ac1-851d-e053-ca3ca8c0ca7f,02341,Dublin city and suburbs,Dublin
4c07d11e-2ac2-851d-e053-ca3ca8c0ca7f,02341,Dublin city and suburbs,Dublin
4c07d11e-2ac3-851d-e053-ca3ca8c0ca7f,02341,Dublin city and suburbs,Dublin
4c07d11e-2ac4-851d-e053-ca3ca8c0ca7f,02341,Dublin city and suburbs,Dublin
4c07d11e-2ac5-851d-e053-ca3ca8c0ca7f,02341,Dublin city and suburbs,Dublin
4c07d11e-2ac6-851d-e053-ca3ca8c0ca7f,02341,Dublin city and suburbs,Dublin
4c07d11e-2ac7-851d-e053-ca3ca8c0ca7f,02341,Dublin city and suburbs,Dublin
4c07d11e-2ac8-851d-e053-ca3ca8c0ca7f,02341,Dublin city and suburbs,Dublin
4c07d11e-2ac9-851d-e053-ca3ca8c0ca7f,02341,Dublin city and suburbs,Dublin
4c07d11e-2aca-851d-e053-ca3ca8c0ca7f,02341,Dublin city and suburbs,Dublin
4c07d11e-2acb-851d-e053-ca3ca8c0ca7f,02341,Dublin city and suburbs,Dublin
4c07d11e-2acc-851d-e053-ca3ca8c0ca7f,02341,Dublin city and suburbs,Dublin
4c07d11e-2acd-851d-e053-ca3ca8c0ca7f,02341,Dublin city and suburbs,Dublin
4c07d11e-2ace-851d-e053-ca3ca8c0ca7f,02341,Dublin city and suburbs,Dublin
4c07d11e-2acf-851d-e053-ca3ca8c0ca7f,02341,Dublin city and suburbs,Dublin
4c07d11e-2ad0-851d-e053-ca3ca8c0ca7f,02341,Dublin city and suburbs,Dublin
4c07d11e-2ad1-851d-e053-ca3ca8c0ca7f,02341,Dublin city and suburbs,Dublin
4c07d11e-2ad2-851d-e053-ca3ca8c0ca7f,02341,Dublin city and suburbs,Dublin
4c07d11e-2ad3-851d-e053-ca3ca8c0ca7f,02341,Dublin city and suburbs,Dublin
4c07d11e-2ad4-851d-e053-ca3ca8c0ca7f,02341,Dublin city and suburbs,Dublin
4c07d11e-2ad5-851d-e053-ca3ca8c0ca7f,02341,Dublin city and suburbs,Dublin
4c07d11e-2ad6-851d-e053-ca3ca8c0ca7f,02341,Dublin city and suburbs,Dublin
4c07d11e-2ad7-851d-e053-ca3ca8c0ca7f,02341,Dublin city and suburbs,Dublin
4c07d11e-2ad8-851d-e053-ca3ca8c0ca7f,02341,Dublin city and suburbs,Dublin
4c07d11e-2ad9-851d-e053-ca3ca8c0ca7f,02341,Dublin city and suburbs,Dublin
4c07d11e-2ada-851d-e053-ca3ca8c0ca7f,02341,Dublin city and suburbs,Dublin
4c07d11e-2adb-851d-e053-ca3ca8c0ca7f,02341,Dublin city and suburbs,Dublin
4c07d11e-2adc-851d-e053-ca3ca8c0ca7f,02341,Dublin city and suburbs,Dublin
4c07d11e-2add-851d-e053-ca3ca8c0ca7f,02341,Dublin city and suburbs,Dublin
4c07d11e-2ade-851d-e053-ca3ca8c0ca7f,02341,Dublin city and suburbs,Dublin
4c07d11e-2adf-851d-e053-ca3ca8c0ca7f,02341,Dublin city and suburbs,Dublin
4c07d11e-2ae0-851d-e053-ca3ca8c0ca7f,02341,Dublin city and suburbs,Dublin
4c07d11e-2ae1-851d-e053-ca3ca8c0ca7f,02341,Dublin city and suburbs,Dublin
4c07d11e-2ae2-851d-e053-ca3ca8c0ca7f,02341,Dublin city and suburbs,Dublin
4c07d11e-2ae3-851d-e053-ca3ca8c0ca7f,02341,Dublin city and suburbs,Dublin
4c07d11e-2ae4-851d-e053-ca3ca8c0ca7f,02341,Dublin city and suburbs,Dublin
4c07d11e-2ae5-851d-e053-ca3ca8c0ca7f,02341,Dublin city and suburbs,Dublin
4c07d11e-2ae6-851d-e053-ca3ca8c0ca7f,02341,Dublin city and suburbs,Dublin
4c07d11e-2ae7-851d-e053-ca3ca8c0ca7f,02341,Dublin city and suburbs,Dublin
4c07d11e-2ae8-851d-e053-ca3ca8c0ca7f,02341,Dublin city and suburbs,Dublin
4c07d11e-2ae9-851d-e053-ca3ca8c0ca7f,02341,Dublin city and suburbs,Dublin
4c07d11e-2aea-851d-e053-ca3ca8c0ca7f,02341,Dublin city and suburbs,Dublin
4c07d11e-2aeb-851d-e053-ca3ca8c0ca7f,02341,Dublin city and suburbs,Dublin
4c07d11e-2aec-851d-e053-ca3ca8c0ca7f,02341,Dublin city and suburbs,Dublin
4c07d11e-2aed-851d-e053-ca3ca8c0ca7f,02341,Dublin city and suburbs,Dublin
4c07d11e-2aee-851d-e053-ca3ca8c0ca7f,02341,Dublin city and suburbs,Dublin
4c07d11e-2aef-851d-e053-ca3ca8c0ca7f,02341,Dublin city and suburbs,Dublin
4c07d11e-2af0-851d-e053-ca3ca8c0ca7f,02341,Dublin city and suburbs,Dublin
4c07d11e-2af1-851d-e053-ca3ca8c0ca7f,02341,Dublin city and suburbs,Dublin
4c07d11e-2af2-851d-e053-ca3ca8c0ca7f,02341,Dublin city and suburbs,Dublin
4c07d11e-2af3-851d-e053-ca3ca8c0ca7f,02341,Dublin city and suburbs,Dublin
4c07d11e-2af4-851d-e053-ca3ca8c0ca7f,02341,Dublin city and suburbs,Dublin
4c07d11e-2af5-851d-e053-ca3ca8c0ca7f,02341,Dublin city and suburbs,Dublin
4c07d11e-2af6-851d-e053-ca3ca8c0ca7f,02341,Dublin city and suburbs,Dublin
4c07d11e-2af7-851d-e053-ca3ca8c0ca7f,02341,Dublin city and suburbs,Dublin
4c07d11e-2af8-851d-e053-ca3ca8c0ca7f,02341,Dublin city and suburbs,Dublin
4c07d11e-2af9-851d-e053-ca3ca8c0ca7f,02341,Dublin city and suburbs,Dublin
4c07d11e-2afa-851d-e053-ca3ca8c0ca7f,02341,Dublin city and suburbs,Dublin
4c07d11e-2afb-851d-e053-ca3ca8c0ca7f,02341,Dublin city and suburbs,Dublin
4c07d11e-2afc-851d-e053-ca3ca8c0ca7f,02341,Dublin city and suburbs,Dublin
4c07d11e-2afd-851d-e053-ca3ca8c0ca7f,02341,Dublin city and suburbs,Dublin
4c07d11e-2afe-851d-e053-ca3ca8c0ca7f,02341,Dublin city and suburbs,Dublin
4c07d11e-2aff-851d-e053-ca3ca8c0ca7f,02341,Dublin city and suburbs,Dublin
4c07d11e-2b00-851d-e053-ca3ca8c0ca7f,02341,Dublin city and suburbs,Dublin
4c07d11e-2b01-851d-e053-ca3ca8c0ca7f,02341,Dublin city and suburbs,Dublin
4c07d11e-2b02-851d-e053-ca3ca8c0ca7f,02341,Dublin city and suburbs,Dublin
4c07d11e-2b03-851d-e053-ca3ca8c0ca7f,02341,Dublin city and suburbs,Dublin
4c07d11e-2b04-851d-e053-ca3ca8c0ca7f,02341,Dublin city and suburbs,Dublin
4c07d11e-2b05-851d-e053-ca3ca8c0ca7f,02341,Dublin city and suburbs,Dublin
4c07d11e-2b06-851d-e053-ca3ca8c0ca7f,02341,Dublin city and suburbs,Dublin
4c07d11e-2b07-851d-e053-ca3ca8c0ca7f,02341,Dublin city and suburbs,Dublin
4c07d11e-2b08-851d-e053-ca3ca8c0ca7f,02341,Dublin city and suburbs,Dublin
4c07d11e-2b09-851d-e053-ca3ca8c0ca7f,02341,Dublin city and suburbs,Dublin
4c07d11e-2b0a-851d-e053-ca3ca8c0ca7f,02341,Dublin city and suburbs,Dublin
4c07d11e-2b0b-851d-e053-ca3ca8c0ca7f,02341,Dublin city and suburbs,Dublin
4c07d11e-2b0c-851d-e053-ca3ca8c0ca7f,02341,Dublin city and suburbs,Dublin
4c07d11e-2b0d-851d-e053-ca3ca8c0ca7f,02341,Dublin city and suburbs,Dublin
4c07d11e-2b0e-851d-e053-ca3ca8c0ca7f,02341,Dublin city and suburbs,Dublin
4c07d11e-2b0f-851d-e053-ca3ca8c0ca7f,02341,Dublin city and suburbs,Dublin
4c07d11e-2b10-851d-e053-ca3ca8c0ca7f,02341,Dublin city and suburbs,Dublin
4c07d11e-2b11-851d-e053-ca3ca8c0ca7f,02341,Dublin city and suburbs,Dublin
4c07d11e-2b12-851d-e053-ca3ca8c0ca7f,02341,Dublin city and suburbs,Dublin
4c07d11e-2b13-851d-e053-ca3ca8c0ca7f,02341,Dublin city and suburbs,Dublin
4c07d11e-2b14-851d-e053-ca3ca8c0ca7f,02341,Dublin city and suburbs,Dublin
4c07d11e-2b15-851d-e053-ca3ca8c0ca7f,02341,Dublin city and suburbs,Dublin
4c07d11e-2b16-851d-e053-ca3ca8c0ca7f,02341,Dublin city and suburbs,Dublin
4c07d11e-2b17-851d-e053-ca3ca8c0ca7f,02341,Dublin city and suburbs,Dublin
4c07d11e-2b18-851d-e053-ca3ca8c0ca7f,02341,Dublin city and suburbs,Dublin
4c07d11e-2b19-851d-e053-ca3ca8c0ca7f,02341,Dublin city and suburbs,Dublin
4c07d11e-2b1a-851d-e053-ca3ca8c0ca7f,02341,Dublin city and suburbs,Dublin
4c07d11e-2b1b-851d-e053-ca3ca8c0ca7f,02341,Dublin city and suburbs,Dublin
4c07d11e-2b1c-851d-e053-ca3ca8c0ca7f,02341,Dublin city and suburbs,Dublin
4c07d11e-2b1d-851d-e053-ca3ca8c0ca7f,02341,Dublin city and suburbs,Dublin
4c07d11e-2b1e-851d-e053-ca3ca8c0ca7f,02341,Dublin city and suburbs,Dublin
4c07d11e-2b1f-851d-e053-ca3ca8c0ca7f,02341,Dublin city and suburbs,Dublin
4c07d11e-2b20-851d-e053-ca3ca8c0ca7f,02341,Dublin city and suburbs,Dublin
4c07d11e-2b21-851d-e053-ca3ca8c0ca7f,02341,Dublin city and suburbs,Dublin
4c07d11e-2b22-851d-e053-ca3ca8c0ca7f,02341,Dublin city and suburbs,Dublin
4c07d11e-2b23-851d-e053-ca3ca8c0ca7f,02341,Dublin city and suburbs,Dublin
4c07d11e-2b24-851d-e053-ca3ca8c0ca7f,02341,Dublin city and suburbs,Dublin
4c07d11e-2b25-851d-e053-ca3ca8c0ca7f,02341,Dublin city and suburbs,Dublin
4c07d11e-2b26-851d-e053-ca3ca8c0ca7f,02341,Dublin city and suburbs,Dublin
4c07d11e-2b27-851d-e053-ca3ca8c0ca7f,02341,Dublin city and suburbs,Dublin
4c07d11e-2b28-851d-e053-ca3ca8c0ca7f,02341,Dublin city and suburbs,Dublin
4c07d11e-2b29-851d-e053-ca3ca8c0ca7f,02341,Dublin city and suburbs,Dublin
4c07d11e-2b2a-851d-e053-ca3ca8c0ca7f,02341,Dublin city and suburbs,Dublin
4c07d11e-2b2b-851d-e053-ca3ca8c0ca7f,02341,Dublin city and suburbs,Dublin
4c07d11e-2b2c-851d-e053-ca3ca8c0ca7f,02341,Dublin city and suburbs,Dublin
4c07d11e-2b2d-851d-e053-ca3ca8c0ca7f,02341,Dublin city and suburbs,Dublin
4c07d11e-2b2e-851d-e053-ca3ca8c0ca7f,02341,Dublin city and suburbs,Dublin
4c07d11e-2b2f-851d-e053-ca3ca8c0ca7f,02341,Dublin city and suburbs,Dublin
4c07d11e-2b30-851d-e053-ca3ca8c0ca7f,02341,Dublin city and suburbs,Dublin
4c07d11e-2b31-851d-e053-ca3ca8c0ca7f,02341,Dublin city and suburbs,Dublin
4c07d11e-2b32-851d-e053-ca3ca8c0ca7f,02341,Dublin city and suburbs,Dublin
4c07d11e-2b33-851d-e053-ca3ca8c0ca7f,02341,Dublin city and suburbs,Dublin
4c07d11e-2b34-851d-e053-ca3ca8c0ca7f,02341,Dublin city and suburbs,Dublin
4c07d11e-2b35-851d-e053-ca3ca8c0ca7f,02341,Dublin city and suburbs,Dublin
4c07d11e-2b36-851d-e053-ca3ca8c0ca7f,02341,Dublin city and suburbs,Dublin
4c07d11e-2b37-851d-e053-ca3ca8c0ca7f,02341,Dublin city and suburbs,Dublin
4c07d11e-2b38-851d-e053-ca3ca8c0ca7f,02341,Dublin city and suburbs,Dublin
4c07d11e-2b39-851d-e053-ca3ca8c0ca7f,02341,Dublin city and suburbs,Dublin
4c07d11e-2b3a-851d-e053-ca3ca8c0ca7f,02341,Dublin city and suburbs,Dublin
4c07d11e-2b3b-851d-e053-ca3ca8c0ca7f,02341,Dublin city and suburbs,Dublin
4c07d11e-2b3c-851d-e053-ca3ca8c0ca7f,02341,Dublin city and suburbs,Dublin
4c07d11e-2b3d-851d-e053-ca3ca8c0ca7f,02341,Dublin city and suburbs,Dublin
4c07d11e-2b3e-851d-e053-ca3ca8c0ca7f,02341,Dublin city and suburbs,Dublin
4c07d11e-2b3f-851d-e053-ca3ca8c0ca7f,02341,Dublin city and suburbs,Dublin
4c07d11e-2b40-851d-e053-ca3ca8c0ca7f,02341,Dublin city and suburbs,Dublin
4c07d11e-2b41-851d-e053-ca3ca8c0ca7f,02341,Dublin city and suburbs,Dublin
4c07d11e-2b42-851d-e053-ca3ca8c0ca7f,02341,Dublin city and suburbs,Dublin
4c07d11e-2b44-851d-e053-ca3ca8c0ca7f,02341,Dublin city and suburbs,Dublin
4c07d11e-2b45-851d-e053-ca3ca8c0ca7f,02341,Dublin city and suburbs,Dublin
4c07d11e-2b46-851d-e053-ca3ca8c0ca7f,02341,Dublin city and suburbs,Dublin
4c07d11e-2b47-851d-e053-ca3ca8c0ca7f,02341,Dublin city and suburbs,Dublin
4c07d11e-2b49-851d-e053-ca3ca8c0ca7f,02341,Dublin city and suburbs,Dublin
4c07d11e-2b4a-851d-e053-ca3ca8c0ca7f,02341,Dublin city and suburbs,Dublin
4c07d11e-2b4b-851d-e053-ca3ca8c0ca7f,02341,Dublin city and suburbs,Dublin
4c07d11e-2b4c-851d-e053-ca3ca8c0ca7f,02341,Dublin city and suburbs,Dublin
4c07d11e-2b4d-851d-e053-ca3ca8c0ca7f,02341,Dublin city and suburbs,Dublin
4c07d11e-2b4e-851d-e053-ca3ca8c0ca7f,02341,Dublin city and suburbs,Dublin
4c07d11e-2b4f-851d-e053-ca3ca8c0ca7f,02341,Dublin city and suburbs,Dublin
4c07d11e-2b50-851d-e053-ca3ca8c0ca7f,02341,Dublin city and suburbs,Dublin
4c07d11e-2b51-851d-e053-ca3ca8c0ca7f,02341,Dublin city and suburbs,Dublin
4c07d11e-2b52-851d-e053-ca3ca8c0ca7f,02341,Dublin city and suburbs,Dublin
4c07d11e-2b53-851d-e053-ca3ca8c0ca7f,02341,Dublin city and suburbs,Dublin
4c07d11e-2b54-851d-e053-ca3ca8c0ca7f,02341,Dublin city and suburbs,Dublin
4c07d11e-2b55-851d-e053-ca3ca8c0ca7f,02341,Dublin city and suburbs,Dublin
4c07d11e-2b56-851d-e053-ca3ca8c0ca7f,02341,Dublin city and suburbs,Dublin
4c07d11e-2b57-851d-e053-ca3ca8c0ca7f,02341,Dublin city and suburbs,Dublin
4c07d11e-2b58-851d-e053-ca3ca8c0ca7f,02341,Dublin city and suburbs,Dublin
4c07d11e-2b59-851d-e053-ca3ca8c0ca7f,02341,Dublin city and suburbs,Dublin
4c07d11e-2b5a-851d-e053-ca3ca8c0ca7f,02341,Dublin city and suburbs,Dublin
4c07d11e-2b5b-851d-e053-ca3ca8c0ca7f,02341,Dublin city and suburbs,Dublin
4c07d11e-2b5c-851d-e053-ca3ca8c0ca7f,02341,Dublin city and suburbs,Dublin
4c07d11e-2b5d-851d-e053-ca3ca8c0ca7f,02341,Dublin city and suburbs,Dublin
4c07d11e-2b5e-851d-e053-ca3ca8c0ca7f,02341,Dublin city and suburbs,Dublin
4c07d11e-2b5f-851d-e053-ca3ca8c0ca7f,02341,Dublin city and suburbs,Dublin
4c07d11e-2b60-851d-e053-ca3ca8c0ca7f,02341,Dublin city and suburbs,Dublin
4c07d11e-2b61-851d-e053-ca3ca8c0ca7f,02341,Dublin city and suburbs,Dublin
4c07d11e-2b62-851d-e053-ca3ca8c0ca7f,02341,Dublin city and suburbs,Dublin
4c07d11e-2b63-851d-e053-ca3ca8c0ca7f,02341,Dublin city and suburbs,Dublin
4c07d11e-2b64-851d-e053-ca3ca8c0ca7f,02341,Dublin city and suburbs,Dublin
4c07d11e-2b65-851d-e053-ca3ca8c0ca7f,02341,Dublin city and suburbs,Dublin
4c07d11e-2b66-851d-e053-ca3ca8c0ca7f,02341,Dublin city and suburbs,Dublin
4c07d11e-2b67-851d-e053-ca3ca8c0ca7f,02341,Dublin city and suburbs,Dublin
4c07d11e-2b68-851d-e053-ca3ca8c0ca7f,02341,Dublin city and suburbs,Dublin
4c07d11e-2b69-851d-e053-ca3ca8c0ca7f,02341,Dublin city and suburbs,Dublin
4c07d11e-2b6a-851d-e053-ca3ca8c0ca7f,02341,Dublin city and suburbs,Dublin
4c07d11e-2b6b-851d-e053-ca3ca8c0ca7f,02341,Dublin city and suburbs,Dublin
4c07d11e-2b6c-851d-e053-ca3ca8c0ca7f,02341,Dublin city and suburbs,Dublin
4c07d11e-2b6d-851d-e053-ca3ca8c0ca7f,02341,Dublin city and suburbs,Dublin
4c07d11e-2b6e-851d-e053-ca3ca8c0ca7f,02341,Dublin city and suburbs,Dublin
4c07d11e-2b6f-851d-e053-ca3ca8c0ca7f,02341,Dublin city and suburbs,Dublin
4c07d11e-2b70-851d-e053-ca3ca8c0ca7f,02341,Dublin city and suburbs,Dublin
4c07d11e-2b71-851d-e053-ca3ca8c0ca7f,02341,Dublin city and suburbs,Dublin
4c07d11e-2b72-851d-e053-ca3ca8c0ca7f,02341,Dublin city and suburbs,Dublin
4c07d11e-2b73-851d-e053-ca3ca8c0ca7f,02341,Dublin city and suburbs,Dublin
4c07d11e-2b74-851d-e053-ca3ca8c0ca7f,02341,Dublin city and suburbs,Dublin
4c07d11e-2b75-851d-e053-ca3ca8c0ca7f,02341,Dublin city and suburbs,Dublin
4c07d11e-2b76-851d-e053-ca3ca8c0ca7f,02341,Dublin city and suburbs,Dublin
4c07d11e-2b77-851d-e053-ca3ca8c0ca7f,02341,Dublin city and suburbs,Dublin
4c07d11e-2b78-851d-e053-ca3ca8c0ca7f,02341,Dublin city and suburbs,Dublin
4c07d11e-2b79-851d-e053-ca3ca8c0ca7f,02341,Dublin city and suburbs,Dublin
4c07d11e-2b7a-851d-e053-ca3ca8c0ca7f,02341,Dublin city and suburbs,Dublin
4c07d11e-2b7b-851d-e053-ca3ca8c0ca7f,02341,Dublin city and suburbs,Dublin
4c07d11e-2b7c-851d-e053-ca3ca8c0ca7f,02341,Dublin city and suburbs,Dublin
4c07d11e-2b7d-851d-e053-ca3ca8c0ca7f,02341,Dublin city and suburbs,Dublin
4c07d11e-2b7e-851d-e053-ca3ca8c0ca7f,02341,Dublin city and suburbs,Dublin
4c07d11e-2b7f-851d-e053-ca3ca8c0ca7f,02341,Dublin city and suburbs,Dublin
4c07d11e-2b80-851d-e053-ca3ca8c0ca7f,06433,Leixlip,Kildare
4c07d11e-2b81-851d-e053-ca3ca8c0ca7f,06433,Leixlip,Kildare
4c07d11e-2b82-851d-e053-ca3ca8c0ca7f,02341,Dublin city and suburbs,Dublin
4c07d11e-2b83-851d-e053-ca3ca8c0ca7f,02341,Dublin city and suburbs,Dublin
4c07d11e-2b84-851d-e053-ca3ca8c0ca7f,02341,Dublin city and suburbs,Dublin
4c07d11e-2b85-851d-e053-ca3ca8c0ca7f,02341,Dublin city and suburbs,Dublin
4c07d11e-2b86-851d-e053-ca3ca8c0ca7f,02341,Dublin city and suburbs,Dublin
4c07d11e-2b87-851d-e053-ca3ca8c0ca7f,02341,Dublin city and suburbs,Dublin
4c07d11e-2b88-851d-e053-ca3ca8c0ca7f,02341,Dublin city and suburbs,Dublin
4c07d11e-2b89-851d-e053-ca3ca8c0ca7f,02341,Dublin city and suburbs,Dublin
4c07d11e-2b8a-851d-e053-ca3ca8c0ca7f,02341,Dublin city and suburbs,Dublin
4c07d11e-2b8b-851d-e053-ca3ca8c0ca7f,02341,Dublin city and suburbs,Dublin
4c07d11e-2b8c-851d-e053-ca3ca8c0ca7f,02341,Dublin city and suburbs,Dublin
4c07d11e-2b8d-851d-e053-ca3ca8c0ca7f,06433,Leixlip,Kildare
4c07d11e-2b8e-851d-e053-ca3ca8c0ca7f,06433,Leixlip,Kildare
4c07d11e-2b8f-851d-e053-ca3ca8c0ca7f,06433,Leixlip,Kildare
4c07d11e-2b90-851d-e053-ca3ca8c0ca7f,02341,Dublin city and suburbs,Dublin
4c07d11e-2b91-851d-e053-ca3ca8c0ca7f,02341,Dublin city and suburbs,Dublin
4c07d11e-2b92-851d-e053-ca3ca8c0ca7f,02341,Dublin city and suburbs,Dublin
4c07d11e-2b93-851d-e053-ca3ca8c0ca7f,02341,Dublin city and suburbs,Dublin
4c07d11e-2b94-851d-e053-ca3ca8c0ca7f,02341,Dublin city and suburbs,Dublin
4c07d11e-2b95-851d-e053-ca3ca8c0ca7f,02341,Dublin city and suburbs,Dublin
4c07d11e-2b96-851d-e053-ca3ca8c0ca7f,02341,Dublin city and suburbs,Dublin
4c07d11e-2b97-851d-e053-ca3ca8c0ca7f,02341,Dublin city and suburbs,Dublin
4c07d11e-2b98-851d-e053-ca3ca8c0ca7f,02341,Dublin city and suburbs,Dublin
4c07d11e-2b99-851d-e053-ca3ca8c0ca7f,02341,Dublin city and suburbs,Dublin
4c07d11e-2b9a-851d-e053-ca3ca8c0ca7f,06433,Leixlip,Kildare
4c07d11e-2b9b-851d-e053-ca3ca8c0ca7f,06433,Leixlip,Kildare
4c07d11e-2b9c-851d-e053-ca3ca8c0ca7f,06433,Leixlip,Kildare
4c07d11e-2b9d-851d-e053-ca3ca8c0ca7f,06433,Leixlip,Kildare
4c07d11e-2b9e-851d-e053-ca3ca8c0ca7f,02341,Dublin city and suburbs,Dublin
4c07d11e-2b9f-851d-e053-ca3ca8c0ca7f,02341,Dublin city and suburbs,Dublin
4c07d11e-2ba0-851d-e053-ca3ca8c0ca7f,02341,Dublin city and suburbs,Dublin
4c07d11e-2ba1-851d-e053-ca3ca8c0ca7f,02341,Dublin city and suburbs,Dublin
4c07d11e-2ba2-851d-e053-ca3ca8c0ca7f,02341,Dublin city and suburbs,Dublin
4c07d11e-2ba3-851d-e053-ca3ca8c0ca7f,02341,Dublin city and suburbs,Dublin
4c07d11e-2ba4-851d-e053-ca3ca8c0ca7f,02341,Dublin city and suburbs,Dublin
4c07d11e-2ba5-851d-e053-ca3ca8c0ca7f,02341,Dublin city and suburbs,Dublin
4c07d11e-2ba6-851d-e053-ca3ca8c0ca7f,06433,Leixlip,Kildare
4c07d11e-2ba7-851d-e053-ca3ca8c0ca7f,06433,Leixlip,Kildare
4c07d11e-2ba8-851d-e053-ca3ca8c0ca7f,06433,Leixlip,Kildare
4c07d11e-2ba9-851d-e053-ca3ca8c0ca7f,02341,Dublin city and suburbs,Dublin
4c07d11e-2baa-851d-e053-ca3ca8c0ca7f,02341,Dublin city and suburbs,Dublin
4c07d11e-2bab-851d-e053-ca3ca8c0ca7f,02341,Dublin city and suburbs,Dublin
4c07d11e-2bac-851d-e053-ca3ca8c0ca7f,02341,Dublin city and suburbs,Dublin
4c07d11e-2bad-851d-e053-ca3ca8c0ca7f,02341,Dublin city and suburbs,Dublin
4c07d11e-2bae-851d-e053-ca3ca8c0ca7f,02341,Dublin city and suburbs,Dublin
4c07d11e-2baf-851d-e053-ca3ca8c0ca7f,02341,Dublin city and suburbs,Dublin
4c07d11e-2bb0-851d-e053-ca3ca8c0ca7f,02341,Dublin city and suburbs,Dublin
4c07d11e-2bb1-851d-e053-ca3ca8c0ca7f,02341,Dublin city and suburbs,Dublin
4c07d11e-2bb2-851d-e053-ca3ca8c0ca7f,06433,Leixlip,Kildare
4c07d11e-2bb3-851d-e053-ca3ca8c0ca7f,06433,Leixlip,Kildare
4c07d11e-2bb4-851d-e053-ca3ca8c0ca7f,06433,Leixlip,Kildare
4c07d11e-2bb5-851d-e053-ca3ca8c0ca7f,02341,Dublin city and suburbs,Dublin
4c07d11e-2bb6-851d-e053-ca3ca8c0ca7f,02341,Dublin city and suburbs,Dublin
4c07d11e-2bb7-851d-e053-ca3ca8c0ca7f,02341,Dublin city and suburbs,Dublin
4c07d11e-2bb8-851d-e053-ca3ca8c0ca7f,02341,Dublin city and suburbs,Dublin
4c07d11e-2bb9-851d-e053-ca3ca8c0ca7f,02341,Dublin city and suburbs,Dublin
4c07d11e-2bba-851d-e053-ca3ca8c0ca7f,02341,Dublin city and suburbs,Dublin
4c07d11e-2bbc-851d-e053-ca3ca8c0ca7f,02341,Dublin city and suburbs,Dublin
4c07d11e-2bbd-851d-e053-ca3ca8c0ca7f,02341,Dublin city and suburbs,Dublin
4c07d11e-2bbe-851d-e053-ca3ca8c0ca7f,02341,Dublin city and suburbs,Dublin
4c07d11e-2bbf-851d-e053-ca3ca8c0ca7f,02341,Dublin city and suburbs,Dublin
4c07d11e-2bc0-851d-e053-ca3ca8c0ca7f,02341,Dublin city and suburbs,Dublin
4c07d11e-2bc1-851d-e053-ca3ca8c0ca7f,02341,Dublin city and suburbs,Dublin
4c07d11e-2bc2-851d-e053-ca3ca8c0ca7f,02341,Dublin city and suburbs,Dublin
4c07d11e-2bc3-851d-e053-ca3ca8c0ca7f,02341,Dublin city and suburbs,Dublin
4c07d11e-2bc4-851d-e053-ca3ca8c0ca7f,02341,Dublin city and suburbs,Dublin
4c07d11e-2bc5-851d-e053-ca3ca8c0ca7f,02341,Dublin city and suburbs,Dublin
4c07d11e-2bc6-851d-e053-ca3ca8c0ca7f,02341,Dublin city and suburbs,Dublin
4c07d11e-2bc7-851d-e053-ca3ca8c0ca7f,02341,Dublin city and suburbs,Dublin
4c07d11e-2bc8-851d-e053-ca3ca8c0ca7f,02341,Dublin city and suburbs,Dublin
4c07d11e-2bc9-851d-e053-ca3ca8c0ca7f,02341,Dublin city and suburbs,Dublin
4c07d11e-2bca-851d-e053-ca3ca8c0ca7f,02341,Dublin city and suburbs,Dublin
4c07d11e-2bcc-851d-e053-ca3ca8c0ca7f,02341,Dublin city and suburbs,Dublin
4c07d11e-2bcd-851d-e053-ca3ca8c0ca7f,02341,Dublin city and suburbs,Dublin
4c07d11e-2bce-851d-e053-ca3ca8c0ca7f,02341,Dublin city and suburbs,Dublin
4c07d11e-2bcf-851d-e053-ca3ca8c0ca7f,02341,Dublin city and suburbs,Dublin
4c07d11e-2bd0-851d-e053-ca3ca8c0ca7f,10013,Dundalk,Louth
4c07d11e-2bd1-851d-e053-ca3ca8c0ca7f,10013,Dundalk,Louth
4c07d11e-2bd2-851d-e053-ca3ca8c0ca7f,10013,Dundalk,Louth
4c07d11e-2bd3-851d-e053-ca3ca8c0ca7f,18753,Carrigaline,Cork
4c07d11e-2bd4-851d-e053-ca3ca8c0ca7f,18753,Carrigaline,Cork
4c07d11e-2bd5-851d-e053-ca3ca8c0ca7f,18753,Carrigaline,Cork
4c07d11e-2bd6-851d-e053-ca3ca8c0ca7f,33091,Letterkenny,Donegal
4c07d11e-2bd7-851d-e053-ca3ca8c0ca7f,33091,Letterkenny,Donegal
4c07d11e-2bd8-851d-e053-ca3ca8c0ca7f,33091,Letterkenny,Donegal
4c07d11e-2bd9-851d-e053-ca3ca8c0ca7f,33075,Buncrana,Donegal
4c07d11e-2bda-851d-e053-ca3ca8c0ca7f,33075,Buncrana,Donegal
4c07d11e-2bdb-851d-e053-ca3ca8c0ca7f,33075,Buncrana,Donegal
4c07d11e-2bdc-851d-e053-ca3ca8c0ca7f,19849,Tralee,Kerry
4c07d11e-2bdd-851d-e053-ca3ca8c0ca7f,19849,Tralee,Kerry
4c07d11e-2bde-851d-e053-ca3ca8c0ca7f,19849,Tralee,Kerry
4c07d11e-2bdf-851d-e053-ca3ca8c0ca7f,19849,Tralee,Kerry
4c07d11e-2be0-851d-e053-ca3ca8c0ca7f,19849,Tralee,Kerry
4c07d11e-2be1-851d-e053-ca3ca8c0ca7f,19849,Tralee,Kerry
4c07d11e-2be2-851d-e053-ca3ca8c0ca7f,18753,Carrigaline,Cork
4c07d11e-2be3-851d-e053-ca3ca8c0ca7f,18753,Carrigaline,Cork
4c07d11e-2be4-851d-e053-ca3ca8c0ca7f,18753,Carrigaline,Cork
4c07d11e-2be5-851d-e053-ca3ca8c0ca7f,33091,Letterkenny,Donegal
4c07d11e-2be6-851d-e053-ca3ca8c0ca7f,33091,Letterkenny,Donegal
4c07d11e-2be7-851d-e053-ca3ca8c0ca7f,33075,Buncrana,Donegal
4c07d11e-2be9-851d-e053-ca3ca8c0ca7f,33068,Bridge End,Donegal
4c07d11e-2bea-851d-e053-ca3ca8c0ca7f,19849,Tralee,Kerry
4c07d11e-2beb-851d-e053-ca3ca8c0ca7f,19849,Tralee,Kerry
4c07d11e-2bec-851d-e053-ca3ca8c0ca7f,19849,Tralee,Kerry
4c07d11e-2bed-851d-e053-ca3ca8c0ca7f,19849,Tralee,Kerry
4c07d11e-2bee-851d-e053-ca3ca8c0ca7f,19849,Tralee,Kerry
4c07d11e-2bef-851d-e053-ca3ca8c0ca7f,19849,Tralee,Kerry
4c07d11e-2bf0-851d-e053-ca3ca8c0ca7f,10013,Dundalk,Louth
4c07d11e-2bf1-851d-e053-ca3ca8c0ca7f,10013,Dundalk,Louth
4c07d11e-2bf2-851d-e053-ca3ca8c0ca7f,10013,Dundalk,Louth
4c07d11e-2bf3-851d-e053-ca3ca8c0ca7f,10013,Dundalk,Louth
4c07d11e-2bf4-851d-e053-ca3ca8c0ca7f,33091,Letterkenny,Donegal
4c07d11e-2bf5-851d-e053-ca3ca8c0ca7f,33091,Letterkenny,Donegal
4c07d11e-2bf6-851d-e053-ca3ca8c0ca7f,33091,Letterkenny,Donegal
4c07d11e-2bf7-851d-e053-ca3ca8c0ca7f,33067,Muff,Donegal
4c07d11e-2bf8-851d-e053-ca3ca8c0ca7f,33067,Muff,Donegal
4c07d11e-2bfa-851d-e053-ca3ca8c0ca7f,19849,Tralee,Kerry
4c07d11e-2bfb-851d-e053-ca3ca8c0ca7f,19849,Tralee,Kerry
4c07d11e-2bfc-851d-e053-ca3ca8c0ca7f,19849,Tralee,Kerry
4c07d11e-2bfd-851d-e053-ca3ca8c0ca7f,19849,Tralee,Kerry
4c07d11e-2bfe-851d-e053-ca3ca8c0ca7f,19849,Tralee,Kerry
4c07d11e-2bff-851d-e053-ca3ca8c0ca7f,10013,Dundalk,Louth
4c07d11e-2c00-851d-e053-ca3ca8c0ca7f,10013,Dundalk,Louth
4c07d11e-2c01-851d-e053-ca3ca8c0ca7f,10013,Dundalk,Louth
4c07d11e-2c02-851d-e053-ca3ca8c0ca7f,33091,Letterkenny,Donegal
4c07d11e-2c03-851d-e053-ca3ca8c0ca7f,33091,Letterkenny,Donegal
4c07d11e-2c04-851d-e053-ca3ca8c0ca7f,33066,Carndonagh,Donegal
4c07d11e-2c05-851d-e053-ca3ca8c0ca7f,33061,Moville,Donegal
4c07d11e-2c06-851d-e053-ca3ca8c0ca7f,19849,Tralee,Kerry
4c07d11e-2c07-851d-e053-ca3ca8c0ca7f,19849,Tralee,Kerry
4c07d11e-2c08-851d-e053-ca3ca8c0ca7f,19849,Tralee,Kerry
4c07d11e-2c09-851d-e053-ca3ca8c0ca7f,17364,Cork city and suburbs,Cork
4c07d11e-2c0a-851d-e053-ca3ca8c0ca7f,10013,Dundalk,Louth
4c07d11e-2c0b-851d-e053-ca3ca8c0ca7f,10013,Dundalk,Louth
4c07d11e-2c0c-851d-e053-ca3ca8c0ca7f,33091,Letterkenny,Donegal
4c07d11e-2c0d-851d-e053-ca3ca8c0ca7f,33091,Letterkenny,Donegal
4c07d11e-2c0e-851d-e053-ca3ca8c0ca7f,33091,Letterkenny,Donegal
4c07d11e-2c0f-851d-e053-ca3ca8c0ca7f,33061,Moville,Donegal
4c07d11e-2c10-851d-e053-ca3ca8c0ca7f,33060,Greencastle,Donegal
4c07d11e-2c11-851d-e053-ca3ca8c0ca7f,17364,Cork city and suburbs,Cork
4c07d11e-2c12-851d-e053-ca3ca8c0ca7f,17364,Cork city and suburbs,Cork
4c07d11e-2c13-851d-e053-ca3ca8c0ca7f,17364,Cork city and suburbs,Cork
4c07d11e-2c14-851d-e053-ca3ca8c0ca7f,10013,Dundalk,Louth
4c07d11e-2c15-851d-e053-ca3ca8c0ca7f,10013,Dundalk,Louth
4c07d11e-2c16-851d-e053-ca3ca8c0ca7f,10013,Dundalk,Louth
4c07d11e-2c17-851d-e053-ca3ca8c0ca7f,10013,Dundalk,Louth
4c07d11e-2c18-851d-e053-ca3ca8c0ca7f,33091,Letterkenny,Donegal
4c07d11e-2c19-851d-e053-ca3ca8c0ca7f,33091,Letterkenny,Donegal
4c07d11e-2c1a-851d-e053-ca3ca8c0ca7f,33091,Letterkenny,Donegal
4c07d11e-2c1b-851d-e053-ca3ca8c0ca7f,18826,Schull,Cork
4c07d11e-2c1c-851d-e053-ca3ca8c0ca7f,18821,Skibbereen,Cork
4c07d11e-2c1d-851d-e053-ca3ca8c0ca7f,18801,Clonakilty,Cork
4c07d11e-2c1e-851d-e053-ca3ca8c0ca7f,17364,Cork city and suburbs,Cork
4c07d11e-2c1f-851d-e053-ca3ca8c0ca7f,17364,Cork city and suburbs,Cork
4c07d11e-2c20-851d-e053-ca3ca8c0ca7f,17364,Cork city and suburbs,Cork
4c07d11e-2c21-851d-e053-ca3ca8c0ca7f,10013,Dundalk,Louth
4c07d11e-2c23-851d-e053-ca3ca8c0ca7f,10013,Dundalk,Louth
4c07d11e-2c24-851d-e053-ca3ca8c0ca7f,10013,Dundalk,Louth
4c07d11e-2c25-851d-e053-ca3ca8c0ca7f,33091,Letterkenny,Donegal
4c07d11e-2c26-851d-e053-ca3ca8c0ca7f,33091,Letterkenny,Donegal
4c07d11e-2c27-851d-e053-ca3ca8c0ca7f,18801,Clonakilty,Cork
4c07d11e-2c28-851d-e053-ca3ca8c0ca7f,18801,Clonakilty,Cork
4c07d11e-2c29-851d-e053-ca3ca8c0ca7f,18801,Clonakilty,Cork
4c07d11e-2c2a-851d-e053-ca3ca8c0ca7f,17364,Cork city and suburbs,Cork
4c07d11e-2c2b-851d-e053-ca3ca8c0ca7f,17364,Cork city and suburbs,Cork
4c07d11e-2c2c-851d-e053-ca3ca8c0ca7f,10013,Dundalk,Louth
4c07d11e-2c2d-851d-e053-ca3ca8c0ca7f,10013,Dundalk,Louth
4c07d11e-2c2e-851d-e053-ca3ca8c0ca7f,10013,Dundalk,Louth
4c07d11e-2c2f-851d-e053-ca3ca8c0ca7f,33091,Letterkenny,Donegal
4c07d11e-2c30-851d-e053-ca3ca8c0ca7f,33091,Letterkenny,Donegal
4c07d11e-2c31-851d-e053-ca3ca8c0ca7f,33091,Letterkenny,Donegal
4c07d11e-2c32-851d-e053-ca3ca8c0ca7f,18801,Clonakilty,Cork
4c07d11e-2c33-851d-e053-ca3ca8c0ca7f,18801,Clonakilty,Cork
4c07d11e-2c34-851d-e053-ca3ca8c0ca7f,18789,Timoleague,Cork
4c07d11e-2c35-851d-e053-ca3ca8c0ca7f,18787,Bandon,Cork
4c07d11e-2c36-851d-e053-ca3ca8c0ca7f,17364,Cork city and suburbs,Cork
4c07d11e-2c37-851d-e053-ca3ca8c0ca7f,17364,Cork city and suburbs,Cork
4c07d11e-2c38-851d-e053-ca3ca8c0ca7f,17364,Cork city and suburbs,Cork
4c07d11e-2c39-851d-e053-ca3ca8c0ca7f,10013,Dundalk,Louth
4c07d11e-2c3a-851d-e053-ca3ca8c0ca7f,10001,Carlingford,Louth
4c07d11e-2c3b-851d-e053-ca3ca8c0ca7f,10001,Carlingford,Louth
4c07d11e-2c3c-851d-e053-ca3ca8c0ca7f,33091,Letterkenny,Donegal
4c07d11e-2c3d-851d-e053-ca3ca8c0ca7f,33091,Letterkenny,Donegal
4c07d11e-2c3e-851d-e053-ca3ca8c0ca7f,33091,Letterkenny,Donegal
4c07d11e-2c3f-851d-e053-ca3ca8c0ca7f,18765,Kinsale,Cork
4c07d11e-2c40-851d-e053-ca3ca8c0ca7f,18765,Kinsale,Cork
4c07d11e-2c41-851d-e053-ca3ca8c0ca7f,18765,Kinsale,Cork
4c07d11e-2c42-851d-e053-ca3ca8c0ca7f,17364,Cork city and suburbs,Cork
4c07d11e-2c43-851d-e053-ca3ca8c0ca7f,17364,Cork city and suburbs,Cork
4c07d11e-2c44-851d-e053-ca3ca8c0ca7f,17364,Cork city and suburbs,Cork
4c07d11e-2c45-851d-e053-ca3ca8c0ca7f,17364,Cork city and suburbs,Cork
4c07d11e-2c46-851d-e053-ca3ca8c0ca7f,10001,Carlingford,Louth
4c07d11e-2c47-851d-e053-ca3ca8c0ca7f,33102,Donegal,Donegal
4c07d11e-2c48-851d-e053-ca3ca8c0ca7f,33091,Letterkenny,Donegal
4c07d11e-2c49-851d-e053-ca3ca8c0ca7f,33091,Letterkenny,Donegal
4c07d11e-2c4a-851d-e053-ca3ca8c0ca7f,33091,Letterkenny,Donegal
4c07d11e-2c4b-851d-e053-ca3ca8c0ca7f,18761,Belgooly,Cork
4c07d11e-2c4c-851d-e053-ca3ca8c0ca7f,18753,Carrigaline,Cork
4c07d11e-2c4d-851d-e053-ca3ca8c0ca7f,18753,Carrigaline,Cork
4c07d11e-2c4e-851d-e053-ca3ca8c0ca7f,17364,Cork city and suburbs,Cork
4c07d11e-2c4f-851d-e053-ca3ca8c0ca7f,17364,Cork city and suburbs,Cork
4c07d11e-2c50-851d-e053-ca3ca8c0ca7f,17364,Cork city and suburbs,Cork
4c07d11e-2c51-851d-e053-ca3ca8c0ca7f,33102,Donegal,Donegal
4c07d11e-2c52-851d-e053-ca3ca8c0ca7f,33094,Ballybofey-Stranorlar,Donegal
4c07d11e-2c53-851d-e053-ca3ca8c0ca7f,33094,Ballybofey-Stranorlar,Donegal
4c07d11e-2c54-851d-e053-ca3ca8c0ca7f,33094,Ballybofey-Stranorlar,Donegal
4c07d11e-2c55-851d-e053-ca3ca8c0ca7f,33091,Letterkenny,Donegal
4c07d11e-2c56-851d-e053-ca3ca8c0ca7f,33091,Letterkenny,Donegal
4c07d11e-2c57-851d-e053-ca3ca8c0ca7f,33091,Letterkenny,Donegal
4c07d11e-2c58-851d-e053-ca3ca8c0ca7f,18753,Carrigaline,Cork
4c07d11e-2c59-851d-e053-ca3ca8c0ca7f,19840,Killarney,Kerry
4c07d11e-2c5a-851d-e053-ca3ca8c0ca7f,19840,Killarney,Kerry
4c07d11e-2c5b-851d-e053-ca3ca8c0ca7f,19840,Killarney,Kerry
4c07d11e-2c5c-851d-e053-ca3ca8c0ca7f,19840,Killarney,Kerry
4c07d11e-2c5d-851d-e053-ca3ca8c0ca7f,17364,Cork city and suburbs,Cork
4c07d11e-2c5e-851d-e053-ca3ca8c0ca7f,17364,Cork city and suburbs,Cork
4c07d11e-2c5f-851d-e053-ca3ca8c0ca7f,17364,Cork city and suburbs,Cork
4c07d11e-2c60-851d-e053-ca3ca8c0ca7f,17364,Cork city and suburbs,Cork
4c07d11e-2c61-851d-e053-ca3ca8c0ca7f,17364,Cork city and suburbs,Cork
4c07d11e-2c62-851d-e053-ca3ca8c0ca7f,33094,Ballybofey-Stranorlar,Donegal
4c07d11e-2c63-851d-e053-ca3ca8c0ca7f,33094,Ballybofey-Stranorlar,Donegal
4c07d11e-2c64-851d-e053-ca3ca8c0ca7f,33094,Ballybofey-Stranorlar,Donegal
4c07d11e-2c65-851d-e053-ca3ca8c0ca7f,33091,Letterkenny,Donegal
4c07d11e-2c66-851d-e053-ca3ca8c0ca7f,33091,Letterkenny,Donegal
4c07d11e-2c67-851d-e053-ca3ca8c0ca7f,33091,Letterkenny,Donegal
4c07d11e-2c68-851d-e053-ca3ca8c0ca7f,19840,Killarney,Kerry
4c07d11e-2c69-851d-e053-ca3ca8c0ca7f,19840,Killarney,Kerry
4c07d11e-2c6a-851d-e053-ca3ca8c0ca7f,19840,Killarney,Kerry
4c07d11e-2c6b-851d-e053-ca3ca8c0ca7f,19840,Killarney,Kerry
4c07d11e-2c6c-851d-e053-ca3ca8c0ca7f,17364,Cork city and suburbs,Cork
4c07d11e-2c6d-851d-e053-ca3ca8c0ca7f,17364,Cork city and suburbs,Cork
4c07d11e-2c6e-851d-e053-ca3ca8c0ca7f,17364,Cork city and suburbs,Cork
4c07d11e-2c6f-851d-e053-ca3ca8c0ca7f,17364,Cork city and suburbs,Cork
4c07d11e-2c70-851d-e053-ca3ca8c0ca7f,33094,Ballybofey-Stranorlar,Donegal
4c07d11e-2c71-851d-e053-ca3ca8c0ca7f,33094,Ballybofey-Stranorlar,Donegal
4c07d11e-2c72-851d-e053-ca3ca8c0ca7f,33094,Ballybofey-Stranorlar,Donegal
4c07d11e-2c73-851d-e053-ca3ca8c0ca7f,33091,Letterkenny,Donegal
4c07d11e-2c74-851d-e053-ca3ca8c0ca7f,33091,Letterkenny,Donegal
4c07d11e-2c75-851d-e053-ca3ca8c0ca7f,19840,Killarney,Kerry
4c07d11e-2c76-851d-e053-ca3ca8c0ca7f,19840,Killarney,Kerry
4c07d11e-2c77-851d-e053-ca3ca8c0ca7f,19840,Killarney,Kerry
4c07d11e-2c78-851d-e053-ca3ca8c0ca7f,19840,Killarney,Kerry
4c07d11e-2c79-851d-e053-ca3ca8c0ca7f,19840,Killarney,Kerry
4c07d11e-2c7a-851d-e053-ca3ca8c0ca7f,17364,Cork city and suburbs,Cork
4c07d11e-2c7b-851d-e053-ca3ca8c0ca7f,17364,Cork city and suburbs,Cork
4c07d11e-2c7c-851d-e053-ca3ca8c0ca7f,17364,Cork city and suburbs,Cork
4c07d11e-2c7d-851d-e053-ca3ca8c0ca7f,33083,Castlefinn,Donegal
4c07d11e-2c7e-851d-e053-ca3ca8c0ca7f,33087,Convoy,Donegal
4c07d11e-2c7f-851d-e053-ca3ca8c0ca7f,33078,Lifford,Donegal
4c07d11e-2c80-851d-e053-ca3ca8c0ca7f,33091,Letterkenny,Donegal
4c07d11e-2c81-851d-e053-ca3ca8c0ca7f,33091,Letterkenny,Donegal
4c07d11e-2c82-851d-e053-ca3ca8c0ca7f,33091,Letterkenny,Donegal
4c07d11e-2c83-851d-e053-ca3ca8c0ca7f,33093,Kilmacrennan,Donegal
4c07d11e-2c84-851d-e053-ca3ca8c0ca7f,19840,Killarney,Kerry
4c07d11e-2c85-851d-e053-ca3ca8c0ca7f,19855,Killorglin,Kerry
4c07d11e-2c86-851d-e053-ca3ca8c0ca7f,19849,Tralee,Kerry
4c07d11e-2c87-851d-e053-ca3ca8c0ca7f,17364,Cork city and suburbs,Cork
4c07d11e-2c88-851d-e053-ca3ca8c0ca7f,17364,Cork city and suburbs,Cork
4c07d11e-2c89-851d-e053-ca3ca8c0ca7f,17364,Cork city and suburbs,Cork
4c07d11e-2c8a-851d-e053-ca3ca8c0ca7f,17364,Cork city and suburbs,Cork
4c07d11e-2c8b-851d-e053-ca3ca8c0ca7f,17364,Cork city and suburbs,Cork
4c07d11e-2c8c-851d-e053-ca3ca8c0ca7f,33117,An Clochán Liath,Donegal
4c07d11e-2c8d-851d-e053-ca3ca8c0ca7f,33101,An Fál Carrach,Donegal
4c07d11e-2c8e-851d-e053-ca3ca8c0ca7f,33091,Letterkenny,Donegal
4c07d11e-2c8f-851d-e053-ca3ca8c0ca7f,33093,Kilmacrennan,Donegal
4c07d11e-2c90-851d-e053-ca3ca8c0ca7f,33079,Newtowncunningham,Donegal
4c07d11e-2c92-851d-e053-ca3ca8c0ca7f,19849,Tralee,Kerry
4c07d11e-2c93-851d-e053-ca3ca8c0ca7f,19849,Tralee,Kerry
4c07d11e-2c94-851d-e053-ca3ca8c0ca7f,19849,Tralee,Kerry
4c07d11e-2c95-851d-e053-ca3ca8c0ca7f,19849,Tralee,Kerry
4c07d11e-2c96-851d-e053-ca3ca8c0ca7f,19849,Tralee,Kerry
4c07d11e-2c97-851d-e053-ca3ca8c0ca7f,17364,Cork city and suburbs,Cork
4c07d11e-2c98-851d-e053-ca3ca8c0ca7f,17364,Cork city and suburbs,Cork
4c07d11e-2c99-851d-e053-ca3ca8c0ca7f,17364,Cork city and suburbs,Cork
4c07d11e-2c9a-851d-e053-ca3ca8c0ca7f,18753,Carrigaline,Cork
4c07d11e-2c9b-851d-e053-ca3ca8c0ca7f,33091,Letterkenny,Donegal
4c07d11e-2c9c-851d-e053-ca3ca8c0ca7f,33091,Letterkenny,Donegal
4c07d11e-2c9d-851d-e053-ca3ca8c0ca7f,33091,Letterkenny,Donegal
4c07d11e-2c9e-851d-e053-ca3ca8c0ca7f,33075,Buncrana,Donegal
4c07d11e-2c9f-851d-e053-ca3ca8c0ca7f,33075,Buncrana,Donegal
4c07d11e-2ca0-851d-e053-ca3ca8c0ca7f,33075,Buncrana,Donegal
4c07d11e-2ca1-851d-e053-ca3ca8c0ca7f,19849,Tralee,Kerry
4c07d11e-2ca2-851d-e053-ca3ca8c0ca7f,19849,Tralee,Kerry
4c07d11e-2ca3-851d-e053-ca3ca8c0ca7f,19849,Tralee,Kerry
4c07d11e-2ca4-851d-e053-ca3ca8c0ca7f,19849,Tralee,Kerry
4c07d11e-2ca6-851d-e053-ca3ca8c0ca7f,02341,Dublin city and suburbs,Dublin
4c07d11e-2ca7-851d-e053-ca3ca8c0ca7f,02341,Dublin city and suburbs,Dublin
4c07d11e-2ca8-851d-e053-ca3ca8c0ca7f,02341,Dublin city and suburbs,Dublin
4c07d11e-2ca9-851d-e053-ca3ca8c0ca7f,02341,Dublin city and suburbs,Dublin
4c07d11e-2caa-851d-e053-ca3ca8c0ca7f,02341,Dublin city and suburbs,Dublin
4c07d11e-2cab-851d-e053-ca3ca8c0ca7f,02341,Dublin city and suburbs,Dublin
4c07d11e-2cac-851d-e053-ca3ca8c0ca7f,02341,Dublin city and suburbs,Dublin
4c07d11e-2cad-851d-e053-ca3ca8c0ca7f,02341,Dublin city and suburbs,Dublin
4c07d11e-2cae-851d-e053-ca3ca8c0ca7f,02341,Dublin city and suburbs,Dublin
4c07d11e-2caf-851d-e053-ca3ca8c0ca7f,02341,Dublin city and suburbs,Dublin
4c07d11e-2cb0-851d-e053-ca3ca8c0ca7f,02341,Dublin city and suburbs,Dublin
4c07d11e-2cb1-851d-e053-ca3ca8c0ca7f,02341,Dublin city and suburbs,Dublin
4c07d11e-2cb2-851d-e053-ca3ca8c0ca7f,02341,Dublin city and suburbs,Dublin
4c07d11e-2cb3-851d-e053-ca3ca8c0ca7f,02341,Dublin city and suburbs,Dublin
4c07d11e-2cb4-851d-e053-ca3ca8c0ca7f,02341,Dublin city and suburbs,Dublin
4c07d11e-2cb5-851d-e053-ca3ca8c0ca7f,02341,Dublin city and suburbs,Dublin
4c07d11e-2cb6-851d-e053-ca3ca8c0ca7f,02341,Dublin city and suburbs,Dublin
4c07d11e-2cb7-851d-e053-ca3ca8c0ca7f,02341,Dublin city and suburbs,Dublin
4c07d11e-2cb8-851d-e053-ca3ca8c0ca7f,02341,Dublin city and suburbs,Dublin
4c07d11e-2cb9-851d-e053-ca3ca8c0ca7f,02341,Dublin city and suburbs,Dublin
4c07d11e-2cba-851d-e053-ca3ca8c0ca7f,02341,Dublin city and suburbs,Dublin
4c07d11e-2cbb-851d-e053-ca3ca8c0ca7f,02341,Dublin city and suburbs,Dublin
4c07d11e-2cbc-851d-e053-ca3ca8c0ca7f,02341,Dublin city and suburbs,Dublin
4c07d11e-2cbd-851d-e053-ca3ca8c0ca7f,02341,Dublin city and suburbs,Dublin
4c07d11e-2cbe-851d-e053-ca3ca8c0ca7f,02341,Dublin city and suburbs,Dublin
4c07d11e-2cc0-851d-e053-ca3ca8c0ca7f,02341,Dublin city and suburbs,Dublin
4c07d11e-2cc1-851d-e053-ca3ca8c0ca7f,02341,Dublin city and suburbs,Dublin
4c07d11e-2cc2-851d-e053-ca3ca8c0ca7f,02341,Dublin city and suburbs,Dublin
4c07d11e-2cc3-851d-e053-ca3ca8c0ca7f,02341,Dublin city and suburbs,Dublin
4c07d11e-2cc4-851d-e053-ca3ca8c0ca7f,02341,Dublin city and suburbs,Dublin
4c07d11e-2cc5-851d-e053-ca3ca8c0ca7f,02341,Dublin city and suburbs,Dublin
4c07d11e-2cc6-851d-e053-ca3ca8c0ca7f,02341,Dublin city and suburbs,Dublin
4c07d11e-2cc7-851d-e053-ca3ca8c0ca7f,02341,Dublin city and suburbs,Dublin
4c07d11e-2cc8-851d-e053-ca3ca8c0ca7f,02341,Dublin city and suburbs,Dublin
4c07d11e-2cc9-851d-e053-ca3ca8c0ca7f,02341,Dublin city and suburbs,Dublin
4c07d11e-2cca-851d-e053-ca3ca8c0ca7f,02341,Dublin city and suburbs,Dublin
4c07d11e-2ccb-851d-e053-ca3ca8c0ca7f,02341,Dublin city and suburbs,Dublin
4c07d11e-2ccc-851d-e053-ca3ca8c0ca7f,02341,Dublin city and suburbs,Dublin
4c07d11e-2ccd-851d-e053-ca3ca8c0ca7f,02341,Dublin city and suburbs,Dublin
4c07d11e-2cce-851d-e053-ca3ca8c0ca7f,02341,Dublin city and suburbs,Dublin
4c07d11e-2ccf-851d-e053-ca3ca8c0ca7f,02341,Dublin city and suburbs,Dublin
4c07d11e-2cd0-851d-e053-ca3ca8c0ca7f,02341,Dublin city and suburbs,Dublin
4c07d11e-2cd1-851d-e053-ca3ca8c0ca7f,02341,Dublin city and suburbs,Dublin
4c07d11e-2cd2-851d-e053-ca3ca8c0ca7f,02341,Dublin city and suburbs,Dublin
4c07d11e-2cd3-851d-e053-ca3ca8c0ca7f,02341,Dublin city and suburbs,Dublin
4c07d11e-2cd4-851d-e053-ca3ca8c0ca7f,02341,Dublin city and suburbs,Dublin
4c07d11e-2cd5-851d-e053-ca3ca8c0ca7f,02341,Dublin city and suburbs,Dublin
4c07d11e-2cd6-851d-e053-ca3ca8c0ca7f,02341,Dublin city and suburbs,Dublin
4c07d11e-2cd7-851d-e053-ca3ca8c0ca7f,02341,Dublin city and suburbs,Dublin
4c07d11e-2cd8-851d-e053-ca3ca8c0ca7f,02341,Dublin city and suburbs,Dublin
4c07d11e-2cd9-851d-e053-ca3ca8c0ca7f,02341,Dublin city and suburbs,Dublin
4c07d11e-2cda-851d-e053-ca3ca8c0ca7f,02341,Dublin city and suburbs,Dublin
4c07d11e-2cdb-851d-e053-ca3ca8c0ca7f,02341,Dublin city and suburbs,Dublin
4c07d11e-2cdc-851d-e053-ca3ca8c0ca7f,02341,Dublin city and suburbs,Dublin
4c07d11e-2cdd-851d-e053-ca3ca8c0ca7f,02341,Dublin city and suburbs,Dublin
4c07d11e-2cde-851d-e053-ca3ca8c0ca7f,02341,Dublin city and suburbs,Dublin
4c07d11e-2cdf-851d-e053-ca3ca8c0ca7f,02341,Dublin city and suburbs,Dublin
4c07d11e-2ce0-851d-e053-ca3ca8c0ca7f,02341,Dublin city and suburbs,Dublin
4c07d11e-2ce1-851d-e053-ca3ca8c0ca7f,02341,Dublin city and suburbs,Dublin
4c07d11e-2ce2-851d-e053-ca3ca8c0ca7f,02341,Dublin city and suburbs,Dublin
4c07d11e-2ce3-851d-e053-ca3ca8c0ca7f,02341,Dublin city and suburbs,Dublin
4c07d11e-2ce4-851d-e053-ca3ca8c0ca7f,02341,Dublin city and suburbs,Dublin
4c07d11e-2ce5-851d-e053-ca3ca8c0ca7f,02341,Dublin city and suburbs,Dublin
4c07d11e-2ce6-851d-e053-ca3ca8c0ca7f,02341,Dublin city and suburbs,Dublin
4c07d11e-2ce7-851d-e053-ca3ca8c0ca7f,02341,Dublin city and suburbs,Dublin
4c07d11e-2ce8-851d-e053-ca3ca8c0ca7f,02341,Dublin city and suburbs,Dublin
4c07d11e-2ce9-851d-e053-ca3ca8c0ca7f,02341,Dublin city and suburbs,Dublin
4c07d11e-2cea-851d-e053-ca3ca8c0ca7f,02341,Dublin city and suburbs,Dublin
4c07d11e-2ceb-851d-e053-ca3ca8c0ca7f,02341,Dublin city and suburbs,Dublin
4c07d11e-2cec-851d-e053-ca3ca8c0ca7f,02341,Dublin city and suburbs,Dublin
4c07d11e-2ced-851d-e053-ca3ca8c0ca7f,02341,Dublin city and suburbs,Dublin
4c07d11e-2cee-851d-e053-ca3ca8c0ca7f,02341,Dublin city and suburbs,Dublin
4c07d11e-2cef-851d-e053-ca3ca8c0ca7f,02341,Dublin city and suburbs,Dublin
4c07d11e-2cf0-851d-e053-ca3ca8c0ca7f,02341,Dublin city and suburbs,Dublin
4c07d11e-2cf1-851d-e053-ca3ca8c0ca7f,02341,Dublin city and suburbs,Dublin
4c07d11e-2cf2-851d-e053-ca3ca8c0ca7f,02341,Dublin city and suburbs,Dublin
4c07d11e-2cf3-851d-e053-ca3ca8c0ca7f,02341,Dublin city and suburbs,Dublin
4c07d11e-2cf4-851d-e053-ca3ca8c0ca7f,02341,Dublin city and suburbs,Dublin
4c07d11e-2cf5-851d-e053-ca3ca8c0ca7f,02341,Dublin city and suburbs,Dublin
4c07d11e-2cf6-851d-e053-ca3ca8c0ca7f,02341,Dublin city and suburbs,Dublin
4c07d11e-2cf7-851d-e053-ca3ca8c0ca7f,02341,Dublin city and suburbs,Dublin
4c07d11e-2cf8-851d-e053-ca3ca8c0ca7f,02341,Dublin city and suburbs,Dublin
4c07d11e-2cf9-851d-e053-ca3ca8c0ca7f,02341,Dublin city and suburbs,Dublin
4c07d11e-2cfa-851d-e053-ca3ca8c0ca7f,02341,Dublin city and suburbs,Dublin
4c07d11e-2cfb-851d-e053-ca3ca8c0ca7f,02341,Dublin city and suburbs,Dublin
4c07d11e-2cfc-851d-e053-ca3ca8c0ca7f,02341,Dublin city and suburbs,Dublin
4c07d11e-2cfd-851d-e053-ca3ca8c0ca7f,02341,Dublin city and suburbs,Dublin
4c07d11e-2cfe-851d-e053-ca3ca8c0ca7f,02341,Dublin city and suburbs,Dublin
4c07d11e-2cff-851d-e053-ca3ca8c0ca7f,02341,Dublin city and suburbs,Dublin
4c07d11e-2d00-851d-e053-ca3ca8c0ca7f,02341,Dublin city and suburbs,Dublin
4c07d11e-2d01-851d-e053-ca3ca8c0ca7f,02341,Dublin city and suburbs,Dublin
4c07d11e-2d02-851d-e053-ca3ca8c0ca7f,02341,Dublin city and suburbs,Dublin
4c07d11e-2d03-851d-e053-ca3ca8c0ca7f,02341,Dublin city and suburbs,Dublin
4c07d11e-2d04-851d-e053-ca3ca8c0ca7f,02341,Dublin city and suburbs,Dublin
4c07d11e-2d05-851d-e053-ca3ca8c0ca7f,02341,Dublin city and suburbs,Dublin
4c07d11e-2d06-851d-e053-ca3ca8c0ca7f,02341,Dublin city and suburbs,Dublin
4c07d11e-2d07-851d-e053-ca3ca8c0ca7f,02341,Dublin city and suburbs,Dublin
4c07d11e-2d08-851d-e053-ca3ca8c0ca7f,02341,Dublin city and suburbs,Dublin
4c07d11e-2d09-851d-e053-ca3ca8c0ca7f,02341,Dublin city and suburbs,Dublin
4c07d11e-2d0a-851d-e053-ca3ca8c0ca7f,02341,Dublin city and suburbs,Dublin
4c07d11e-2d0b-851d-e053-ca3ca8c0ca7f,02341,Dublin city and suburbs,Dublin
4c07d11e-2d0c-851d-e053-ca3ca8c0ca7f,02341,Dublin city and suburbs,Dublin
4c07d11e-2d0d-851d-e053-ca3ca8c0ca7f,02341,Dublin city and suburbs,Dublin
4c07d11e-2d0e-851d-e053-ca3ca8c0ca7f,02341,Dublin city and suburbs,Dublin
4c07d11e-2d0f-851d-e053-ca3ca8c0ca7f,02341,Dublin city and suburbs,Dublin
4c07d11e-2d11-851d-e053-ca3ca8c0ca7f,02341,Dublin city and suburbs,Dublin
4c07d11e-2d12-851d-e053-ca3ca8c0ca7f,02341,Dublin city and suburbs,Dublin
4c07d11e-2d13-851d-e053-ca3ca8c0ca7f,02341,Dublin city and suburbs,Dublin
4c07d11e-2d14-851d-e053-ca3ca8c0ca7f,02341,Dublin city and suburbs,Dublin
4c07d11e-2d15-851d-e053-ca3ca8c0ca7f,02341,Dublin city and suburbs,Dublin
4c07d11e-2d16-851d-e053-ca3ca8c0ca7f,02341,Dublin city and suburbs,Dublin
4c07d11e-2d17-851d-e053-ca3ca8c0ca7f,02341,Dublin city and suburbs,Dublin
4c07d11e-2d18-851d-e053-ca3ca8c0ca7f,02341,Dublin city and suburbs,Dublin
4c07d11e-2d19-851d-e053-ca3ca8c0ca7f,02341,Dublin city and suburbs,Dublin
4c07d11e-2d1a-851d-e053-ca3ca8c0ca7f,02341,Dublin city and suburbs,Dublin
4c07d11e-2d1b-851d-e053-ca3ca8c0ca7f,02341,Dublin city and suburbs,Dublin
4c07d11e-2d1c-851d-e053-ca3ca8c0ca7f,02341,Dublin city and suburbs,Dublin
4c07d11e-2d1d-851d-e053-ca3ca8c0ca7f,02341,Dublin city and suburbs,Dublin
4c07d11e-2d1e-851d-e053-ca3ca8c0ca7f,02341,Dublin city and suburbs,Dublin
4c07d11e-2d1f-851d-e053-ca3ca8c0ca7f,02341,Dublin city and suburbs,Dublin
4c07d11e-2d20-851d-e053-ca3ca8c0ca7f,02341,Dublin city and suburbs,Dublin
4c07d11e-2d21-851d-e053-ca3ca8c0ca7f,02341,Dublin city and suburbs,Dublin
4c07d11e-2d22-851d-e053-ca3ca8c0ca7f,02341,Dublin city and suburbs,Dublin
4c07d11e-2d23-851d-e053-ca3ca8c0ca7f,02341,Dublin city and suburbs,Dublin
4c07d11e-2d24-851d-e053-ca3ca8c0ca7f,02341,Dublin city and suburbs,Dublin
4c07d11e-2d25-851d-e053-ca3ca8c0ca7f,02341,Dublin city and suburbs,Dublin
4c07d11e-2d26-851d-e053-ca3ca8c0ca7f,02341,Dublin city and suburbs,Dublin
4c07d11e-2d27-851d-e053-ca3ca8c0ca7f,02341,Dublin city and suburbs,Dublin
4c07d11e-2d28-851d-e053-ca3ca8c0ca7f,02341,Dublin city and suburbs,Dublin
4c07d11e-2d29-851d-e053-ca3ca8c0ca7f,02341,Dublin city and suburbs,Dublin
4c07d11e-2d2a-851d-e053-ca3ca8c0ca7f,02341,Dublin city and suburbs,Dublin
4c07d11e-2d2b-851d-e053-ca3ca8c0ca7f,02341,Dublin city and suburbs,Dublin
4c07d11e-2d2c-851d-e053-ca3ca8c0ca7f,02341,Dublin city and suburbs,Dublin
4c07d11e-2d2d-851d-e053-ca3ca8c0ca7f,02341,Dublin city and suburbs,Dublin
4c07d11e-2d2e-851d-e053-ca3ca8c0ca7f,02341,Dublin city and suburbs,Dublin
4c07d11e-2d2f-851d-e053-ca3ca8c0ca7f,02341,Dublin city and suburbs,Dublin
4c07d11e-2d30-851d-e053-ca3ca8c0ca7f,11409,Dunboyne,Meath
4c07d11e-2d31-851d-e053-ca3ca8c0ca7f,11409,Dunboyne,Meath
4c07d11e-2d32-851d-e053-ca3ca8c0ca7f,11409,Dunboyne,Meath
4c07d11e-2d33-851d-e053-ca3ca8c0ca7f,02341,Dublin city and suburbs,Dublin
4c07d11e-2d34-851d-e053-ca3ca8c0ca7f,02341,Dublin city and suburbs,Dublin
4c07d11e-2d35-851d-e053-ca3ca8c0ca7f,02341,Dublin city and suburbs,Dublin
4c07d11e-2d36-851d-e053-ca3ca8c0ca7f,02341,Dublin city and suburbs,Dublin
4c07d11e-2d37-851d-e053-ca3ca8c0ca7f,02341,Dublin city and suburbs,Dublin
4c07d11e-2d38-851d-e053-ca3ca8c0ca7f,02341,Dublin city and suburbs,Dublin
4c07d11e-2d39-851d-e053-ca3ca8c0ca7f,02341,Dublin city and suburbs,Dublin
4c07d11e-2d3a-851d-e053-ca3ca8c0ca7f,02341,Dublin city and suburbs,Dublin
4c07d11e-2d3b-851d-e053-ca3ca8c0ca7f,11409,Dunboyne,Meath
4c07d11e-2d3c-851d-e053-ca3ca8c0ca7f,02341,Dublin city and suburbs,Dublin
4c07d11e-2d3d-851d-e053-ca3ca8c0ca7f,02341,Dublin city and suburbs,Dublin
4c07d11e-2d3e-851d-e053-ca3ca8c0ca7f,02341,Dublin city and suburbs,Dublin
4c07d11e-2d3f-851d-e053-ca3ca8c0ca7f,02341,Dublin city and suburbs,Dublin
4c07d11e-2d41-851d-e053-ca3ca8c0ca7f,02341,Dublin city and suburbs,Dublin
4c07d11e-2d42-851d-e053-ca3ca8c0ca7f,02341,Dublin city and suburbs,Dublin
4c07d11e-2d43-851d-e053-ca3ca8c0ca7f,02341,Dublin city and suburbs,Dublin
4c07d11e-2d44-851d-e053-ca3ca8c0ca7f,02341,Dublin city and suburbs,Dublin
4c07d11e-2d45-851d-e053-ca3ca8c0ca7f,02341,Dublin city and suburbs,Dublin
4c07d11e-2d46-851d-e053-ca3ca8c0ca7f,02341,Dublin city and suburbs,Dublin
4c07d11e-2d47-851d-e053-ca3ca8c0ca7f,02341,Dublin city and suburbs,Dublin
4c07d11e-2d48-851d-e053-ca3ca8c0ca7f,02341,Dublin city and suburbs,Dublin
4c07d11e-2d49-851d-e053-ca3ca8c0ca7f,02341,Dublin city and suburbs,Dublin
4c07d11e-2d4a-851d-e053-ca3ca8c0ca7f,02341,Dublin city and suburbs,Dublin
4c07d11e-2d4b-851d-e053-ca3ca8c0ca7f,02341,Dublin city and suburbs,Dublin
4c07d11e-2d4c-851d-e053-ca3ca8c0ca7f,02341,Dublin city and suburbs,Dublin
4c07d11e-2d4d-851d-e053-ca3ca8c0ca7f,02341,Dublin city and suburbs,Dublin
4c07d11e-2d4e-851d-e053-ca3ca8c0ca7f,02341,Dublin city and suburbs,Dublin
4c07d11e-2d4f-851d-e053-ca3ca8c0ca7f,02341,Dublin city and suburbs,Dublin
4c07d11e-2d50-851d-e053-ca3ca8c0ca7f,02341,Dublin city and suburbs,Dublin
4c07d11e-2d51-851d-e053-ca3ca8c0ca7f,02341,Dublin city and suburbs,Dublin
4c07d11e-2d52-851d-e053-ca3ca8c0ca7f,02341,Dublin city and suburbs,Dublin
4c07d11e-2d53-851d-e053-ca3ca8c0ca7f,02341,Dublin city and suburbs,Dublin
4c07d11e-2d54-851d-e053-ca3ca8c0ca7f,02341,Dublin city and suburbs,Dublin
4c07d11e-2d55-851d-e053-ca3ca8c0ca7f,02341,Dublin city and suburbs,Dublin
4c07d11e-2d56-851d-e053-ca3ca8c0ca7f,02341,Dublin city and suburbs,Dublin
4c07d11e-2d57-851d-e053-ca3ca8c0ca7f,02341,Dublin city and suburbs,Dublin
4c07d11e-2d58-851d-e053-ca3ca8c0ca7f,02341,Dublin city and suburbs,Dublin
4c07d11e-2d59-851d-e053-ca3ca8c0ca7f,02341,Dublin city and suburbs,Dublin
4c07d11e-2d5a-851d-e053-ca3ca8c0ca7f,02341,Dublin city and suburbs,Dublin
4c07d11e-2d5b-851d-e053-ca3ca8c0ca7f,02341,Dublin city and suburbs,Dublin
4c07d11e-2d5c-851d-e053-ca3ca8c0ca7f,02341,Dublin city and suburbs,Dublin
4c07d11e-2d5d-851d-e053-ca3ca8c0ca7f,02341,Dublin city and suburbs,Dublin
4c07d11e-2d5e-851d-e053-ca3ca8c0ca7f,02341,Dublin city and suburbs,Dublin
4c07d11e-2d5f-851d-e053-ca3ca8c0ca7f,02341,Dublin city and suburbs,Dublin
4c07d11e-2d60-851d-e053-ca3ca8c0ca7f,02341,Dublin city and suburbs,Dublin
4c07d11e-2d61-851d-e053-ca3ca8c0ca7f,02341,Dublin city and suburbs,Dublin
4c07d11e-2d62-851d-e053-ca3ca8c0ca7f,02341,Dublin city and suburbs,Dublin
4c07d11e-2d63-851d-e053-ca3ca8c0ca7f,02341,Dublin city and suburbs,Dublin
4c07d11e-2d64-851d-e053-ca3ca8c0ca7f,02341,Dublin city and suburbs,Dublin
4c07d11e-2d65-851d-e053-ca3ca8c0ca7f,02341,Dublin city and suburbs,Dublin
4c07d11e-2d66-851d-e053-ca3ca8c0ca7f,02341,Dublin city and suburbs,Dublin
4c07d11e-2d67-851d-e053-ca3ca8c0ca7f,02341,Dublin city and suburbs,Dublin
4c07d11e-2d68-851d-e053-ca3ca8c0ca7f,02341,Dublin city and suburbs,Dublin
4c07d11e-2d69-851d-e053-ca3ca8c0ca7f,02341,Dublin city and suburbs,Dublin
4c07d11e-2d6a-851d-e053-ca3ca8c0ca7f,02341,Dublin city and suburbs,Dublin
4c07d11e-2d6b-851d-e053-ca3ca8c0ca7f,02341,Dublin city and suburbs,Dublin
4c07d11e-2d6c-851d-e053-ca3ca8c0ca7f,02341,Dublin city and suburbs,Dublin
4c07d11e-2d6d-851d-e053-ca3ca8c0ca7f,24643,Waterford city and suburbs,Waterford
4c07d11e-2d6e-851d-e053-ca3ca8c0ca7f,24643,Waterford city and suburbs,Waterford
4c07d11e-2d6f-851d-e053-ca3ca8c0ca7f,24643,Waterford city and suburbs,Waterford
4c07d11e-2d70-851d-e053-ca3ca8c0ca7f,24643,Waterford city and suburbs,Waterford
4c07d11e-2d71-851d-e053-ca3ca8c0ca7f,24643,Waterford city and suburbs,Waterford
4c07d11e-2d72-851d-e053-ca3ca8c0ca7f,06436,Celbridge,Kildare
4c07d11e-2d73-851d-e053-ca3ca8c0ca7f,06436,Celbridge,Kildare
4c07d11e-2d74-851d-e053-ca3ca8c0ca7f,11423,Enfield,Meath
4c07d11e-2d75-851d-e053-ca3ca8c0ca7f,11423,Enfield,Meath
4c07d11e-2d76-851d-e053-ca3ca8c0ca7f,07661,Kilkenny,Kilkenny
4c07d11e-2d77-851d-e053-ca3ca8c0ca7f,07661,Kilkenny,Kilkenny
4c07d11e-2d78-851d-e053-ca3ca8c0ca7f,14623,New Ross,Wexford
4c07d11e-2d79-851d-e053-ca3ca8c0ca7f,14623,New Ross,Wexford
4c07d11e-2d7a-851d-e053-ca3ca8c0ca7f,13200,Athlone,Westmeath
4c07d11e-2d7b-851d-e053-ca3ca8c0ca7f,13200,Athlone,Westmeath
4c07d11e-2d7c-851d-e053-ca3ca8c0ca7f,13200,Athlone,Westmeath
4c07d11e-2d7d-851d-e053-ca3ca8c0ca7f,13200,Athlone,Westmeath
4c07d11e-2d7e-851d-e053-ca3ca8c0ca7f,13200,Athlone,Westmeath
4c07d11e-2d7f-851d-e053-ca3ca8c0ca7f,13200,Athlone,Westmeath
4c07d11e-2d80-851d-e053-ca3ca8c0ca7f,06454,Newbridge,Kildare
4c07d11e-2d81-851d-e053-ca3ca8c0ca7f,06454,Newbridge,Kildare
4c07d11e-2d82-851d-e053-ca3ca8c0ca7f,06454,Newbridge,Kildare
4c07d11e-2d83-851d-e053-ca3ca8c0ca7f,06454,Newbridge,Kildare
4c07d11e-2d84-851d-e053-ca3ca8c0ca7f,06454,Newbridge,Kildare
4c07d11e-2d85-851d-e053-ca3ca8c0ca7f,11428,Longwood,Meath
4c07d11e-2d86-851d-e053-ca3ca8c0ca7f,06444,Kilcock,Kildare
4c07d11e-2d87-851d-e053-ca3ca8c0ca7f,06444,Kilcock,Kildare
4c07d11e-2d88-851d-e053-ca3ca8c0ca7f,14623,New Ross,Wexford
4c07d11e-2d89-851d-e053-ca3ca8c0ca7f,14623,New Ross,Wexford
4c07d11e-2d8a-851d-e053-ca3ca8c0ca7f,14623,New Ross,Wexford
4c07d11e-2d8b-851d-e053-ca3ca8c0ca7f,14623,New Ross,Wexford
4c07d11e-2d8c-851d-e053-ca3ca8c0ca7f,13200,Athlone,Westmeath
4c07d11e-2d8d-851d-e053-ca3ca8c0ca7f,13200,Athlone,Westmeath
4c07d11e-2d8e-851d-e053-ca3ca8c0ca7f,13200,Athlone,Westmeath
4c07d11e-2d8f-851d-e053-ca3ca8c0ca7f,13200,Athlone,Westmeath
4c07d11e-2d90-851d-e053-ca3ca8c0ca7f,12219,Ferbane,Offaly
4c07d11e-2d91-851d-e053-ca3ca8c0ca7f,06450,Kilcullen,Kildare
4c07d11e-2d92-851d-e053-ca3ca8c0ca7f,15395,Blessington,Wicklow
4c07d11e-2d93-851d-e053-ca3ca8c0ca7f,15395,Blessington,Wicklow
4c07d11e-2d94-851d-e053-ca3ca8c0ca7f,06473,Rathangan,Kildare
4c07d11e-2d95-851d-e053-ca3ca8c0ca7f,12201,Edenderry,Offaly
4c07d11e-2d96-851d-e053-ca3ca8c0ca7f,24643,Waterford city and suburbs,Waterford
4c07d11e-2d97-851d-e053-ca3ca8c0ca7f,24643,Waterford city and suburbs,Waterford
4c07d11e-2d98-851d-e053-ca3ca8c0ca7f,24643,Waterford city and suburbs,Waterford
4c07d11e-2d99-851d-e053-ca3ca8c0ca7f,14596,Wexford,Wexford
4c07d11e-2d9a-851d-e053-ca3ca8c0ca7f,14606,Enniscorthy,Wexford
4c07d11e-2d9b-851d-e053-ca3ca8c0ca7f,14606,Enniscorthy,Wexford
4c07d11e-2d9c-851d-e053-ca3ca8c0ca7f,14606,Enniscorthy,Wexford
4c07d11e-2d9d-851d-e053-ca3ca8c0ca7f,14606,Enniscorthy,Wexford
4c07d11e-2d9e-851d-e053-ca3ca8c0ca7f,14606,Enniscorthy,Wexford
4c07d11e-2d9f-851d-e053-ca3ca8c0ca7f,12213,Mucklagh,Offaly
4c07d11e-2da0-851d-e053-ca3ca8c0ca7f,12211,Tullamore,Offaly
4c07d11e-2da1-851d-e053-ca3ca8c0ca7f,12211,Tullamore,Offaly
4c07d11e-2da2-851d-e053-ca3ca8c0ca7f,12211,Tullamore,Offaly
4c07d11e-2da3-851d-e053-ca3ca8c0ca7f,12211,Tullamore,Offaly
4c07d11e-2da4-851d-e053-ca3ca8c0ca7f,13187,Rochfortbridge,Westmeath
4c07d11e-2da5-851d-e053-ca3ca8c0ca7f,13183,Kinnegad,Westmeath
4c07d11e-2da6-851d-e053-ca3ca8c0ca7f,06451,Prosperous,Kildare
4c07d11e-2da7-851d-e053-ca3ca8c0ca7f,06451,Prosperous,Kildare
4c07d11e-2da8-851d-e053-ca3ca8c0ca7f,14596,Wexford,Wexford
4c07d11e-2da9-851d-e053-ca3ca8c0ca7f,14596,Wexford,Wexford
4c07d11e-2daa-851d-e053-ca3ca8c0ca7f,14596,Wexford,Wexford
4c07d11e-2dab-851d-e053-ca3ca8c0ca7f,14596,Wexford,Wexford
4c07d11e-2dac-851d-e053-ca3ca8c0ca7f,14596,Wexford,Wexford
4c07d11e-2dad-851d-e053-ca3ca8c0ca7f,14606,Enniscorthy,Wexford
4c07d11e-2dae-851d-e053-ca3ca8c0ca7f,14606,Enniscorthy,Wexford
4c07d11e-2daf-851d-e053-ca3ca8c0ca7f,14606,Enniscorthy,Wexford
4c07d11e-2db0-851d-e053-ca3ca8c0ca7f,14606,Enniscorthy,Wexford
4c07d11e-2db1-851d-e053-ca3ca8c0ca7f,12211,Tullamore,Offaly
4c07d11e-2db2-851d-e053-ca3ca8c0ca7f,12211,Tullamore,Offaly
4c07d11e-2db3-851d-e053-ca3ca8c0ca7f,12211,Tullamore,Offaly
4c07d11e-2db4-851d-e053-ca3ca8c0ca7f,13200,Athlone,Westmeath
4c07d11e-2db5-851d-e053-ca3ca8c0ca7f,13200,Athlone,Westmeath
4c07d11e-2db6-851d-e053-ca3ca8c0ca7f,06442,Naas,Kildare
4c07d11e-2db7-851d-e053-ca3ca8c0ca7f,06442,Naas,Kildare
4c07d11e-2db8-851d-e053-ca3ca8c0ca7f,06442,Naas,Kildare
4c07d11e-2db9-851d-e053-ca3ca8c0ca7f,06442,Naas,Kildare
4c07d11e-2dba-851d-e053-ca3ca8c0ca7f,14596,Wexford,Wexford
4c07d11e-2dbb-851d-e053-ca3ca8c0ca7f,14596,Wexford,Wexford
4c07d11e-2dbc-851d-e053-ca3ca8c0ca7f,14596,Wexford,Wexford
4c07d11e-2dbd-851d-e053-ca3ca8c0ca7f,14596,Wexford,Wexford
4c07d11e-2dbe-851d-e053-ca3ca8c0ca7f,14606,Enniscorthy,Wexford
4c07d11e-2dbf-851d-e053-ca3ca8c0ca7f,14606,Enniscorthy,Wexford
4c07d11e-2dc0-851d-e053-ca3ca8c0ca7f,07661,Kilkenny,Kilkenny
4c07d11e-2dc1-851d-e053-ca3ca8c0ca7f,07661,Kilkenny,Kilkenny
4c07d11e-2dc2-851d-e053-ca3ca8c0ca7f,13200,Athlone,Westmeath
4c07d11e-2dc3-851d-e053-ca3ca8c0ca7f,13200,Athlone,Westmeath
4c07d11e-2dc4-851d-e053-ca3ca8c0ca7f,13200,Athlone,Westmeath
4c07d11e-2dc5-851d-e053-ca3ca8c0ca7f,08167,Portlaoise,Laois
4c07d11e-2dc6-851d-e053-ca3ca8c0ca7f,08167,Portlaoise,Laois
4c07d11e-2dc7-851d-e053-ca3ca8c0ca7f,06442,Naas,Kildare
4c07d11e-2dc8-851d-e053-ca3ca8c0ca7f,06442,Naas,Kildare
4c07d11e-2dc9-851d-e053-ca3ca8c0ca7f,06443,Sallins,Kildare
4c07d11e-2dca-851d-e053-ca3ca8c0ca7f,06443,Sallins,Kildare
4c07d11e-2dcb-851d-e053-ca3ca8c0ca7f,14596,Wexford,Wexford
4c07d11e-2dcc-851d-e053-ca3ca8c0ca7f,14596,Wexford,Wexford
4c07d11e-2dcd-851d-e053-ca3ca8c0ca7f,14596,Wexford,Wexford
4c07d11e-2dce-851d-e053-ca3ca8c0ca7f,14596,Wexford,Wexford
4c07d11e-2dcf-851d-e053-ca3ca8c0ca7f,07661,Kilkenny,Kilkenny
4c07d11e-2dd0-851d-e053-ca3ca8c0ca7f,07661,Kilkenny,Kilkenny
4c07d11e-2dd1-851d-e053-ca3ca8c0ca7f,07661,Kilkenny,Kilkenny
4c07d11e-2dd2-851d-e053-ca3ca8c0ca7f,07661,Kilkenny,Kilkenny
4c07d11e-2dd3-851d-e053-ca3ca8c0ca7f,07661,Kilkenny,Kilkenny
4c07d11e-2dd4-851d-e053-ca3ca8c0ca7f,08167,Portlaoise,Laois
4c07d11e-2dd5-851d-e053-ca3ca8c0ca7f,08167,Portlaoise,Laois
4c07d11e-2dd6-851d-e053-ca3ca8c0ca7f,08167,Portlaoise,Laois
4c07d11e-2dd7-851d-e053-ca3ca8c0ca7f,08167,Portlaoise,Laois
4c07d11e-2dd8-851d-e053-ca3ca8c0ca7f,06442,Naas,Kildare
4c07d11e-2dd9-851d-e053-ca3ca8c0ca7f,06443,Sallins,Kildare
4c07d11e-2dda-851d-e053-ca3ca8c0ca7f,06443,Sallins,Kildare
4c07d11e-2ddb-851d-e053-ca3ca8c0ca7f,14596,Wexford,Wexford
4c07d11e-2ddc-851d-e053-ca3ca8c0ca7f,14596,Wexford,Wexford
4c07d11e-2ddd-851d-e053-ca3ca8c0ca7f,14596,Wexford,Wexford
4c07d11e-2dde-851d-e053-ca3ca8c0ca7f,14596,Wexford,Wexford
4c07d11e-2ddf-851d-e053-ca3ca8c0ca7f,07661,Kilkenny,Kilkenny
4c07d11e-2de0-851d-e053-ca3ca8c0ca7f,07661,Kilkenny,Kilkenny
4c07d11e-2de1-851d-e053-ca3ca8c0ca7f,07661,Kilkenny,Kilkenny
4c07d11e-2de2-851d-e053-ca3ca8c0ca7f,07661,Kilkenny,Kilkenny
4c07d11e-2de3-851d-e053-ca3ca8c0ca7f,07661,Kilkenny,Kilkenny
4c07d11e-2de4-851d-e053-ca3ca8c0ca7f,08167,Portlaoise,Laois
4c07d11e-2de5-851d-e053-ca3ca8c0ca7f,08167,Portlaoise,Laois
4c07d11e-2de6-851d-e053-ca3ca8c0ca7f,08167,Portlaoise,Laois
4c07d11e-2de7-851d-e053-ca3ca8c0ca7f,08167,Portlaoise,Laois
4c07d11e-2de8-851d-e053-ca3ca8c0ca7f,06443,Sallins,Kildare
4c07d11e-2de9-851d-e053-ca3ca8c0ca7f,06443,Sallins,Kildare
4c07d11e-2dea-851d-e053-ca3ca8c0ca7f,06443,Sallins,Kildare
4c07d11e-2deb-851d-e053-ca3ca8c0ca7f,06443,Sallins,Kildare
4c07d11e-2dec-851d-e053-ca3ca8c0ca7f,14596,Wexford,Wexford
4c07d11e-2ded-851d-e053-ca3ca8c0ca7f,14596,Wexford,Wexford
4c07d11e-2dee-851d-e053-ca3ca8c0ca7f,14596,Wexford,Wexford
4c07d11e-2def-851d-e053-ca3ca8c0ca7f,14596,Wexford,Wexford
4c07d11e-2df1-851d-e053-ca3ca8c0ca7f,01639,Carlow,Carlow
4c07d11e-2df2-851d-e053-ca3ca8c0ca7f,01639,Carlow,Carlow
4c07d11e-2df3-851d-e053-ca3ca8c0ca7f,08167,Portlaoise,Laois
4c07d11e-2df4-851d-e053-ca3ca8c0ca7f,08167,Portlaoise,Laois
4c07d11e-2df5-851d-e053-ca3ca8c0ca7f,08167,Portlaoise,Laois
4c07d11e-2df6-851d-e053-ca3ca8c0ca7f,06472,Athy,Kildare
4c07d11e-2df7-851d-e053-ca3ca8c0ca7f,06472,Athy,Kildare
4c07d11e-2df8-851d-e053-ca3ca8c0ca7f,06437,Kill,Kildare
4c07d11e-2df9-851d-e053-ca3ca8c0ca7f,06437,Kill,Kildare
4c07d11e-2dfa-851d-e053-ca3ca8c0ca7f,06437,Kill,Kildare
4c07d11e-2dfb-851d-e053-ca3ca8c0ca7f,06447,Clane,Kildare
4c07d11e-2dfc-851d-e053-ca3ca8c0ca7f,14596,Wexford,Wexford
4c07d11e-2dfd-851d-e053-ca3ca8c0ca7f,14596,Wexford,Wexford
4c07d11e-2dfe-851d-e053-ca3ca8c0ca7f,14596,Wexford,Wexford
4c07d11e-2dff-851d-e053-ca3ca8c0ca7f,14596,Wexford,Wexford
4c07d11e-2e00-851d-e053-ca3ca8c0ca7f,14596,Wexford,Wexford
4c07d11e-2e01-851d-e053-ca3ca8c0ca7f,01639,Carlow,Carlow
4c07d11e-2e02-851d-e053-ca3ca8c0ca7f,01639,Carlow,Carlow
4c07d11e-2e03-851d-e053-ca3ca8c0ca7f,01639,Carlow,Carlow
4c07d11e-2e04-851d-e053-ca3ca8c0ca7f,06472,Athy,Kildare
4c07d11e-2e05-851d-e053-ca3ca8c0ca7f,06472,Athy,Kildare
4c07d11e-2e06-851d-e053-ca3ca8c0ca7f,06472,Athy,Kildare
4c07d11e-2e07-851d-e053-ca3ca8c0ca7f,06447,Clane,Kildare
4c07d11e-2e08-851d-e053-ca3ca8c0ca7f,06447,Clane,Kildare
4c07d11e-2e09-851d-e053-ca3ca8c0ca7f,06447,Clane,Kildare
4c07d11e-2e0a-851d-e053-ca3ca8c0ca7f,06447,Clane,Kildare
4c07d11e-2e0b-851d-e053-ca3ca8c0ca7f,14596,Wexford,Wexford
4c07d11e-2e0c-851d-e053-ca3ca8c0ca7f,23717,Tipperary,Tipperary
4c07d11e-2e0d-851d-e053-ca3ca8c0ca7f,23717,Tipperary,Tipperary
4c07d11e-2e0e-851d-e053-ca3ca8c0ca7f,23717,Tipperary,Tipperary
4c07d11e-2e0f-851d-e053-ca3ca8c0ca7f,23717,Tipperary,Tipperary
4c07d11e-2e10-851d-e053-ca3ca8c0ca7f,01639,Carlow,Carlow
4c07d11e-2e11-851d-e053-ca3ca8c0ca7f,01639,Carlow,Carlow
4c07d11e-2e12-851d-e053-ca3ca8c0ca7f,01639,Carlow,Carlow
4c07d11e-2e13-851d-e053-ca3ca8c0ca7f,08170,Mountmellick,Laois
4c07d11e-2e14-851d-e053-ca3ca8c0ca7f,06476,Monasterevin,Kildare
4c07d11e-2e15-851d-e053-ca3ca8c0ca7f,08165,Portarlington,Laois
4c07d11e-2e16-851d-e053-ca3ca8c0ca7f,08165,Portarlington,Laois
4c07d11e-2e17-851d-e053-ca3ca8c0ca7f,06436,Celbridge,Kildare
4c07d11e-2e18-851d-e053-ca3ca8c0ca7f,06436,Celbridge,Kildare
4c07d11e-2e19-851d-e053-ca3ca8c0ca7f,06436,Celbridge,Kildare
4c07d11e-2e1a-851d-e053-ca3ca8c0ca7f,06436,Celbridge,Kildare
4c07d11e-2e1b-851d-e053-ca3ca8c0ca7f,23717,Tipperary,Tipperary
4c07d11e-2e1c-851d-e053-ca3ca8c0ca7f,23717,Tipperary,Tipperary
4c07d11e-2e1d-851d-e053-ca3ca8c0ca7f,23710,Cahir,Tipperary
4c07d11e-2e1e-851d-e053-ca3ca8c0ca7f,01639,Carlow,Carlow
4c07d11e-2e1f-851d-e053-ca3ca8c0ca7f,01639,Carlow,Carlow
4c07d11e-2e20-851d-e053-ca3ca8c0ca7f,01639,Carlow,Carlow
4c07d11e-2e21-851d-e053-ca3ca8c0ca7f,01639,Carlow,Carlow
4c07d11e-2e22-851d-e053-ca3ca8c0ca7f,01639,Carlow,Carlow
4c07d11e-2e23-851d-e053-ca3ca8c0ca7f,06472,Athy,Kildare
4c07d11e-2e24-851d-e053-ca3ca8c0ca7f,06450,Kilcullen,Kildare
4c07d11e-2e25-851d-e053-ca3ca8c0ca7f,06450,Kilcullen,Kildare
4c07d11e-2e26-851d-e053-ca3ca8c0ca7f,06450,Kilcullen,Kildare
4c07d11e-2e27-851d-e053-ca3ca8c0ca7f,06436,Celbridge,Kildare
4c07d11e-2e28-851d-e053-ca3ca8c0ca7f,06436,Celbridge,Kildare
4c07d11e-2e29-851d-e053-ca3ca8c0ca7f,06436,Celbridge,Kildare
4c07d11e-2e2a-851d-e053-ca3ca8c0ca7f,23708,Cashel,Tipperary
4c07d11e-2e2b-851d-e053-ca3ca8c0ca7f,23701,Fethard,Tipperary
4c07d11e-2e2c-851d-e053-ca3ca8c0ca7f,22488,Nenagh,Tipperary
4c07d11e-2e2d-851d-e053-ca3ca8c0ca7f,01639,Carlow,Carlow
4c07d11e-2e2e-851d-e053-ca3ca8c0ca7f,01639,Carlow,Carlow
4c07d11e-2e2f-851d-e053-ca3ca8c0ca7f,01639,Carlow,Carlow
4c07d11e-2e30-851d-e053-ca3ca8c0ca7f,01639,Carlow,Carlow
4c07d11e-2e31-851d-e053-ca3ca8c0ca7f,01639,Carlow,Carlow
4c07d11e-2e32-851d-e053-ca3ca8c0ca7f,01639,Carlow,Carlow
4c07d11e-2e33-851d-e053-ca3ca8c0ca7f,06468,Kildare,Kildare
4c07d11e-2e34-851d-e053-ca3ca8c0ca7f,06468,Kildare,Kildare
4c07d11e-2e35-851d-e053-ca3ca8c0ca7f,06468,Kildare,Kildare
4c07d11e-2e36-851d-e053-ca3ca8c0ca7f,06468,Kildare,Kildare
4c07d11e-2e37-851d-e053-ca3ca8c0ca7f,06468,Kildare,Kildare
4c07d11e-2e38-851d-e053-ca3ca8c0ca7f,06436,Celbridge,Kildare
4c07d11e-2e39-851d-e053-ca3ca8c0ca7f,06436,Celbridge,Kildare
4c07d11e-2e3a-851d-e053-ca3ca8c0ca7f,06436,Celbridge,Kildare
4c07d11e-2e3b-851d-e053-ca3ca8c0ca7f,22488,Nenagh,Tipperary
4c07d11e-2e3c-851d-e053-ca3ca8c0ca7f,22488,Nenagh,Tipperary
4c07d11e-2e3d-851d-e053-ca3ca8c0ca7f,22481,Thurles,Tipperary
4c07d11e-2e3e-851d-e053-ca3ca8c0ca7f,22481,Thurles,Tipperary
4c07d11e-2e3f-851d-e053-ca3ca8c0ca7f,01639,Carlow,Carlow
4c07d11e-2e40-851d-e053-ca3ca8c0ca7f,01639,Carlow,Carlow
4c07d11e-2e41-851d-e053-ca3ca8c0ca7f,01639,Carlow,Carlow
4c07d11e-2e42-851d-e053-ca3ca8c0ca7f,01639,Carlow,Carlow
4c07d11e-2e43-851d-e053-ca3ca8c0ca7f,06468,Kildare,Kildare
4c07d11e-2e44-851d-e053-ca3ca8c0ca7f,06468,Kildare,Kildare
4c07d11e-2e45-851d-e053-ca3ca8c0ca7f,06468,Kildare,Kildare
4c07d11e-2e46-851d-e053-ca3ca8c0ca7f,06436,Celbridge,Kildare
4c07d11e-2e47-851d-e053-ca3ca8c0ca7f,06436,Celbridge,Kildare
4c07d11e-2e48-851d-e053-ca3ca8c0ca7f,06436,Celbridge,Kildare
4c07d11e-2e49-851d-e053-ca3ca8c0ca7f,22481,Thurles,Tipperary
4c07d11e-2e4a-851d-e053-ca3ca8c0ca7f,22481,Thurles,Tipperary
4c07d11e-2e4b-851d-e053-ca3ca8c0ca7f,22481,Thurles,Tipperary
4c07d11e-2e4c-851d-e053-ca3ca8c0ca7f,22481,Thurles,Tipperary
4c07d11e-2e4d-851d-e053-ca3ca8c0ca7f,01639,Carlow,Carlow
4c07d11e-2e4e-851d-e053-ca3ca8c0ca7f,01639,Carlow,Carlow
4c07d11e-2e4f-851d-e053-ca3ca8c0ca7f,01630,Tullow,Carlow
4c07d11e-2e50-851d-e053-ca3ca8c0ca7f,12223,Birr,Offaly
4c07d11e-2e51-851d-e053-ca3ca8c0ca7f,22480,Roscrea,Tipperary
4c07d11e-2e52-851d-e053-ca3ca8c0ca7f,06454,Newbridge,Kildare
4c07d11e-2e53-851d-e053-ca3ca8c0ca7f,06454,Newbridge,Kildare
4c07d11e-2e54-851d-e053-ca3ca8c0ca7f,06454,Newbridge,Kildare
4c07d11e-2e55-851d-e053-ca3ca8c0ca7f,06454,Newbridge,Kildare
4c07d11e-2e56-851d-e053-ca3ca8c0ca7f,06436,Celbridge,Kildare
4c07d11e-2e57-851d-e053-ca3ca8c0ca7f,06436,Celbridge,Kildare
4c07d11e-2e58-851d-e053-ca3ca8c0ca7f,06436,Celbridge,Kildare
4c07d11e-2e59-851d-e053-ca3ca8c0ca7f,22481,Thurles,Tipperary
4c07d11e-2e5a-851d-e053-ca3ca8c0ca7f,22481,Thurles,Tipperary
4c07d11e-2e5b-851d-e053-ca3ca8c0ca7f,07667,Callan,Kilkenny
4c07d11e-2e5c-851d-e053-ca3ca8c0ca7f,07661,Kilkenny,Kilkenny
4c07d11e-2e5d-851d-e053-ca3ca8c0ca7f,07661,Kilkenny,Kilkenny
4c07d11e-2e5e-851d-e053-ca3ca8c0ca7f,22480,Roscrea,Tipperary
4c07d11e-2e5f-851d-e053-ca3ca8c0ca7f,22480,Roscrea,Tipperary
4c07d11e-2e60-851d-e053-ca3ca8c0ca7f,22480,Roscrea,Tipperary
4c07d11e-2e61-851d-e053-ca3ca8c0ca7f,22480,Roscrea,Tipperary
4c07d11e-2e62-851d-e053-ca3ca8c0ca7f,08174,Mountrath,Laois
4c07d11e-2e63-851d-e053-ca3ca8c0ca7f,06454,Newbridge,Kildare
4c07d11e-2e64-851d-e053-ca3ca8c0ca7f,06454,Newbridge,Kildare
4c07d11e-2e65-851d-e053-ca3ca8c0ca7f,06454,Newbridge,Kildare
4c07d11e-2e66-851d-e053-ca3ca8c0ca7f,06454,Newbridge,Kildare
4c07d11e-2e67-851d-e053-ca3ca8c0ca7f,06454,Newbridge,Kildare
4c07d11e-2e68-851d-e053-ca3ca8c0ca7f,06454,Newbridge,Kildare
4c07d11e-2e69-851d-e053-ca3ca8c0ca7f,06436,Celbridge,Kildare
4c07d11e-2e6a-851d-e053-ca3ca8c0ca7f,06436,Celbridge,Kildare
4c07d11e-2e6b-851d-e053-ca3ca8c0ca7f,06436,Celbridge,Kildare
4c07d11e-2e6c-851d-e053-ca3ca8c0ca7f,07661,Kilkenny,Kilkenny
4c07d11e-2e6d-851d-e053-ca3ca8c0ca7f,07661,Kilkenny,Kilkenny
4c07d11e-2e6e-851d-e053-ca3ca8c0ca7f,07661,Kilkenny,Kilkenny
4c07d11e-2e6f-851d-e053-ca3ca8c0ca7f,07661,Kilkenny,Kilkenny
4c07d11e-2e70-851d-e053-ca3ca8c0ca7f,07661,Kilkenny,Kilkenny
4c07d11e-2e71-851d-e053-ca3ca8c0ca7f,27263,Ballinasloe,Galway
4c07d11e-2e72-851d-e053-ca3ca8c0ca7f,27263,Ballinasloe,Galway
4c07d11e-2e73-851d-e053-ca3ca8c0ca7f,27263,Ballinasloe,Galway
4c07d11e-2e74-851d-e053-ca3ca8c0ca7f,27263,Ballinasloe,Galway
4c07d11e-2e75-851d-e053-ca3ca8c0ca7f,13200,Athlone,Westmeath
4c07d11e-2e76-851d-e053-ca3ca8c0ca7f,06454,Newbridge,Kildare
4c07d11e-2e77-851d-e053-ca3ca8c0ca7f,06454,Newbridge,Kildare
4c07d11e-2e78-851d-e053-ca3ca8c0ca7f,06454,Newbridge,Kildare
4c07d11e-2e79-851d-e053-ca3ca8c0ca7f,06454,Newbridge,Kildare
4c07d11e-2e7a-851d-e053-ca3ca8c0ca7f,06454,Newbridge,Kildare
4c07d11e-2e7b-851d-e053-ca3ca8c0ca7f,17364,Cork city and suburbs,Cork
4c07d11e-2e7c-851d-e053-ca3ca8c0ca7f,17364,Cork city and suburbs,Cork
4c07d11e-2e7d-851d-e053-ca3ca8c0ca7f,17364,Cork city and suburbs,Cork
4c07d11e-2e7e-851d-e053-ca3ca8c0ca7f,17364,Cork city and suburbs,Cork
4c07d11e-2e7f-851d-e053-ca3ca8c0ca7f,26305,Galway city and suburbs,Galway
4c07d11e-2e80-851d-e053-ca3ca8c0ca7f,26305,Galway city and suburbs,Galway
4c07d11e-2e81-851d-e053-ca3ca8c0ca7f,26305,Galway city and suburbs,Galway
4c07d11e-2e82-851d-e053-ca3ca8c0ca7f,26305,Galway city and suburbs,Galway
4c07d11e-2e83-851d-e053-ca3ca8c0ca7f,20497,Limerick city and suburbs,Limerick
4c07d11e-2e84-851d-e053-ca3ca8c0ca7f,20497,Limerick city and suburbs,Limerick
4c07d11e-2e85-851d-e053-ca3ca8c0ca7f,20497,Limerick city and suburbs,Limerick
4c07d11e-2e86-851d-e053-ca3ca8c0ca7f,16562,Ennis,Clare
4c07d11e-2e87-851d-e053-ca3ca8c0ca7f,20497,Limerick city and suburbs,Limerick
4c07d11e-2e88-851d-e053-ca3ca8c0ca7f,20497,Limerick city and suburbs,Limerick
4c07d11e-2e89-851d-e053-ca3ca8c0ca7f,20497,Limerick city and suburbs,Limerick
4c07d11e-2e8a-851d-e053-ca3ca8c0ca7f,20497,Limerick city and suburbs,Limerick
4c07d11e-2e8b-851d-e053-ca3ca8c0ca7f,20497,Limerick city and suburbs,Limerick
4c07d11e-2e8c-851d-e053-ca3ca8c0ca7f,26305,Galway city and suburbs,Galway
4c07d11e-2e8d-851d-e053-ca3ca8c0ca7f,26305,Galway city and suburbs,Galway
4c07d11e-2e8e-851d-e053-ca3ca8c0ca7f,26305,Galway city and suburbs,Galway
4c07d11e-2e8f-851d-e053-ca3ca8c0ca7f,26305,Galway city and suburbs,Galway
4c07d11e-2e90-851d-e053-ca3ca8c0ca7f,26305,Galway city and suburbs,Galway
4c07d11e-2e91-851d-e053-ca3ca8c0ca7f,20497,Limerick city and suburbs,Limerick
4c07d11e-2e92-851d-e053-ca3ca8c0ca7f,20497,Limerick city and suburbs,Limerick
4c07d11e-2e93-851d-e053-ca3ca8c0ca7f,20497,Limerick city and suburbs,Limerick
4c07d11e-2e94-851d-e053-ca3ca8c0ca7f,20497,Limerick city and suburbs,Limerick
4c07d11e-2e95-851d-e053-ca3ca8c0ca7f,20497,Limerick city and suburbs,Limerick
4c07d11e-2e96-851d-e053-ca3ca8c0ca7f,20497,Limerick city and suburbs,Limerick
4c07d11e-2e97-851d-e053-ca3ca8c0ca7f,20497,Limerick city and suburbs,Limerick
4c07d11e-2e98-851d-e053-ca3ca8c0ca7f,20497,Limerick city and suburbs,Limerick
4c07d11e-2e99-851d-e053-ca3ca8c0ca7f,20497,Limerick city and suburbs,Limerick
4c07d11e-2e9a-851d-e053-ca3ca8c0ca7f,17364,Cork city and suburbs,Cork
4c07d11e-2e9b-851d-e053-ca3ca8c0ca7f,17364,Cork city and suburbs,Cork
4c07d11e-2e9c-851d-e053-ca3ca8c0ca7f,17364,Cork city and suburbs,Cork
4c07d11e-2e9d-851d-e053-ca3ca8c0ca7f,17364,Cork city and suburbs,Cork
4c07d11e-2e9e-851d-e053-ca3ca8c0ca7f,17364,Cork city and suburbs,Cork
4c07d11e-2e9f-851d-e053-ca3ca8c0ca7f,20497,Limerick city and suburbs,Limerick
4c07d11e-2ea0-851d-e053-ca3ca8c0ca7f,20497,Limerick city and suburbs,Limerick
4c07d11e-2ea1-851d-e053-ca3ca8c0ca7f,20497,Limerick city and suburbs,Limerick
4c07d11e-2ea2-851d-e053-ca3ca8c0ca7f,20497,Limerick city and suburbs,Limerick
4c07d11e-2ea3-851d-e053-ca3ca8c0ca7f,20497,Limerick city and suburbs,Limerick
4c07d11e-2ea4-851d-e053-ca3ca8c0ca7f,20497,Limerick city and suburbs,Limerick
4c07d11e-2ea5-851d-e053-ca3ca8c0ca7f,20497,Limerick city and suburbs,Limerick
4c07d11e-2ea6-851d-e053-ca3ca8c0ca7f,20497,Limerick city and suburbs,Limerick
4c07d11e-2ea7-851d-e053-ca3ca8c0ca7f,20497,Limerick city and suburbs,Limerick
4c07d11e-2ea8-851d-e053-ca3ca8c0ca7f,20497,Limerick city and suburbs,Limerick
4c07d11e-2ea9-851d-e053-ca3ca8c0ca7f,20497,Limerick city and suburbs,Limerick
4c07d11e-2eaa-851d-e053-ca3ca8c0ca7f,20497,Limerick city and suburbs,Limerick
4c07d11e-2eab-851d-e053-ca3ca8c0ca7f,17364,Cork city and suburbs,Cork
4c07d11e-2eac-851d-e053-ca3ca8c0ca7f,17364,Cork city and suburbs,Cork
4c07d11e-2ead-851d-e053-ca3ca8c0ca7f,17364,Cork city and suburbs,Cork
4c07d11e-2eae-851d-e053-ca3ca8c0ca7f,17364,Cork city and suburbs,Cork
4c07d11e-2eaf-851d-e053-ca3ca8c0ca7f,17364,Cork city and suburbs,Cork
4c07d11e-2eb0-851d-e053-ca3ca8c0ca7f,20497,Limerick city and suburbs,Limerick
4c07d11e-2eb1-851d-e053-ca3ca8c0ca7f,20497,Limerick city and suburbs,Limerick
4c07d11e-2eb2-851d-e053-ca3ca8c0ca7f,20497,Limerick city and suburbs,Limerick
4c07d11e-2eb3-851d-e053-ca3ca8c0ca7f,20497,Limerick city and suburbs,Limerick
4c07d11e-2eb4-851d-e053-ca3ca8c0ca7f,20497,Limerick city and suburbs,Limerick
4c07d11e-2eb5-851d-e053-ca3ca8c0ca7f,20497,Limerick city and suburbs,Limerick
4c07d11e-2eb6-851d-e053-ca3ca8c0ca7f,20497,Limerick city and suburbs,Limerick
4c07d11e-2eb7-851d-e053-ca3ca8c0ca7f,20497,Limerick city and suburbs,Limerick
4c07d11e-2eb8-851d-e053-ca3ca8c0ca7f,20497,Limerick city and suburbs,Limerick
4c07d11e-2eb9-851d-e053-ca3ca8c0ca7f,20497,Limerick city and suburbs,Limerick
4c07d11e-2eba-851d-e053-ca3ca8c0ca7f,17364,Cork city and suburbs,Cork
4c07d11e-2ebb-851d-e053-ca3ca8c0ca7f,17364,Cork city and suburbs,Cork
4c07d11e-2ebc-851d-e053-ca3ca8c0ca7f,17364,Cork city and suburbs,Cork
4c07d11e-2ebd-851d-e053-ca3ca8c0ca7f,20497,Limerick city and suburbs,Limerick
4c07d11e-2ebe-851d-e053-ca3ca8c0ca7f,20497,Limerick city and suburbs,Limerick
4c07d11e-2ebf-851d-e053-ca3ca8c0ca7f,20497,Limerick city and suburbs,Limerick
4c07d11e-2ec0-851d-e053-ca3ca8c0ca7f,20497,Limerick city and suburbs,Limerick
4c07d11e-2ec1-851d-e053-ca3ca8c0ca7f,20497,Limerick city and suburbs,Limerick
4c07d11e-2ec2-851d-e053-ca3ca8c0ca7f,20497,Limerick city and suburbs,Limerick
4c07d11e-2ec3-851d-e053-ca3ca8c0ca7f,20497,Limerick city and suburbs,Limerick
4c07d11e-2ec4-851d-e053-ca3ca8c0ca7f,20497,Limerick city and suburbs,Limerick
4c07d11e-2ec5-851d-e053-ca3ca8c0ca7f,20497,Limerick city and suburbs,Limerick
4c07d11e-2ec6-851d-e053-ca3ca8c0ca7f,20497,Limerick city and suburbs,Limerick
4c07d11e-2ec7-851d-e053-ca3ca8c0ca7f,20497,Limerick city and suburbs,Limerick
4c07d11e-2ec8-851d-e053-ca3ca8c0ca7f,17364,Cork city and suburbs,Cork
4c07d11e-2ec9-851d-e053-ca3ca8c0ca7f,17364,Cork city and suburbs,Cork
4c07d11e-2eca-851d-e053-ca3ca8c0ca7f,17364,Cork city and suburbs,Cork
4c07d11e-2ecb-851d-e053-ca3ca8c0ca7f,17364,Cork city and suburbs,Cork
4c07d11e-2ecc-851d-e053-ca3ca8c0ca7f,20497,Limerick city and suburbs,Limerick
4c07d11e-2ecd-851d-e053-ca3ca8c0ca7f,20497,Limerick city and suburbs,Limerick
4c07d11e-2ece-851d-e053-ca3ca8c0ca7f,20497,Limerick city and suburbs,Limerick
4c07d11e-2ecf-851d-e053-ca3ca8c0ca7f,20497,Limerick city and suburbs,Limerick
4c07d11e-2ed0-851d-e053-ca3ca8c0ca7f,20497,Limerick city and suburbs,Limerick
4c07d11e-2ed1-851d-e053-ca3ca8c0ca7f,20497,Limerick city and suburbs,Limerick
4c07d11e-2ed2-851d-e053-ca3ca8c0ca7f,20497,Limerick city and suburbs,Limerick
4c07d11e-2ed3-851d-e053-ca3ca8c0ca7f,16555,Sixmilebridge,Clare
4c07d11e-2ed4-851d-e053-ca3ca8c0ca7f,20497,Limerick city and suburbs,Limerick
4c07d11e-2ed5-851d-e053-ca3ca8c0ca7f,20497,Limerick city and suburbs,Limerick
4c07d11e-2ed6-851d-e053-ca3ca8c0ca7f,20497,Limerick city and suburbs,Limerick
4c07d11e-2ed7-851d-e053-ca3ca8c0ca7f,17364,Cork city and suburbs,Cork
4c07d11e-2ed8-851d-e053-ca3ca8c0ca7f,17364,Cork city and suburbs,Cork
4c07d11e-2ed9-851d-e053-ca3ca8c0ca7f,17364,Cork city and suburbs,Cork
4c07d11e-2eda-851d-e053-ca3ca8c0ca7f,17364,Cork city and suburbs,Cork
4c07d11e-2edb-851d-e053-ca3ca8c0ca7f,20497,Limerick city and suburbs,Limerick
4c07d11e-2edc-851d-e053-ca3ca8c0ca7f,20497,Limerick city and suburbs,Limerick
4c07d11e-2edd-851d-e053-ca3ca8c0ca7f,20497,Limerick city and suburbs,Limerick
4c07d11e-2ede-851d-e053-ca3ca8c0ca7f,20497,Limerick city and suburbs,Limerick
4c07d11e-2edf-851d-e053-ca3ca8c0ca7f,20497,Limerick city and suburbs,Limerick
4c07d11e-2ee0-851d-e053-ca3ca8c0ca7f,20497,Limerick city and suburbs,Limerick
4c07d11e-2ee1-851d-e053-ca3ca8c0ca7f,20497,Limerick city and suburbs,Limerick
4c07d11e-2ee2-851d-e053-ca3ca8c0ca7f,20497,Limerick city and suburbs,Limerick
4c07d11e-2ee3-851d-e053-ca3ca8c0ca7f,20497,Limerick city and suburbs,Limerick
4c07d11e-2ee4-851d-e053-ca3ca8c0ca7f,17364,Cork city and suburbs,Cork
4c07d11e-2ee5-851d-e053-ca3ca8c0ca7f,17364,Cork city and suburbs,Cork
4c07d11e-2ee6-851d-e053-ca3ca8c0ca7f,18806,Newmarket,Cork
4c07d11e-2ee7-851d-e053-ca3ca8c0ca7f,18802,Kanturk,Cork
4c07d11e-2ee8-851d-e053-ca3ca8c0ca7f,18802,Kanturk,Cork
4c07d11e-2ee9-851d-e053-ca3ca8c0ca7f,20497,Limerick city and suburbs,Limerick
4c07d11e-2eea-851d-e053-ca3ca8c0ca7f,20497,Limerick city and suburbs,Limerick
4c07d11e-2eeb-851d-e053-ca3ca8c0ca7f,20497,Limerick city and suburbs,Limerick
4c07d11e-2eec-851d-e053-ca3ca8c0ca7f,20497,Limerick city and suburbs,Limerick
4c07d11e-2eed-851d-e053-ca3ca8c0ca7f,20497,Limerick city and suburbs,Limerick
4c07d11e-2eee-851d-e053-ca3ca8c0ca7f,20497,Limerick city and suburbs,Limerick
4c07d11e-2eef-851d-e053-ca3ca8c0ca7f,20497,Limerick city and suburbs,Limerick
4c07d11e-2ef0-851d-e053-ca3ca8c0ca7f,20497,Limerick city and suburbs,Limerick
4c07d11e-2ef1-851d-e053-ca3ca8c0ca7f,20497,Limerick city and suburbs,Limerick
4c07d11e-2ef2-851d-e053-ca3ca8c0ca7f,20497,Limerick city and suburbs,Limerick
4c07d11e-2ef3-851d-e053-ca3ca8c0ca7f,20497,Limerick city and suburbs,Limerick
4c07d11e-2ef4-851d-e053-ca3ca8c0ca7f,20497,Limerick city and suburbs,Limerick
4c07d11e-2ef5-851d-e053-ca3ca8c0ca7f,18802,Kanturk,Cork
4c07d11e-2ef6-851d-e053-ca3ca8c0ca7f,18778,Drommahane,Cork
4c07d11e-2ef7-851d-e053-ca3ca8c0ca7f,18771,Mallow,Cork
4c07d11e-2ef8-851d-e053-ca3ca8c0ca7f,18771,Mallow,Cork
4c07d11e-2ef9-851d-e053-ca3ca8c0ca7f,20497,Limerick city and suburbs,Limerick
4c07d11e-2efa-851d-e053-ca3ca8c0ca7f,20497,Limerick city and suburbs,Limerick
4c07d11e-2efb-851d-e053-ca3ca8c0ca7f,20497,Limerick city and suburbs,Limerick
4c07d11e-2efc-851d-e053-ca3ca8c0ca7f,20497,Limerick city and suburbs,Limerick
4c07d11e-2efd-851d-e053-ca3ca8c0ca7f,20497,Limerick city and suburbs,Limerick
4c07d11e-2efe-851d-e053-ca3ca8c0ca7f,20497,Limerick city and suburbs,Limerick
4c07d11e-2eff-851d-e053-ca3ca8c0ca7f,20497,Limerick city and suburbs,Limerick
4c07d11e-2f00-851d-e053-ca3ca8c0ca7f,20497,Limerick city and suburbs,Limerick
4c07d11e-2f01-851d-e053-ca3ca8c0ca7f,20497,Limerick city and suburbs,Limerick
4c07d11e-2f02-851d-e053-ca3ca8c0ca7f,20497,Limerick city and suburbs,Limerick
4c07d11e-2f03-851d-e053-ca3ca8c0ca7f,20497,Limerick city and suburbs,Limerick
4c07d11e-2f04-851d-e053-ca3ca8c0ca7f,20497,Limerick city and suburbs,Limerick
4c07d11e-2f05-851d-e053-ca3ca8c0ca7f,20497,Limerick city and suburbs,Limerick
4c07d11e-2f06-851d-e053-ca3ca8c0ca7f,20497,Limerick city and suburbs,Limerick
4c07d11e-2f07-851d-e053-ca3ca8c0ca7f,18771,Mallow,Cork
4c07d11e-2f08-851d-e053-ca3ca8c0ca7f,18771,Mallow,Cork
4c07d11e-2f09-851d-e053-ca3ca8c0ca7f,18771,Mallow,Cork
4c07d11e-2f0a-851d-e053-ca3ca8c0ca7f,21505,Moroe,Limerick
4c07d11e-2f0b-851d-e053-ca3ca8c0ca7f,21505,Moroe,Limerick
4c07d11e-2f0d-851d-e053-ca3ca8c0ca7f,16559,Shannon,Clare
4c07d11e-2f0e-851d-e053-ca3ca8c0ca7f,20497,Limerick city and suburbs,Limerick
4c07d11e-2f0f-851d-e053-ca3ca8c0ca7f,20497,Limerick city and suburbs,Limerick
4c07d11e-2f10-851d-e053-ca3ca8c0ca7f,20497,Limerick city and suburbs,Limerick
4c07d11e-2f11-851d-e053-ca3ca8c0ca7f,20497,Limerick city and suburbs,Limerick
4c07d11e-2f12-851d-e053-ca3ca8c0ca7f,20497,Limerick city and suburbs,Limerick
4c07d11e-2f13-851d-e053-ca3ca8c0ca7f,21511,Annacotty,Limerick
4c07d11e-2f14-851d-e053-ca3ca8c0ca7f,18771,Mallow,Cork
4c07d11e-2f15-851d-e053-ca3ca8c0ca7f,18771,Mallow,Cork
4c07d11e-2f17-851d-e053-ca3ca8c0ca7f,16559,Shannon,Clare
4c07d11e-2f18-851d-e053-ca3ca8c0ca7f,16559,Shannon,Clare
4c07d11e-2f19-851d-e053-ca3ca8c0ca7f,16559,Shannon,Clare
4c07d11e-2f1a-851d-e053-ca3ca8c0ca7f,16559,Shannon,Clare
4c07d11e-2f1b-851d-e053-ca3ca8c0ca7f,16559,Shannon,Clare
4c07d11e-2f1c-851d-e053-ca3ca8c0ca7f,16559,Shannon,Clare
4c07d11e-2f1d-851d-e053-ca3ca8c0ca7f,20497,Limerick city and suburbs,Limerick
4c07d11e-2f1e-851d-e053-ca3ca8c0ca7f,20497,Limerick city and suburbs,Limerick
4c07d11e-2f1f-851d-e053-ca3ca8c0ca7f,21511,Annacotty,Limerick
4c07d11e-2f20-851d-e053-ca3ca8c0ca7f,21511,Annacotty,Limerick
4c07d11e-2f22-851d-e053-ca3ca8c0ca7f,27272,Loughrea,Galway
4c07d11e-2f23-851d-e053-ca3ca8c0ca7f,18777,Charleville,Cork
4c07d11e-2f24-851d-e053-ca3ca8c0ca7f,18777,Charleville,Cork
4c07d11e-2f25-851d-e053-ca3ca8c0ca7f,18777,Charleville,Cork
4c07d11e-2f26-851d-e053-ca3ca8c0ca7f,18777,Charleville,Cork
4c07d11e-2f27-851d-e053-ca3ca8c0ca7f,18777,Charleville,Cork
4c07d11e-2f28-851d-e053-ca3ca8c0ca7f,16562,Ennis,Clare
4c07d11e-2f29-851d-e053-ca3ca8c0ca7f,16562,Ennis,Clare
4c07d11e-2f2a-851d-e053-ca3ca8c0ca7f,16562,Ennis,Clare
4c07d11e-2f2b-851d-e053-ca3ca8c0ca7f,20497,Limerick city and suburbs,Limerick
4c07d11e-2f2c-851d-e053-ca3ca8c0ca7f,20497,Limerick city and suburbs,Limerick
4c07d11e-2f2d-851d-e053-ca3ca8c0ca7f,20497,Limerick city and suburbs,Limerick
4c07d11e-2f2e-851d-e053-ca3ca8c0ca7f,27272,Loughrea,Galway
4c07d11e-2f2f-851d-e053-ca3ca8c0ca7f,27272,Loughrea,Galway
4c07d11e-2f30-851d-e053-ca3ca8c0ca7f,26305,Galway city and suburbs,Galway
4c07d11e-2f31-851d-e053-ca3ca8c0ca7f,18777,Charleville,Cork
4c07d11e-2f32-851d-e053-ca3ca8c0ca7f,21540,Abbeyfeale,Limerick
4c07d11e-2f33-851d-e053-ca3ca8c0ca7f,19839,Listowel,Kerry
4c07d11e-2f34-851d-e053-ca3ca8c0ca7f,19839,Listowel,Kerry
4c07d11e-2f35-851d-e053-ca3ca8c0ca7f,19839,Listowel,Kerry
4c07d11e-2f36-851d-e053-ca3ca8c0ca7f,16562,Ennis,Clare
4c07d11e-2f37-851d-e053-ca3ca8c0ca7f,16562,Ennis,Clare
4c07d11e-2f38-851d-e053-ca3ca8c0ca7f,16562,Ennis,Clare
4c07d11e-2f39-851d-e053-ca3ca8c0ca7f,16562,Ennis,Clare
4c07d11e-2f3a-851d-e053-ca3ca8c0ca7f,16562,Ennis,Clare
4c07d11e-2f3b-851d-e053-ca3ca8c0ca7f,20497,Limerick city and suburbs,Limerick
4c07d11e-2f3c-851d-e053-ca3ca8c0ca7f,20497,Limerick city and suburbs,Limerick
4c07d11e-2f3d-851d-e053-ca3ca8c0ca7f,20497,Limerick city and suburbs,Limerick
4c07d11e-2f3e-851d-e053-ca3ca8c0ca7f,20497,Limerick city and suburbs,Limerick
4c07d11e-2f3f-851d-e053-ca3ca8c0ca7f,26305,Galway city and suburbs,Galway
4c07d11e-2f40-851d-e053-ca3ca8c0ca7f,26305,Galway city and suburbs,Galway
4c07d11e-2f41-851d-e053-ca3ca8c0ca7f,26305,Galway city and suburbs,Galway
4c07d11e-2f42-851d-e053-ca3ca8c0ca7f,26305,Galway city and suburbs,Galway
4c07d11e-2f43-851d-e053-ca3ca8c0ca7f,19839,Listowel,Kerry
4c07d11e-2f44-851d-e053-ca3ca8c0ca7f,19839,Listowel,Kerry
4c07d11e-2f45-851d-e053-ca3ca8c0ca7f,19832,Newtownsandes,Kerry
4c07d11e-2f49-851d-e053-ca3ca8c0ca7f,16562,Ennis,Clare
4c07d11e-2f4a-851d-e053-ca3ca8c0ca7f,16562,Ennis,Clare
4c07d11e-2f4b-851d-e053-ca3ca8c0ca7f,16562,Ennis,Clare
4c07d11e-2f4c-851d-e053-ca3ca8c0ca7f,16562,Ennis,Clare
4c07d11e-2f4d-851d-e053-ca3ca8c0ca7f,20497,Limerick city and suburbs,Limerick
4c07d11e-2f4e-851d-e053-ca3ca8c0ca7f,20497,Limerick city and suburbs,Limerick
4c07d11e-2f4f-851d-e053-ca3ca8c0ca7f,20497,Limerick city and suburbs,Limerick
4c07d11e-2f50-851d-e053-ca3ca8c0ca7f,26305,Galway city and suburbs,Galway
4c07d11e-2f51-851d-e053-ca3ca8c0ca7f,26305,Galway city and suburbs,Galway
4c07d11e-2f52-851d-e053-ca3ca8c0ca7f,26305,Galway city and suburbs,Galway
4c07d11e-2f53-851d-e053-ca3ca8c0ca7f,26305,Galway city and suburbs,Galway
4c07d11e-2f54-851d-e053-ca3ca8c0ca7f,21530,Newcastle West,Limerick
4c07d11e-2f55-851d-e053-ca3ca8c0ca7f,21530,Newcastle West,Limerick
4c07d11e-2f56-851d-e053-ca3ca8c0ca7f,21518,Patrickswell,Limerick
4c07d11e-2f57-851d-e053-ca3ca8c0ca7f,16562,Ennis,Clare
4c07d11e-2f58-851d-e053-ca3ca8c0ca7f,16562,Ennis,Clare
4c07d11e-2f59-851d-e053-ca3ca8c0ca7f,16562,Ennis,Clare
4c07d11e-2f5a-851d-e053-ca3ca8c0ca7f,20497,Limerick city and suburbs,Limerick
4c07d11e-2f5b-851d-e053-ca3ca8c0ca7f,20497,Limerick city and suburbs,Limerick
4c07d11e-2f5c-851d-e053-ca3ca8c0ca7f,26305,Galway city and suburbs,Galway
4c07d11e-2f5d-851d-e053-ca3ca8c0ca7f,26305,Galway city and suburbs,Galway
4c07d11e-2f5e-851d-e053-ca3ca8c0ca7f,26305,Galway city and suburbs,Galway
4c07d11e-2f5f-851d-e053-ca3ca8c0ca7f,26305,Galway city and suburbs,Galway
4c07d11e-2f60-851d-e053-ca3ca8c0ca7f,20497,Limerick city and suburbs,Limerick
4c07d11e-2f61-851d-e053-ca3ca8c0ca7f,20497,Limerick city and suburbs,Limerick
4c07d11e-2f62-851d-e053-ca3ca8c0ca7f,20497,Limerick city and suburbs,Limerick
4c07d11e-2f63-851d-e053-ca3ca8c0ca7f,16562,Ennis,Clare
4c07d11e-2f64-851d-e053-ca3ca8c0ca7f,16562,Ennis,Clare
4c07d11e-2f65-851d-e053-ca3ca8c0ca7f,16562,Ennis,Clare
4c07d11e-2f66-851d-e053-ca3ca8c0ca7f,16562,Ennis,Clare
4c07d11e-2f67-851d-e053-ca3ca8c0ca7f,16562,Ennis,Clare
4c07d11e-2f68-851d-e053-ca3ca8c0ca7f,16562,Ennis,Clare
4c07d11e-2f69-851d-e053-ca3ca8c0ca7f,20497,Limerick city and suburbs,Limerick
4c07d11e-2f6a-851d-e053-ca3ca8c0ca7f,20497,Limerick city and suburbs,Limerick
4c07d11e-2f6b-851d-e053-ca3ca8c0ca7f,20497,Limerick city and suburbs,Limerick
4c07d11e-2f6c-851d-e053-ca3ca8c0ca7f,20497,Limerick city and suburbs,Limerick
4c07d11e-2f6d-851d-e053-ca3ca8c0ca7f,04346,Portmarnock,Dublin
4c07d11e-2f6e-851d-e053-ca3ca8c0ca7f,04348,Malahide,Dublin
4c07d11e-2f6f-851d-e053-ca3ca8c0ca7f,30247,Roscommon,Roscommon
4c07d11e-2f70-851d-e053-ca3ca8c0ca7f,30247,Roscommon,Roscommon
4c07d11e-2f71-851d-e053-ca3ca8c0ca7f,09239,Lanesborough-Ballyleague,Longford
4c07d11e-2f72-851d-e053-ca3ca8c0ca7f,27280,Tuam,Galway
4c07d11e-2f73-851d-e053-ca3ca8c0ca7f,27280,Tuam,Galway
4c07d11e-2f74-851d-e053-ca3ca8c0ca7f,27280,Tuam,Galway
4c07d11e-2f75-851d-e053-ca3ca8c0ca7f,29321,Ballina,Mayo
4c07d11e-2f76-851d-e053-ca3ca8c0ca7f,29321,Ballina,Mayo
4c07d11e-2f77-851d-e053-ca3ca8c0ca7f,29321,Ballina,Mayo
4c07d11e-2f78-851d-e053-ca3ca8c0ca7f,29321,Ballina,Mayo
4c07d11e-2f79-851d-e053-ca3ca8c0ca7f,31143,Sligo,Sligo
4c07d11e-2f7a-851d-e053-ca3ca8c0ca7f,31143,Sligo,Sligo
4c07d11e-2f7b-851d-e053-ca3ca8c0ca7f,09239,Lanesborough-Ballyleague,Longford
4c07d11e-2f7c-851d-e053-ca3ca8c0ca7f,09233,Ballymahon,Longford
4c07d11e-2f7e-851d-e053-ca3ca8c0ca7f,09233,Ballymahon,Longford
4c07d11e-2f7f-851d-e053-ca3ca8c0ca7f,27280,Tuam,Galway
4c07d11e-2f81-851d-e053-ca3ca8c0ca7f,29306,Ballyhaunis,Mayo
4c07d11e-2f82-851d-e053-ca3ca8c0ca7f,29321,Ballina,Mayo
4c07d11e-2f83-851d-e053-ca3ca8c0ca7f,29321,Ballina,Mayo
4c07d11e-2f84-851d-e053-ca3ca8c0ca7f,29321,Ballina,Mayo
4c07d11e-2f85-851d-e053-ca3ca8c0ca7f,31143,Sligo,Sligo
4c07d11e-2f86-851d-e053-ca3ca8c0ca7f,31143,Sligo,Sligo
4c07d11e-2f87-851d-e053-ca3ca8c0ca7f,04348,Malahide,Dublin
4c07d11e-2f88-851d-e053-ca3ca8c0ca7f,04348,Malahide,Dublin
4c07d11e-2f89-851d-e053-ca3ca8c0ca7f,29306,Ballyhaunis,Mayo
4c07d11e-2f8a-851d-e053-ca3ca8c0ca7f,30257,Castlerea,Roscommon
4c07d11e-2f8b-851d-e053-ca3ca8c0ca7f,30257,Castlerea,Roscommon
4c07d11e-2f8c-851d-e053-ca3ca8c0ca7f,29321,Ballina,Mayo
4c07d11e-2f8d-851d-e053-ca3ca8c0ca7f,29321,Ballina,Mayo
4c07d11e-2f8e-851d-e053-ca3ca8c0ca7f,29321,Ballina,Mayo
4c07d11e-2f8f-851d-e053-ca3ca8c0ca7f,29321,Ballina,Mayo
4c07d11e-2f90-851d-e053-ca3ca8c0ca7f,29321,Ballina,Mayo
4c07d11e-2f91-851d-e053-ca3ca8c0ca7f,31143,Sligo,Sligo
4c07d11e-2f92-851d-e053-ca3ca8c0ca7f,31143,Sligo,Sligo
4c07d11e-2f93-851d-e053-ca3ca8c0ca7f,31143,Sligo,Sligo
4c07d11e-2f94-851d-e053-ca3ca8c0ca7f,04348,Malahide,Dublin
4c07d11e-2f95-851d-e053-ca3ca8c0ca7f,27304,Clifden,Galway
4c07d11e-2f97-851d-e053-ca3ca8c0ca7f,30257,Castlerea,Roscommon
4c07d11e-2f98-851d-e053-ca3ca8c0ca7f,29327,Castlebar,Mayo
4c07d11e-2f99-851d-e053-ca3ca8c0ca7f,29327,Castlebar,Mayo
4c07d11e-2f9a-851d-e053-ca3ca8c0ca7f,29321,Ballina,Mayo
4c07d11e-2f9b-851d-e053-ca3ca8c0ca7f,29321,Ballina,Mayo
4c07d11e-2f9c-851d-e053-ca3ca8c0ca7f,29321,Ballina,Mayo
4c07d11e-2f9d-851d-e053-ca3ca8c0ca7f,29321,Ballina,Mayo
4c07d11e-2f9e-851d-e053-ca3ca8c0ca7f,31143,Sligo,Sligo
4c07d11e-2f9f-851d-e053-ca3ca8c0ca7f,31143,Sligo,Sligo
4c07d11e-2fa0-851d-e053-ca3ca8c0ca7f,31143,Sligo,Sligo
4c07d11e-2fa1-851d-e053-ca3ca8c0ca7f,31143,Sligo,Sligo
4c07d11e-2fa2-851d-e053-ca3ca8c0ca7f,29331,Westport,Mayo
4c07d11e-2fa3-851d-e053-ca3ca8c0ca7f,29331,Westport,Mayo
4c07d11e-2fa4-851d-e053-ca3ca8c0ca7f,29331,Westport,Mayo
4c07d11e-2fa5-851d-e053-ca3ca8c0ca7f,29327,Castlebar,Mayo
4c07d11e-2fa6-851d-e053-ca3ca8c0ca7f,29327,Castlebar,Mayo
4c07d11e-2fa7-851d-e053-ca3ca8c0ca7f,29327,Castlebar,Mayo
4c07d11e-2fa8-851d-e053-ca3ca8c0ca7f,29321,Ballina,Mayo
4c07d11e-2fa9-851d-e053-ca3ca8c0ca7f,29321,Ballina,Mayo
4c07d11e-2faa-851d-e053-ca3ca8c0ca7f,29321,Ballina,Mayo
4c07d11e-2fab-851d-e053-ca3ca8c0ca7f,29321,Ballina,Mayo
4c07d11e-2fac-851d-e053-ca3ca8c0ca7f,31143,Sligo,Sligo
4c07d11e-2fad-851d-e053-ca3ca8c0ca7f,31153,Strandhill,Sligo
4c07d11e-2fae-851d-e053-ca3ca8c0ca7f,31143,Sligo,Sligo
4c07d11e-2faf-851d-e053-ca3ca8c0ca7f,31143,Sligo,Sligo
4c07d11e-2fb0-851d-e053-ca3ca8c0ca7f,29331,Westport,Mayo
4c07d11e-2fb1-851d-e053-ca3ca8c0ca7f,29331,Westport,Mayo
4c07d11e-2fb2-851d-e053-ca3ca8c0ca7f,29331,Westport,Mayo
4c07d11e-2fb3-851d-e053-ca3ca8c0ca7f,29327,Castlebar,Mayo
4c07d11e-2fb4-851d-e053-ca3ca8c0ca7f,29327,Castlebar,Mayo
4c07d11e-2fb5-851d-e053-ca3ca8c0ca7f,29327,Castlebar,Mayo
4c07d11e-2fb6-851d-e053-ca3ca8c0ca7f,29321,Ballina,Mayo
4c07d11e-2fb7-851d-e053-ca3ca8c0ca7f,29321,Ballina,Mayo
4c07d11e-2fb8-851d-e053-ca3ca8c0ca7f,29321,Ballina,Mayo
4c07d11e-2fb9-851d-e053-ca3ca8c0ca7f,31143,Sligo,Sligo
4c07d11e-2fba-851d-e053-ca3ca8c0ca7f,31143,Sligo,Sligo
4c07d11e-2fbb-851d-e053-ca3ca8c0ca7f,31143,Sligo,Sligo
4c07d11e-2fbc-851d-e053-ca3ca8c0ca7f,29331,Westport,Mayo
4c07d11e-2fbd-851d-e053-ca3ca8c0ca7f,29331,Westport,Mayo
4c07d11e-2fbe-851d-e053-ca3ca8c0ca7f,29331,Westport,Mayo
4c07d11e-2fbf-851d-e053-ca3ca8c0ca7f,29331,Westport,Mayo
4c07d11e-2fc0-851d-e053-ca3ca8c0ca7f,29327,Castlebar,Mayo
4c07d11e-2fc1-851d-e053-ca3ca8c0ca7f,29327,Castlebar,Mayo
4c07d11e-2fc2-851d-e053-ca3ca8c0ca7f,29327,Castlebar,Mayo
4c07d11e-2fc3-851d-e053-ca3ca8c0ca7f,29327,Castlebar,Mayo
4c07d11e-2fc4-851d-e053-ca3ca8c0ca7f,29321,Ballina,Mayo
4c07d11e-2fc5-851d-e053-ca3ca8c0ca7f,29321,Ballina,Mayo
4c07d11e-2fc7-851d-e053-ca3ca8c0ca7f,31143,Sligo,Sligo
4c07d11e-2fc8-851d-e053-ca3ca8c0ca7f,31143,Sligo,Sligo
4c07d11e-2fc9-851d-e053-ca3ca8c0ca7f,31143,Sligo,Sligo
4c07d11e-2fca-851d-e053-ca3ca8c0ca7f,29331,Westport,Mayo
4c07d11e-2fcb-851d-e053-ca3ca8c0ca7f,29331,Westport,Mayo
4c07d11e-2fcc-851d-e053-ca3ca8c0ca7f,29332,Newport,Mayo
4c07d11e-2fcd-851d-e053-ca3ca8c0ca7f,29326,Ballinrobe,Mayo
4c07d11e-2fce-851d-e053-ca3ca8c0ca7f,29327,Castlebar,Mayo
4c07d11e-2fcf-851d-e053-ca3ca8c0ca7f,29327,Castlebar,Mayo
4c07d11e-2fd0-851d-e053-ca3ca8c0ca7f,29321,Ballina,Mayo
4c07d11e-2fd2-851d-e053-ca3ca8c0ca7f,31158,Enniscrone,Sligo
4c07d11e-2fd3-851d-e053-ca3ca8c0ca7f,31143,Sligo,Sligo
4c07d11e-2fd4-851d-e053-ca3ca8c0ca7f,31143,Sligo,Sligo
4c07d11e-2fd5-851d-e053-ca3ca8c0ca7f,31143,Sligo,Sligo
4c07d11e-2fd6-851d-e053-ca3ca8c0ca7f,29326,Ballinrobe,Mayo
4c07d11e-2fd7-851d-e053-ca3ca8c0ca7f,29326,Ballinrobe,Mayo
4c07d11e-2fd8-851d-e053-ca3ca8c0ca7f,29326,Ballinrobe,Mayo
4c07d11e-2fd9-851d-e053-ca3ca8c0ca7f,27280,Tuam,Galway
4c07d11e-2fda-851d-e053-ca3ca8c0ca7f,29327,Castlebar,Mayo
4c07d11e-2fdb-851d-e053-ca3ca8c0ca7f,29327,Castlebar,Mayo
4c07d11e-2fdc-851d-e053-ca3ca8c0ca7f,29327,Castlebar,Mayo
4c07d11e-2fdd-851d-e053-ca3ca8c0ca7f,31148,Ballymote,Sligo
4c07d11e-2fde-851d-e053-ca3ca8c0ca7f,31148,Ballymote,Sligo
4c07d11e-2fdf-851d-e053-ca3ca8c0ca7f,31148,Ballymote,Sligo
4c07d11e-2fe0-851d-e053-ca3ca8c0ca7f,31143,Sligo,Sligo
4c07d11e-2fe1-851d-e053-ca3ca8c0ca7f,31143,Sligo,Sligo
4c07d11e-2fe2-851d-e053-ca3ca8c0ca7f,31143,Sligo,Sligo
4c07d11e-2fe3-851d-e053-ca3ca8c0ca7f,27280,Tuam,Galway
4c07d11e-2fe4-851d-e053-ca3ca8c0ca7f,27280,Tuam,Galway
4c07d11e-2fe5-851d-e053-ca3ca8c0ca7f,29327,Castlebar,Mayo
4c07d11e-2fe6-851d-e053-ca3ca8c0ca7f,29327,Castlebar,Mayo
4c07d11e-2fe7-851d-e053-ca3ca8c0ca7f,29327,Castlebar,Mayo
4c07d11e-2fe8-851d-e053-ca3ca8c0ca7f,31148,Ballymote,Sligo
4c07d11e-2fe9-851d-e053-ca3ca8c0ca7f,31148,Ballymote,Sligo
4c07d11e-2fea-851d-e053-ca3ca8c0ca7f,31154,Coolaney,Sligo
4c07d11e-2feb-851d-e053-ca3ca8c0ca7f,31144,Collooney,Sligo
4c07d11e-2fec-851d-e053-ca3ca8c0ca7f,31143,Sligo,Sligo
4c07d11e-2fed-851d-e053-ca3ca8c0ca7f,31143,Sligo,Sligo
4c07d11e-2fee-851d-e053-ca3ca8c0ca7f,31143,Sligo,Sligo
4c07d11e-2fef-851d-e053-ca3ca8c0ca7f,27280,Tuam,Galway
4c07d11e-2ff0-851d-e053-ca3ca8c0ca7f,27280,Tuam,Galway
4c07d11e-2ff1-851d-e053-ca3ca8c0ca7f,29327,Castlebar,Mayo
4c07d11e-2ff2-851d-e053-ca3ca8c0ca7f,29327,Castlebar,Mayo
4c07d11e-2ff3-851d-e053-ca3ca8c0ca7f,29327,Castlebar,Mayo
4c07d11e-2ff4-851d-e053-ca3ca8c0ca7f,29327,Castlebar,Mayo
4c07d11e-2ff5-851d-e053-ca3ca8c0ca7f,31144,Collooney,Sligo
4c07d11e-2ff6-851d-e053-ca3ca8c0ca7f,31144,Collooney,Sligo
4c07d11e-2ff7-851d-e053-ca3ca8c0ca7f,31144,Collooney,Sligo
4c07d11e-2ff8-851d-e053-ca3ca8c0ca7f,31143,Sligo,Sligo
4c07d11e-2ff9-851d-e053-ca3ca8c0ca7f,31143,Sligo,Sligo
4c07d11e-2ffa-851d-e053-ca3ca8c0ca7f,27280,Tuam,Galway
4c07d11e-2ffb-851d-e053-ca3ca8c0ca7f,27280,Tuam,Galway
4c07d11e-2ffc-851d-e053-ca3ca8c0ca7f,27280,Tuam,Galway
4c07d11e-2ffd-851d-e053-ca3ca8c0ca7f,27280,Tuam,Galway
4c07d11e-2ffe-851d-e053-ca3ca8c0ca7f,29310,Knock,Mayo
4c07d11e-2fff-851d-e053-ca3ca8c0ca7f,29313,Kiltimagh,Mayo
4c07d11e-3000-851d-e053-ca3ca8c0ca7f,29313,Kiltimagh,Mayo
4c07d11e-3002-851d-e053-ca3ca8c0ca7f,31144,Collooney,Sligo
4c07d11e-3003-851d-e053-ca3ca8c0ca7f,31146,Ballysadare,Sligo
4c07d11e-3004-851d-e053-ca3ca8c0ca7f,31146,Ballysadare,Sligo
4c07d11e-3005-851d-e053-ca3ca8c0ca7f,31143,Sligo,Sligo
4c07d11e-3006-851d-e053-ca3ca8c0ca7f,31143,Sligo,Sligo
4c07d11e-3007-851d-e053-ca3ca8c0ca7f,31143,Sligo,Sligo
4c07d11e-3008-851d-e053-ca3ca8c0ca7f,27280,Tuam,Galway
4c07d11e-3009-851d-e053-ca3ca8c0ca7f,27280,Tuam,Galway
4c07d11e-300a-851d-e053-ca3ca8c0ca7f,29318,Foxford,Mayo
4c07d11e-300b-851d-e053-ca3ca8c0ca7f,29311,Swinford,Mayo
4c07d11e-300c-851d-e053-ca3ca8c0ca7f,31153,Strandhill,Sligo
4c07d11e-300d-851d-e053-ca3ca8c0ca7f,31153,Strandhill,Sligo
4c07d11e-300e-851d-e053-ca3ca8c0ca7f,31143,Sligo,Sligo
4c07d11e-300f-851d-e053-ca3ca8c0ca7f,31143,Sligo,Sligo
4c07d11e-3010-851d-e053-ca3ca8c0ca7f,31143,Sligo,Sligo
4c07d11e-3011-851d-e053-ca3ca8c0ca7f,31143,Sligo,Sligo
4c07d11e-3012-851d-e053-ca3ca8c0ca7f,31149,Grange,Sligo
4c07d11e-3013-851d-e053-ca3ca8c0ca7f,27280,Tuam,Galway
4c07d11e-3014-851d-e053-ca3ca8c0ca7f,27280,Tuam,Galway
4c07d11e-3015-851d-e053-ca3ca8c0ca7f,27280,Tuam,Galway
4c07d11e-3016-851d-e053-ca3ca8c0ca7f,27280,Tuam,Galway
4c07d11e-3017-851d-e053-ca3ca8c0ca7f,29311,Swinford,Mayo
4c07d11e-3018-851d-e053-ca3ca8c0ca7f,30259,Ballaghaderreen,Roscommon
4c07d11e-3019-851d-e053-ca3ca8c0ca7f,30259,Ballaghaderreen,Roscommon
4c07d11e-301a-851d-e053-ca3ca8c0ca7f,31143,Sligo,Sligo
4c07d11e-301b-851d-e053-ca3ca8c0ca7f,31143,Sligo,Sligo
4c07d11e-301c-851d-e053-ca3ca8c0ca7f,31143,Sligo,Sligo
4c07d11e-301d-851d-e053-ca3ca8c0ca7f,31142,Cliffony,Sligo
4c07d11e-301e-851d-e053-ca3ca8c0ca7f,33120,Killybegs,Donegal
4c07d11e-301f-851d-e053-ca3ca8c0ca7f,27266,Ballygar,Galway
4c07d11e-3020-851d-e053-ca3ca8c0ca7f,29314,Claremorris,Mayo
4c07d11e-3021-851d-e053-ca3ca8c0ca7f,29314,Claremorris,Mayo
4c07d11e-3022-851d-e053-ca3ca8c0ca7f,29314,Claremorris,Mayo
4c07d11e-3023-851d-e053-ca3ca8c0ca7f,29314,Claremorris,Mayo
4c07d11e-3024-851d-e053-ca3ca8c0ca7f,29314,Claremorris,Mayo
4c07d11e-3025-851d-e053-ca3ca8c0ca7f,30259,Ballaghaderreen,Roscommon
4c07d11e-3026-851d-e053-ca3ca8c0ca7f,30259,Ballaghaderreen,Roscommon
4c07d11e-3027-851d-e053-ca3ca8c0ca7f,31143,Sligo,Sligo
4c07d11e-3028-851d-e053-ca3ca8c0ca7f,31143,Sligo,Sligo
4c07d11e-3029-851d-e053-ca3ca8c0ca7f,30247,Roscommon,Roscommon
4c07d11e-302a-851d-e053-ca3ca8c0ca7f,30247,Roscommon,Roscommon
4c07d11e-302b-851d-e053-ca3ca8c0ca7f,30247,Roscommon,Roscommon
4c07d11e-302c-851d-e053-ca3ca8c0ca7f,30247,Roscommon,Roscommon
4c07d11e-302d-851d-e053-ca3ca8c0ca7f,27280,Tuam,Galway
4c07d11e-302e-851d-e053-ca3ca8c0ca7f,27280,Tuam,Galway
4c07d11e-302f-851d-e053-ca3ca8c0ca7f,29307,Charlestown-Bellahy,Mayo
4c07d11e-3030-851d-e053-ca3ca8c0ca7f,29307,Charlestown-Bellahy,Mayo
4c07d11e-3031-851d-e053-ca3ca8c0ca7f,29338,Béal An Mhuirthead,Mayo
4c07d11e-3032-851d-e053-ca3ca8c0ca7f,31143,Sligo,Sligo
4c07d11e-3033-851d-e053-ca3ca8c0ca7f,31143,Sligo,Sligo
4c07d11e-3035-851d-e053-ca3ca8c0ca7f,02341,Dublin city and suburbs,Dublin
4c07d11e-3036-851d-e053-ca3ca8c0ca7f,02341,Dublin city and suburbs,Dublin
4c07d11e-3037-851d-e053-ca3ca8c0ca7f,02341,Dublin city and suburbs,Dublin
4c07d11e-3038-851d-e053-ca3ca8c0ca7f,02341,Dublin city and suburbs,Dublin
4c07d11e-3039-851d-e053-ca3ca8c0ca7f,02341,Dublin city and suburbs,Dublin
4c07d11e-303a-851d-e053-ca3ca8c0ca7f,02341,Dublin city and suburbs,Dublin
4c07d11e-303b-851d-e053-ca3ca8c0ca7f,02341,Dublin city and suburbs,Dublin
4c07d11e-303c-851d-e053-ca3ca8c0ca7f,02341,Dublin city and suburbs,Dublin
4c07d11e-303d-851d-e053-ca3ca8c0ca7f,02341,Dublin city and suburbs,Dublin
4c07d11e-303e-851d-e053-ca3ca8c0ca7f,15376,Bray,Wicklow
4c07d11e-303f-851d-e053-ca3ca8c0ca7f,15376,Bray,Wicklow
4c07d11e-3040-851d-e053-ca3ca8c0ca7f,02341,Dublin city and suburbs,Dublin
4c07d11e-3041-851d-e053-ca3ca8c0ca7f,02341,Dublin city and suburbs,Dublin
4c07d11e-3042-851d-e053-ca3ca8c0ca7f,02341,Dublin city and suburbs,Dublin
4c07d11e-3043-851d-e053-ca3ca8c0ca7f,02341,Dublin city and suburbs,Dublin
4c07d11e-3044-851d-e053-ca3ca8c0ca7f,02341,Dublin city and suburbs,Dublin
4c07d11e-3045-851d-e053-ca3ca8c0ca7f,02341,Dublin city and suburbs,Dublin
4c07d11e-3046-851d-e053-ca3ca8c0ca7f,02341,Dublin city and suburbs,Dublin
4c07d11e-3047-851d-e053-ca3ca8c0ca7f,02341,Dublin city and suburbs,Dublin
4c07d11e-3048-851d-e053-ca3ca8c0ca7f,02341,Dublin city and suburbs,Dublin
4c07d11e-3049-851d-e053-ca3ca8c0ca7f,02341,Dublin city and suburbs,Dublin
4c07d11e-304a-851d-e053-ca3ca8c0ca7f,02341,Dublin city and suburbs,Dublin
4c07d11e-304b-851d-e053-ca3ca8c0ca7f,02341,Dublin city and suburbs,Dublin
4c07d11e-304c-851d-e053-ca3ca8c0ca7f,02341,Dublin city and suburbs,Dublin
4c07d11e-304d-851d-e053-ca3ca8c0ca7f,02341,Dublin city and suburbs,Dublin
4c07d11e-304e-851d-e053-ca3ca8c0ca7f,02341,Dublin city and suburbs,Dublin
4c07d11e-304f-851d-e053-ca3ca8c0ca7f,15376,Bray,Wicklow
4c07d11e-3050-851d-e053-ca3ca8c0ca7f,15376,Bray,Wicklow
4c07d11e-3051-851d-e053-ca3ca8c0ca7f,02341,Dublin city and suburbs,Dublin
4c07d11e-3052-851d-e053-ca3ca8c0ca7f,02341,Dublin city and suburbs,Dublin
4c07d11e-3053-851d-e053-ca3ca8c0ca7f,02341,Dublin city and suburbs,Dublin
4c07d11e-3054-851d-e053-ca3ca8c0ca7f,02341,Dublin city and suburbs,Dublin
4c07d11e-3055-851d-e053-ca3ca8c0ca7f,02341,Dublin city and suburbs,Dublin
4c07d11e-3056-851d-e053-ca3ca8c0ca7f,02341,Dublin city and suburbs,Dublin
4c07d11e-3057-851d-e053-ca3ca8c0ca7f,02341,Dublin city and suburbs,Dublin
4c07d11e-3058-851d-e053-ca3ca8c0ca7f,02341,Dublin city and suburbs,Dublin
4c07d11e-3059-851d-e053-ca3ca8c0ca7f,02341,Dublin city and suburbs,Dublin
4c07d11e-305a-851d-e053-ca3ca8c0ca7f,02341,Dublin city and suburbs,Dublin
4c07d11e-305b-851d-e053-ca3ca8c0ca7f,02341,Dublin city and suburbs,Dublin
4c07d11e-305c-851d-e053-ca3ca8c0ca7f,02341,Dublin city and suburbs,Dublin
4c07d11e-305d-851d-e053-ca3ca8c0ca7f,15376,Bray,Wicklow
4c07d11e-305e-851d-e053-ca3ca8c0ca7f,15376,Bray,Wicklow
4c07d11e-305f-851d-e053-ca3ca8c0ca7f,15376,Bray,Wicklow
4c07d11e-3060-851d-e053-ca3ca8c0ca7f,15376,Bray,Wicklow
4c07d11e-3061-851d-e053-ca3ca8c0ca7f,02341,Dublin city and suburbs,Dublin
4c07d11e-3062-851d-e053-ca3ca8c0ca7f,02341,Dublin city and suburbs,Dublin
4c07d11e-3063-851d-e053-ca3ca8c0ca7f,02341,Dublin city and suburbs,Dublin
4c07d11e-3065-851d-e053-ca3ca8c0ca7f,02341,Dublin city and suburbs,Dublin
4c07d11e-3066-851d-e053-ca3ca8c0ca7f,02341,Dublin city and suburbs,Dublin
4c07d11e-3067-851d-e053-ca3ca8c0ca7f,02341,Dublin city and suburbs,Dublin
4c07d11e-3068-851d-e053-ca3ca8c0ca7f,02341,Dublin city and suburbs,Dublin
4c07d11e-3069-851d-e053-ca3ca8c0ca7f,02341,Dublin city and suburbs,Dublin
4c07d11e-306a-851d-e053-ca3ca8c0ca7f,15376,Bray,Wicklow
4c07d11e-306b-851d-e053-ca3ca8c0ca7f,15376,Bray,Wicklow
4c07d11e-306c-851d-e053-ca3ca8c0ca7f,15376,Bray,Wicklow
4c07d11e-306d-851d-e053-ca3ca8c0ca7f,02341,Dublin city and suburbs,Dublin
4c07d11e-306e-851d-e053-ca3ca8c0ca7f,02341,Dublin city and suburbs,Dublin
4c07d11e-306f-851d-e053-ca3ca8c0ca7f,02341,Dublin city and suburbs,Dublin
4c07d11e-3070-851d-e053-ca3ca8c0ca7f,02341,Dublin city and suburbs,Dublin
4c07d11e-3071-851d-e053-ca3ca8c0ca7f,02341,Dublin city and suburbs,Dublin
4c07d11e-3072-851d-e053-ca3ca8c0ca7f,02341,Dublin city and suburbs,Dublin
4c07d11e-3073-851d-e053-ca3ca8c0ca7f,02341,Dublin city and suburbs,Dublin
4c07d11e-3074-851d-e053-ca3ca8c0ca7f,02341,Dublin city and suburbs,Dublin
4c07d11e-3075-851d-e053-ca3ca8c0ca7f,02341,Dublin city and suburbs,Dublin
4c07d11e-3076-851d-e053-ca3ca8c0ca7f,02341,Dublin city and suburbs,Dublin
4c07d11e-3077-851d-e053-ca3ca8c0ca7f,02341,Dublin city and suburbs,Dublin
4c07d11e-3078-851d-e053-ca3ca8c0ca7f,15376,Bray,Wicklow
4c07d11e-3079-851d-e053-ca3ca8c0ca7f,15376,Bray,Wicklow
4c07d11e-307a-851d-e053-ca3ca8c0ca7f,02341,Dublin city and suburbs,Dublin
4c07d11e-307b-851d-e053-ca3ca8c0ca7f,02341,Dublin city and suburbs,Dublin
4c07d11e-307c-851d-e053-ca3ca8c0ca7f,02341,Dublin city and suburbs,Dublin
4c07d11e-307d-851d-e053-ca3ca8c0ca7f,02341,Dublin city and suburbs,Dublin
4c07d11e-307e-851d-e053-ca3ca8c0ca7f,02341,Dublin city and suburbs,Dublin
4c07d11e-307f-851d-e053-ca3ca8c0ca7f,02341,Dublin city and suburbs,Dublin
4c07d11e-3080-851d-e053-ca3ca8c0ca7f,02341,Dublin city and suburbs,Dublin
4c07d11e-3081-851d-e053-ca3ca8c0ca7f,02341,Dublin city and suburbs,Dublin
4c07d11e-3082-851d-e053-ca3ca8c0ca7f,02341,Dublin city and suburbs,Dublin
4c07d11e-3083-851d-e053-ca3ca8c0ca7f,02341,Dublin city and suburbs,Dublin
4c07d11e-3084-851d-e053-ca3ca8c0ca7f,02341,Dublin city and suburbs,Dublin
4c07d11e-3085-851d-e053-ca3ca8c0ca7f,02341,Dublin city and suburbs,Dublin
4c07d11e-3086-851d-e053-ca3ca8c0ca7f,02341,Dublin city and suburbs,Dublin
4c07d11e-3087-851d-e053-ca3ca8c0ca7f,02341,Dublin city and suburbs,Dublin
4c07d11e-3088-851d-e053-ca3ca8c0ca7f,02341,Dublin city and suburbs,Dublin
4c07d11e-3089-851d-e053-ca3ca8c0ca7f,02341,Dublin city and suburbs,Dublin
4c07d11e-308a-851d-e053-ca3ca8c0ca7f,02341,Dublin city and suburbs,Dublin
4c07d11e-308b-851d-e053-ca3ca8c0ca7f,02341,Dublin city and suburbs,Dublin
4c07d11e-308c-851d-e053-ca3ca8c0ca7f,02341,Dublin city and suburbs,Dublin
4c07d11e-308d-851d-e053-ca3ca8c0ca7f,02341,Dublin city and suburbs,Dublin
4c07d11e-308e-851d-e053-ca3ca8c0ca7f,02341,Dublin city and suburbs,Dublin
4c07d11e-308f-851d-e053-ca3ca8c0ca7f,02341,Dublin city and suburbs,Dublin
4c07d11e-3090-851d-e053-ca3ca8c0ca7f,02341,Dublin city and suburbs,Dublin
4c07d11e-3091-851d-e053-ca3ca8c0ca7f,02341,Dublin city and suburbs,Dublin
4c07d11e-3092-851d-e053-ca3ca8c0ca7f,02341,Dublin city and suburbs,Dublin
4c07d11e-3093-851d-e053-ca3ca8c0ca7f,02341,Dublin city and suburbs,Dublin
4c07d11e-3094-851d-e053-ca3ca8c0ca7f,02341,Dublin city and suburbs,Dublin
4c07d11e-3095-851d-e053-ca3ca8c0ca7f,02341,Dublin city and suburbs,Dublin
4c07d11e-3096-851d-e053-ca3ca8c0ca7f,02341,Dublin city and suburbs,Dublin
4c07d11e-3097-851d-e053-ca3ca8c0ca7f,02341,Dublin city and suburbs,Dublin
4c07d11e-3098-851d-e053-ca3ca8c0ca7f,02341,Dublin city and suburbs,Dublin
4c07d11e-3099-851d-e053-ca3ca8c0ca7f,02341,Dublin city and suburbs,Dublin
4c07d11e-309a-851d-e053-ca3ca8c0ca7f,02341,Dublin city and suburbs,Dublin
4c07d11e-309b-851d-e053-ca3ca8c0ca7f,02341,Dublin city and suburbs,Dublin
4c07d11e-309c-851d-e053-ca3ca8c0ca7f,02341,Dublin city and suburbs,Dublin
4c07d11e-309d-851d-e053-ca3ca8c0ca7f,02341,Dublin city and suburbs,Dublin
4c07d11e-309e-851d-e053-ca3ca8c0ca7f,02341,Dublin city and suburbs,Dublin
4c07d11e-309f-851d-e053-ca3ca8c0ca7f,02341,Dublin city and suburbs,Dublin
4c07d11e-30a0-851d-e053-ca3ca8c0ca7f,02341,Dublin city and suburbs,Dublin
4c07d11e-30a1-851d-e053-ca3ca8c0ca7f,02341,Dublin city and suburbs,Dublin
4c07d11e-30a2-851d-e053-ca3ca8c0ca7f,02341,Dublin city and suburbs,Dublin
4c07d11e-30a3-851d-e053-ca3ca8c0ca7f,02341,Dublin city and suburbs,Dublin
4c07d11e-30a4-851d-e053-ca3ca8c0ca7f,02341,Dublin city and suburbs,Dublin
4c07d11e-30a5-851d-e053-ca3ca8c0ca7f,02341,Dublin city and suburbs,Dublin
4c07d11e-30a6-851d-e053-ca3ca8c0ca7f,02341,Dublin city and suburbs,Dublin
4c07d11e-30a7-851d-e053-ca3ca8c0ca7f,02341,Dublin city and suburbs,Dublin
4c07d11e-30a8-851d-e053-ca3ca8c0ca7f,02341,Dublin city and suburbs,Dublin
4c07d11e-30a9-851d-e053-ca3ca8c0ca7f,02341,Dublin city and suburbs,Dublin
4c07d11e-30aa-851d-e053-ca3ca8c0ca7f,02341,Dublin city and suburbs,Dublin
4c07d11e-30ab-851d-e053-ca3ca8c0ca7f,02341,Dublin city and suburbs,Dublin
4c07d11e-30ac-851d-e053-ca3ca8c0ca7f,02341,Dublin city and suburbs,Dublin
4c07d11e-30ad-851d-e053-ca3ca8c0ca7f,02341,Dublin city and suburbs,Dublin
4c07d11e-30ae-851d-e053-ca3ca8c0ca7f,02341,Dublin city and suburbs,Dublin
4c07d11e-30af-851d-e053-ca3ca8c0ca7f,02341,Dublin city and suburbs,Dublin
4c07d11e-30b0-851d-e053-ca3ca8c0ca7f,02341,Dublin city and suburbs,Dublin
4c07d11e-30b1-851d-e053-ca3ca8c0ca7f,02341,Dublin city and suburbs,Dublin
4c07d11e-30b2-851d-e053-ca3ca8c0ca7f,02341,Dublin city and suburbs,Dublin
4c07d11e-30b3-851d-e053-ca3ca8c0ca7f,02341,Dublin city and suburbs,Dublin
4c07d11e-30b4-851d-e053-ca3ca8c0ca7f,02341,Dublin city and suburbs,Dublin
4c07d11e-30b5-851d-e053-ca3ca8c0ca7f,02341,Dublin city and suburbs,Dublin
4c07d11e-30b6-851d-e053-ca3ca8c0ca7f,02341,Dublin city and suburbs,Dublin
4c07d11e-30b7-851d-e053-ca3ca8c0ca7f,02341,Dublin city and suburbs,Dublin
4c07d11e-30b8-851d-e053-ca3ca8c0ca7f,02341,Dublin city and suburbs,Dublin
4c07d11e-30b9-851d-e053-ca3ca8c0ca7f,02341,Dublin city and suburbs,Dublin
4c07d11e-30ba-851d-e053-ca3ca8c0ca7f,02341,Dublin city and suburbs,Dublin
4c07d11e-30bb-851d-e053-ca3ca8c0ca7f,02341,Dublin city and suburbs,Dublin
4c07d11e-30bc-851d-e053-ca3ca8c0ca7f,02341,Dublin city and suburbs,Dublin
4c07d11e-30bd-851d-e053-ca3ca8c0ca7f,02341,Dublin city and suburbs,Dublin
4c07d11e-30be-851d-e053-ca3ca8c0ca7f,02341,Dublin city and suburbs,Dublin
4c07d11e-30bf-851d-e053-ca3ca8c0ca7f,02341,Dublin city and suburbs,Dublin
4c07d11e-30c0-851d-e053-ca3ca8c0ca7f,02341,Dublin city and suburbs,Dublin
4c07d11e-30c1-851d-e053-ca3ca8c0ca7f,02341,Dublin city and suburbs,Dublin
4c07d11e-30c2-851d-e053-ca3ca8c0ca7f,02341,Dublin city and suburbs,Dublin
4c07d11e-30c3-851d-e053-ca3ca8c0ca7f,02341,Dublin city and suburbs,Dublin
4c07d11e-30c4-851d-e053-ca3ca8c0ca7f,02341,Dublin city and suburbs,Dublin
4c07d11e-30c5-851d-e053-ca3ca8c0ca7f,02341,Dublin city and suburbs,Dublin
4c07d11e-30c6-851d-e053-ca3ca8c0ca7f,02341,Dublin city and suburbs,Dublin
4c07d11e-30c7-851d-e053-ca3ca8c0ca7f,02341,Dublin city and suburbs,Dublin
4c07d11e-30c8-851d-e053-ca3ca8c0ca7f,02341,Dublin city and suburbs,Dublin
4c07d11e-30c9-851d-e053-ca3ca8c0ca7f,02341,Dublin city and suburbs,Dublin
4c07d11e-30ca-851d-e053-ca3ca8c0ca7f,02341,Dublin city and suburbs,Dublin
4c07d11e-30cb-851d-e053-ca3ca8c0ca7f,02341,Dublin city and suburbs,Dublin
4c07d11e-30cc-851d-e053-ca3ca8c0ca7f,02341,Dublin city and suburbs,Dublin
4c07d11e-30cd-851d-e053-ca3ca8c0ca7f,02341,Dublin city and suburbs,Dublin
4c07d11e-30ce-851d-e053-ca3ca8c0ca7f,02341,Dublin city and suburbs,Dublin
4c07d11e-30cf-851d-e053-ca3ca8c0ca7f,02341,Dublin city and suburbs,Dublin
4c07d11e-30d0-851d-e053-ca3ca8c0ca7f,02341,Dublin city and suburbs,Dublin
4c07d11e-30d1-851d-e053-ca3ca8c0ca7f,02341,Dublin city and suburbs,Dublin
4c07d11e-30d2-851d-e053-ca3ca8c0ca7f,02341,Dublin city and suburbs,Dublin
4c07d11e-30d3-851d-e053-ca3ca8c0ca7f,02341,Dublin city and suburbs,Dublin
4c07d11e-30d4-851d-e053-ca3ca8c0ca7f,02341,Dublin city and suburbs,Dublin
4c07d11e-30d5-851d-e053-ca3ca8c0ca7f,02341,Dublin city and suburbs,Dublin
4c07d11e-30d6-851d-e053-ca3ca8c0ca7f,02341,Dublin city and suburbs,Dublin
4c07d11e-30d7-851d-e053-ca3ca8c0ca7f,02341,Dublin city and suburbs,Dublin
4c07d11e-30d8-851d-e053-ca3ca8c0ca7f,02341,Dublin city and suburbs,Dublin
4c07d11e-30d9-851d-e053-ca3ca8c0ca7f,02341,Dublin city and suburbs,Dublin
4c07d11e-30da-851d-e053-ca3ca8c0ca7f,02341,Dublin city and suburbs,Dublin
4c07d11e-30db-851d-e053-ca3ca8c0ca7f,02341,Dublin city and suburbs,Dublin
4c07d11e-30dc-851d-e053-ca3ca8c0ca7f,02341,Dublin city and suburbs,Dublin
4c07d11e-30dd-851d-e053-ca3ca8c0ca7f,02341,Dublin city and suburbs,Dublin
4c07d11e-30de-851d-e053-ca3ca8c0ca7f,02341,Dublin city and suburbs,Dublin
4c07d11e-30df-851d-e053-ca3ca8c0ca7f,02341,Dublin city and suburbs,Dublin
4c07d11e-30e0-851d-e053-ca3ca8c0ca7f,02341,Dublin city and suburbs,Dublin
4c07d11e-30e1-851d-e053-ca3ca8c0ca7f,02341,Dublin city and suburbs,Dublin
4c07d11e-30e2-851d-e053-ca3ca8c0ca7f,02341,Dublin city and suburbs,Dublin
4c07d11e-30e3-851d-e053-ca3ca8c0ca7f,02341,Dublin city and suburbs,Dublin
4c07d11e-30e4-851d-e053-ca3ca8c0ca7f,02341,Dublin city and suburbs,Dublin
4c07d11e-30e5-851d-e053-ca3ca8c0ca7f,02341,Dublin city and suburbs,Dublin
4c07d11e-30e6-851d-e053-ca3ca8c0ca7f,02341,Dublin city and suburbs,Dublin
4c07d11e-30e7-851d-e053-ca3ca8c0ca7f,02341,Dublin city and suburbs,Dublin
4c07d11e-30e8-851d-e053-ca3ca8c0ca7f,02341,Dublin city and suburbs,Dublin
4c07d11e-30e9-851d-e053-ca3ca8c0ca7f,02341,Dublin city and suburbs,Dublin
4c07d11e-30ea-851d-e053-ca3ca8c0ca7f,02341,Dublin city and suburbs,Dublin
4c07d11e-30eb-851d-e053-ca3ca8c0ca7f,02341,Dublin city and suburbs,Dublin
4c07d11e-30ec-851d-e053-ca3ca8c0ca7f,02341,Dublin city and suburbs,Dublin
4c07d11e-30ed-851d-e053-ca3ca8c0ca7f,02341,Dublin city and suburbs,Dublin
4c07d11e-30ee-851d-e053-ca3ca8c0ca7f,02341,Dublin city and suburbs,Dublin
4c07d11e-30ef-851d-e053-ca3ca8c0ca7f,02341,Dublin city and suburbs,Dublin
4c07d11e-30f0-851d-e053-ca3ca8c0ca7f,02341,Dublin city and suburbs,Dublin
4c07d11e-30f1-851d-e053-ca3ca8c0ca7f,02341,Dublin city and suburbs,Dublin
4c07d11e-30f2-851d-e053-ca3ca8c0ca7f,02341,Dublin city and suburbs,Dublin
4c07d11e-30f3-851d-e053-ca3ca8c0ca7f,02341,Dublin city and suburbs,Dublin
4c07d11e-30f4-851d-e053-ca3ca8c0ca7f,02341,Dublin city and suburbs,Dublin
4c07d11e-30f5-851d-e053-ca3ca8c0ca7f,02341,Dublin city and suburbs,Dublin
4c07d11e-30f6-851d-e053-ca3ca8c0ca7f,02341,Dublin city and suburbs,Dublin
4c07d11e-30f7-851d-e053-ca3ca8c0ca7f,02341,Dublin city and suburbs,Dublin
4c07d11e-30f8-851d-e053-ca3ca8c0ca7f,02341,Dublin city and suburbs,Dublin
4c07d11e-30f9-851d-e053-ca3ca8c0ca7f,02341,Dublin city and suburbs,Dublin
4c07d11e-30fa-851d-e053-ca3ca8c0ca7f,15376,Bray,Wicklow
4c07d11e-30fb-851d-e053-ca3ca8c0ca7f,02341,Dublin city and suburbs,Dublin
4c07d11e-30fc-851d-e053-ca3ca8c0ca7f,02341,Dublin city and suburbs,Dublin
4c07d11e-30fd-851d-e053-ca3ca8c0ca7f,02341,Dublin city and suburbs,Dublin
4c07d11e-30fe-851d-e053-ca3ca8c0ca7f,02341,Dublin city and suburbs,Dublin
4c07d11e-30ff-851d-e053-ca3ca8c0ca7f,02341,Dublin city and suburbs,Dublin
4c07d11e-3100-851d-e053-ca3ca8c0ca7f,02341,Dublin city and suburbs,Dublin
4c07d11e-3101-851d-e053-ca3ca8c0ca7f,02341,Dublin city and suburbs,Dublin
4c07d11e-3102-851d-e053-ca3ca8c0ca7f,02341,Dublin city and suburbs,Dublin
4c07d11e-3103-851d-e053-ca3ca8c0ca7f,02341,Dublin city and suburbs,Dublin
4c07d11e-3104-851d-e053-ca3ca8c0ca7f,02341,Dublin city and suburbs,Dublin
4c07d11e-3105-851d-e053-ca3ca8c0ca7f,02341,Dublin city and suburbs,Dublin
4c07d11e-3106-851d-e053-ca3ca8c0ca7f,02341,Dublin city and suburbs,Dublin
4c07d11e-3107-851d-e053-ca3ca8c0ca7f,15376,Bray,Wicklow
4c07d11e-3108-851d-e053-ca3ca8c0ca7f,02341,Dublin city and suburbs,Dublin
4c07d11e-3109-851d-e053-ca3ca8c0ca7f,02341,Dublin city and suburbs,Dublin
4c07d11e-310a-851d-e053-ca3ca8c0ca7f,02341,Dublin city and suburbs,Dublin
4c07d11e-310b-851d-e053-ca3ca8c0ca7f,02341,Dublin city and suburbs,Dublin
4c07d11e-310c-851d-e053-ca3ca8c0ca7f,02341,Dublin city and suburbs,Dublin
4c07d11e-310d-851d-e053-ca3ca8c0ca7f,02341,Dublin city and suburbs,Dublin
4c07d11e-310e-851d-e053-ca3ca8c0ca7f,02341,Dublin city and suburbs,Dublin
4c07d11e-310f-851d-e053-ca3ca8c0ca7f,02341,Dublin city and suburbs,Dublin
4c07d11e-3110-851d-e053-ca3ca8c0ca7f,02341,Dublin city and suburbs,Dublin
4c07d11e-3111-851d-e053-ca3ca8c0ca7f,02341,Dublin city and suburbs,Dublin
4c07d11e-3112-851d-e053-ca3ca8c0ca7f,02341,Dublin city and suburbs,Dublin
4c07d11e-3113-851d-e053-ca3ca8c0ca7f,02341,Dublin city and suburbs,Dublin
4c07d11e-3114-851d-e053-ca3ca8c0ca7f,02341,Dublin city and suburbs,Dublin
4c07d11e-3115-851d-e053-ca3ca8c0ca7f,02341,Dublin city and suburbs,Dublin
4c07d11e-3116-851d-e053-ca3ca8c0ca7f,02341,Dublin city and suburbs,Dublin
4c07d11e-3117-851d-e053-ca3ca8c0ca7f,02341,Dublin city and suburbs,Dublin
4c07d11e-3118-851d-e053-ca3ca8c0ca7f,02341,Dublin city and suburbs,Dublin
4c07d11e-3119-851d-e053-ca3ca8c0ca7f,02341,Dublin city and suburbs,Dublin
4c07d11e-311a-851d-e053-ca3ca8c0ca7f,02341,Dublin city and suburbs,Dublin
4c07d11e-311b-851d-e053-ca3ca8c0ca7f,02341,Dublin city and suburbs,Dublin
4c07d11e-311c-851d-e053-ca3ca8c0ca7f,02341,Dublin city and suburbs,Dublin
4c07d11e-311d-851d-e053-ca3ca8c0ca7f,02341,Dublin city and suburbs,Dublin
4c07d11e-311e-851d-e053-ca3ca8c0ca7f,02341,Dublin city and suburbs,Dublin
4c07d11e-311f-851d-e053-ca3ca8c0ca7f,02341,Dublin city and suburbs,Dublin
4c07d11e-3120-851d-e053-ca3ca8c0ca7f,02341,Dublin city and suburbs,Dublin
4c07d11e-3121-851d-e053-ca3ca8c0ca7f,02341,Dublin city and suburbs,Dublin
4c07d11e-3122-851d-e053-ca3ca8c0ca7f,02341,Dublin city and suburbs,Dublin
4c07d11e-3123-851d-e053-ca3ca8c0ca7f,02341,Dublin city and suburbs,Dublin
4c07d11e-3124-851d-e053-ca3ca8c0ca7f,02341,Dublin city and suburbs,Dublin
4c07d11e-3125-851d-e053-ca3ca8c0ca7f,02341,Dublin city and suburbs,Dublin
4c07d11e-3126-851d-e053-ca3ca8c0ca7f,02341,Dublin city and suburbs,Dublin
4c07d11e-3127-851d-e053-ca3ca8c0ca7f,02341,Dublin city and suburbs,Dublin
4c07d11e-3128-851d-e053-ca3ca8c0ca7f,02341,Dublin city and suburbs,Dublin
4c07d11e-3129-851d-e053-ca3ca8c0ca7f,02341,Dublin city and suburbs,Dublin
4c07d11e-312a-851d-e053-ca3ca8c0ca7f,02341,Dublin city and suburbs,Dublin
4c07d11e-312b-851d-e053-ca3ca8c0ca7f,02341,Dublin city and suburbs,Dublin
4c07d11e-312c-851d-e053-ca3ca8c0ca7f,02341,Dublin city and suburbs,Dublin
4c07d11e-312d-851d-e053-ca3ca8c0ca7f,02341,Dublin city and suburbs,Dublin
4c07d11e-312e-851d-e053-ca3ca8c0ca7f,02341,Dublin city and suburbs,Dublin
4c07d11e-312f-851d-e053-ca3ca8c0ca7f,02341,Dublin city and suburbs,Dublin
4c07d11e-3130-851d-e053-ca3ca8c0ca7f,02341,Dublin city and suburbs,Dublin
4c07d11e-3131-851d-e053-ca3ca8c0ca7f,02341,Dublin city and suburbs,Dublin
4c07d11e-3132-851d-e053-ca3ca8c0ca7f,02341,Dublin city and suburbs,Dublin
4c07d11e-3133-851d-e053-ca3ca8c0ca7f,02341,Dublin city and suburbs,Dublin
4c07d11e-3134-851d-e053-ca3ca8c0ca7f,02341,Dublin city and suburbs,Dublin
4c07d11e-3135-851d-e053-ca3ca8c0ca7f,02341,Dublin city and suburbs,Dublin
4c07d11e-3136-851d-e053-ca3ca8c0ca7f,02341,Dublin city and suburbs,Dublin
4c07d11e-3137-851d-e053-ca3ca8c0ca7f,02341,Dublin city and suburbs,Dublin
4c07d11e-3138-851d-e053-ca3ca8c0ca7f,02341,Dublin city and suburbs,Dublin
4c07d11e-3139-851d-e053-ca3ca8c0ca7f,02341,Dublin city and suburbs,Dublin
4c07d11e-313a-851d-e053-ca3ca8c0ca7f,02341,Dublin city and suburbs,Dublin
4c07d11e-313b-851d-e053-ca3ca8c0ca7f,02341,Dublin city and suburbs,Dublin
4c07d11e-313c-851d-e053-ca3ca8c0ca7f,02341,Dublin city and suburbs,Dublin
4c07d11e-313d-851d-e053-ca3ca8c0ca7f,02341,Dublin city and suburbs,Dublin
4c07d11e-313e-851d-e053-ca3ca8c0ca7f,02341,Dublin city and suburbs,Dublin
4c07d11e-313f-851d-e053-ca3ca8c0ca7f,02341,Dublin city and suburbs,Dublin
4c07d11e-3140-851d-e053-ca3ca8c0ca7f,02341,Dublin city and suburbs,Dublin
4c07d11e-3141-851d-e053-ca3ca8c0ca7f,02341,Dublin city and suburbs,Dublin
4c07d11e-3142-851d-e053-ca3ca8c0ca7f,02341,Dublin city and suburbs,Dublin
4c07d11e-3143-851d-e053-ca3ca8c0ca7f,02341,Dublin city and suburbs,Dublin
4c07d11e-3144-851d-e053-ca3ca8c0ca7f,02341,Dublin city and suburbs,Dublin
4c07d11e-3145-851d-e053-ca3ca8c0ca7f,02341,Dublin city and suburbs,Dublin
4c07d11e-3146-851d-e053-ca3ca8c0ca7f,02341,Dublin city and suburbs,Dublin
4c07d11e-3147-851d-e053-ca3ca8c0ca7f,02341,Dublin city and suburbs,Dublin
4c07d11e-3148-851d-e053-ca3ca8c0ca7f,02341,Dublin city and suburbs,Dublin
4c07d11e-3149-851d-e053-ca3ca8c0ca7f,02341,Dublin city and suburbs,Dublin
4c07d11e-314a-851d-e053-ca3ca8c0ca7f,02341,Dublin city and suburbs,Dublin
4c07d11e-314b-851d-e053-ca3ca8c0ca7f,02341,Dublin city and suburbs,Dublin
4c07d11e-314c-851d-e053-ca3ca8c0ca7f,02341,Dublin city and suburbs,Dublin
4c07d11e-314d-851d-e053-ca3ca8c0ca7f,02341,Dublin city and suburbs,Dublin
4c07d11e-314e-851d-e053-ca3ca8c0ca7f,02341,Dublin city and suburbs,Dublin
4c07d11e-314f-851d-e053-ca3ca8c0ca7f,02341,Dublin city and suburbs,Dublin
4c07d11e-3150-851d-e053-ca3ca8c0ca7f,02341,Dublin city and suburbs,Dublin
4c07d11e-3151-851d-e053-ca3ca8c0ca7f,02341,Dublin city and suburbs,Dublin
4c07d11e-3152-851d-e053-ca3ca8c0ca7f,02341,Dublin city and suburbs,Dublin
4c07d11e-3153-851d-e053-ca3ca8c0ca7f,02341,Dublin city and suburbs,Dublin
4c07d11e-3154-851d-e053-ca3ca8c0ca7f,02341,Dublin city and suburbs,Dublin
4c07d11e-3155-851d-e053-ca3ca8c0ca7f,02341,Dublin city and suburbs,Dublin
4c07d11e-3156-851d-e053-ca3ca8c0ca7f,02341,Dublin city and suburbs,Dublin
4c07d11e-3157-851d-e053-ca3ca8c0ca7f,02341,Dublin city and suburbs,Dublin
4c07d11e-3158-851d-e053-ca3ca8c0ca7f,02341,Dublin city and suburbs,Dublin
4c07d11e-3159-851d-e053-ca3ca8c0ca7f,02341,Dublin city and suburbs,Dublin
4c07d11e-315a-851d-e053-ca3ca8c0ca7f,02341,Dublin city and suburbs,Dublin
4c07d11e-315b-851d-e053-ca3ca8c0ca7f,02341,Dublin city and suburbs,Dublin
4c07d11e-315c-851d-e053-ca3ca8c0ca7f,02341,Dublin city and suburbs,Dublin
4c07d11e-315d-851d-e053-ca3ca8c0ca7f,02341,Dublin city and suburbs,Dublin
4c07d11e-315e-851d-e053-ca3ca8c0ca7f,02341,Dublin city and suburbs,Dublin
4c07d11e-315f-851d-e053-ca3ca8c0ca7f,02341,Dublin city and suburbs,Dublin
4c07d11e-3160-851d-e053-ca3ca8c0ca7f,02341,Dublin city and suburbs,Dublin
4c07d11e-3161-851d-e053-ca3ca8c0ca7f,02341,Dublin city and suburbs,Dublin
4c07d11e-3162-851d-e053-ca3ca8c0ca7f,02341,Dublin city and suburbs,Dublin
4c07d11e-3163-851d-e053-ca3ca8c0ca7f,02341,Dublin city and suburbs,Dublin
4c07d11e-3164-851d-e053-ca3ca8c0ca7f,02341,Dublin city and suburbs,Dublin
4c07d11e-3165-851d-e053-ca3ca8c0ca7f,02341,Dublin city and suburbs,Dublin
4c07d11e-3166-851d-e053-ca3ca8c0ca7f,02341,Dublin city and suburbs,Dublin
4c07d11e-3167-851d-e053-ca3ca8c0ca7f,02341,Dublin city and suburbs,Dublin
4c07d11e-3168-851d-e053-ca3ca8c0ca7f,02341,Dublin city and suburbs,Dublin
4c07d11e-3169-851d-e053-ca3ca8c0ca7f,02341,Dublin city and suburbs,Dublin
4c07d11e-316a-851d-e053-ca3ca8c0ca7f,02341,Dublin city and suburbs,Dublin
4c07d11e-316b-851d-e053-ca3ca8c0ca7f,02341,Dublin city and suburbs,Dublin
4c07d11e-316c-851d-e053-ca3ca8c0ca7f,02341,Dublin city and suburbs,Dublin
4c07d11e-316d-851d-e053-ca3ca8c0ca7f,02341,Dublin city and suburbs,Dublin
4c07d11e-316e-851d-e053-ca3ca8c0ca7f,02341,Dublin city and suburbs,Dublin
4c07d11e-316f-851d-e053-ca3ca8c0ca7f,02341,Dublin city and suburbs,Dublin
4c07d11e-3170-851d-e053-ca3ca8c0ca7f,02341,Dublin city and suburbs,Dublin
4c07d11e-3171-851d-e053-ca3ca8c0ca7f,02341,Dublin city and suburbs,Dublin
4c07d11e-3172-851d-e053-ca3ca8c0ca7f,02341,Dublin city and suburbs,Dublin
4c07d11e-3173-851d-e053-ca3ca8c0ca7f,02341,Dublin city and suburbs,Dublin
4c07d11e-3174-851d-e053-ca3ca8c0ca7f,02341,Dublin city and suburbs,Dublin
4c07d11e-3175-851d-e053-ca3ca8c0ca7f,02341,Dublin city and suburbs,Dublin
4c07d11e-3176-851d-e053-ca3ca8c0ca7f,02341,Dublin city and suburbs,Dublin
4c07d11e-3177-851d-e053-ca3ca8c0ca7f,02341,Dublin city and suburbs,Dublin
4c07d11e-3178-851d-e053-ca3ca8c0ca7f,02341,Dublin city and suburbs,Dublin
4c07d11e-3179-851d-e053-ca3ca8c0ca7f,02341,Dublin city and suburbs,Dublin
4c07d11e-317a-851d-e053-ca3ca8c0ca7f,02341,Dublin city and suburbs,Dublin
4c07d11e-317b-851d-e053-ca3ca8c0ca7f,02341,Dublin city and suburbs,Dublin
4c07d11e-317c-851d-e053-ca3ca8c0ca7f,02341,Dublin city and suburbs,Dublin
4c07d11e-317d-851d-e053-ca3ca8c0ca7f,02341,Dublin city and suburbs,Dublin
4c07d11e-317e-851d-e053-ca3ca8c0ca7f,02341,Dublin city and suburbs,Dublin
4c07d11e-317f-851d-e053-ca3ca8c0ca7f,02341,Dublin city and suburbs,Dublin
4c07d11e-3180-851d-e053-ca3ca8c0ca7f,02341,Dublin city and suburbs,Dublin
4c07d11e-3181-851d-e053-ca3ca8c0ca7f,02341,Dublin city and suburbs,Dublin
4c07d11e-3182-851d-e053-ca3ca8c0ca7f,02341,Dublin city and suburbs,Dublin
4c07d11e-3183-851d-e053-ca3ca8c0ca7f,02341,Dublin city and suburbs,Dublin
4c07d11e-3184-851d-e053-ca3ca8c0ca7f,02341,Dublin city and suburbs,Dublin
4c07d11e-3185-851d-e053-ca3ca8c0ca7f,02341,Dublin city and suburbs,Dublin
4c07d11e-3186-851d-e053-ca3ca8c0ca7f,02341,Dublin city and suburbs,Dublin
4c07d11e-3187-851d-e053-ca3ca8c0ca7f,02341,Dublin city and suburbs,Dublin
4c07d11e-3188-851d-e053-ca3ca8c0ca7f,02341,Dublin city and suburbs,Dublin
4c07d11e-3189-851d-e053-ca3ca8c0ca7f,02341,Dublin city and suburbs,Dublin
4c07d11e-318a-851d-e053-ca3ca8c0ca7f,02341,Dublin city and suburbs,Dublin
4c07d11e-318b-851d-e053-ca3ca8c0ca7f,02341,Dublin city and suburbs,Dublin
4c07d11e-318c-851d-e053-ca3ca8c0ca7f,02341,Dublin city and suburbs,Dublin
4c07d11e-318d-851d-e053-ca3ca8c0ca7f,02341,Dublin city and suburbs,Dublin
4c07d11e-318e-851d-e053-ca3ca8c0ca7f,02341,Dublin city and suburbs,Dublin
4c07d11e-318f-851d-e053-ca3ca8c0ca7f,02341,Dublin city and suburbs,Dublin
4c07d11e-3190-851d-e053-ca3ca8c0ca7f,02341,Dublin city and suburbs,Dublin
4c07d11e-3191-851d-e053-ca3ca8c0ca7f,02341,Dublin city and suburbs,Dublin
4c07d11e-3192-851d-e053-ca3ca8c0ca7f,02341,Dublin city and suburbs,Dublin
4c07d11e-3193-851d-e053-ca3ca8c0ca7f,02341,Dublin city and suburbs,Dublin
4c07d11e-3194-851d-e053-ca3ca8c0ca7f,02341,Dublin city and suburbs,Dublin
4c07d11e-3195-851d-e053-ca3ca8c0ca7f,02341,Dublin city and suburbs,Dublin
4c07d11e-3196-851d-e053-ca3ca8c0ca7f,02341,Dublin city and suburbs,Dublin
4c07d11e-3197-851d-e053-ca3ca8c0ca7f,02341,Dublin city and suburbs,Dublin
4c07d11e-3198-851d-e053-ca3ca8c0ca7f,02341,Dublin city and suburbs,Dublin
4c07d11e-3199-851d-e053-ca3ca8c0ca7f,02341,Dublin city and suburbs,Dublin
4c07d11e-319a-851d-e053-ca3ca8c0ca7f,02341,Dublin city and suburbs,Dublin
4c07d11e-319b-851d-e053-ca3ca8c0ca7f,02341,Dublin city and suburbs,Dublin
4c07d11e-319c-851d-e053-ca3ca8c0ca7f,02341,Dublin city and suburbs,Dublin
4c07d11e-319d-851d-e053-ca3ca8c0ca7f,02341,Dublin city and suburbs,Dublin
4c07d11e-319e-851d-e053-ca3ca8c0ca7f,02341,Dublin city and suburbs,Dublin
4c07d11e-319f-851d-e053-ca3ca8c0ca7f,02341,Dublin city and suburbs,Dublin
4c07d11e-31a0-851d-e053-ca3ca8c0ca7f,02341,Dublin city and suburbs,Dublin
4c07d11e-31a1-851d-e053-ca3ca8c0ca7f,02341,Dublin city and suburbs,Dublin
4c07d11e-31a2-851d-e053-ca3ca8c0ca7f,02341,Dublin city and suburbs,Dublin
4c07d11e-31a3-851d-e053-ca3ca8c0ca7f,02341,Dublin city and suburbs,Dublin
4c07d11e-31a4-851d-e053-ca3ca8c0ca7f,02341,Dublin city and suburbs,Dublin
4c07d11e-31a5-851d-e053-ca3ca8c0ca7f,02341,Dublin city and suburbs,Dublin
4c07d11e-31a6-851d-e053-ca3ca8c0ca7f,02341,Dublin city and suburbs,Dublin
4c07d11e-31a7-851d-e053-ca3ca8c0ca7f,02341,Dublin city and suburbs,Dublin
4c07d11e-31a8-851d-e053-ca3ca8c0ca7f,02341,Dublin city and suburbs,Dublin
4c07d11e-31a9-851d-e053-ca3ca8c0ca7f,02341,Dublin city and suburbs,Dublin
4c07d11e-31aa-851d-e053-ca3ca8c0ca7f,02341,Dublin city and suburbs,Dublin
4c07d11e-31ab-851d-e053-ca3ca8c0ca7f,02341,Dublin city and suburbs,Dublin
4c07d11e-31ac-851d-e053-ca3ca8c0ca7f,02341,Dublin city and suburbs,Dublin
4c07d11e-31ad-851d-e053-ca3ca8c0ca7f,02341,Dublin city and suburbs,Dublin
4c07d11e-31ae-851d-e053-ca3ca8c0ca7f,02341,Dublin city and suburbs,Dublin
4c07d11e-31af-851d-e053-ca3ca8c0ca7f,02341,Dublin city and suburbs,Dublin
4c07d11e-31b0-851d-e053-ca3ca8c0ca7f,02341,Dublin city and suburbs,Dublin
4c07d11e-31b1-851d-e053-ca3ca8c0ca7f,02341,Dublin city and suburbs,Dublin
4c07d11e-31b2-851d-e053-ca3ca8c0ca7f,02341,Dublin city and suburbs,Dublin
4c07d11e-31b3-851d-e053-ca3ca8c0ca7f,02341,Dublin city and suburbs,Dublin
4c07d11e-31b4-851d-e053-ca3ca8c0ca7f,02341,Dublin city and suburbs,Dublin
4c07d11e-31b5-851d-e053-ca3ca8c0ca7f,02341,Dublin city and suburbs,Dublin
4c07d11e-31b6-851d-e053-ca3ca8c0ca7f,02341,Dublin city and suburbs,Dublin
4c07d11e-31b7-851d-e053-ca3ca8c0ca7f,02341,Dublin city and suburbs,Dublin
4c07d11e-31b8-851d-e053-ca3ca8c0ca7f,02341,Dublin city and suburbs,Dublin
4c07d11e-31b9-851d-e053-ca3ca8c0ca7f,02341,Dublin city and suburbs,Dublin
4c07d11e-31ba-851d-e053-ca3ca8c0ca7f,02341,Dublin city and suburbs,Dublin
4c07d11e-31bb-851d-e053-ca3ca8c0ca7f,02341,Dublin city and suburbs,Dublin
4c07d11e-31bc-851d-e053-ca3ca8c0ca7f,02341,Dublin city and suburbs,Dublin
4c07d11e-31bd-851d-e053-ca3ca8c0ca7f,02341,Dublin city and suburbs,Dublin
4c07d11e-31be-851d-e053-ca3ca8c0ca7f,02341,Dublin city and suburbs,Dublin
4c07d11e-31bf-851d-e053-ca3ca8c0ca7f,02341,Dublin city and suburbs,Dublin
4c07d11e-31c0-851d-e053-ca3ca8c0ca7f,02341,Dublin city and suburbs,Dublin
4c07d11e-31c1-851d-e053-ca3ca8c0ca7f,02341,Dublin city and suburbs,Dublin
4c07d11e-31c2-851d-e053-ca3ca8c0ca7f,02341,Dublin city and suburbs,Dublin
4c07d11e-31c3-851d-e053-ca3ca8c0ca7f,02341,Dublin city and suburbs,Dublin
4c07d11e-31c4-851d-e053-ca3ca8c0ca7f,02341,Dublin city and suburbs,Dublin
4c07d11e-31c5-851d-e053-ca3ca8c0ca7f,02341,Dublin city and suburbs,Dublin
4c07d11e-31c6-851d-e053-ca3ca8c0ca7f,02341,Dublin city and suburbs,Dublin
4c07d11e-31c7-851d-e053-ca3ca8c0ca7f,02341,Dublin city and suburbs,Dublin
4c07d11e-31c8-851d-e053-ca3ca8c0ca7f,02341,Dublin city and suburbs,Dublin
4c07d11e-31c9-851d-e053-ca3ca8c0ca7f,02341,Dublin city and suburbs,Dublin
4c07d11e-31ca-851d-e053-ca3ca8c0ca7f,02341,Dublin city and suburbs,Dublin
4c07d11e-31cb-851d-e053-ca3ca8c0ca7f,02341,Dublin city and suburbs,Dublin
4c07d11e-31cc-851d-e053-ca3ca8c0ca7f,02341,Dublin city and suburbs,Dublin
4c07d11e-31cd-851d-e053-ca3ca8c0ca7f,02341,Dublin city and suburbs,Dublin
4c07d11e-31ce-851d-e053-ca3ca8c0ca7f,02341,Dublin city and suburbs,Dublin
4c07d11e-31cf-851d-e053-ca3ca8c0ca7f,02341,Dublin city and suburbs,Dublin
4c07d11e-31d0-851d-e053-ca3ca8c0ca7f,02341,Dublin city and suburbs,Dublin
4c07d11e-31d1-851d-e053-ca3ca8c0ca7f,02341,Dublin city and suburbs,Dublin
4c07d11e-31d2-851d-e053-ca3ca8c0ca7f,02341,Dublin city and suburbs,Dublin
4c07d11e-31d3-851d-e053-ca3ca8c0ca7f,02341,Dublin city and suburbs,Dublin
4c07d11e-31d4-851d-e053-ca3ca8c0ca7f,02341,Dublin city and suburbs,Dublin
4c07d11e-31d5-851d-e053-ca3ca8c0ca7f,02341,Dublin city and suburbs,Dublin
4c07d11e-31d6-851d-e053-ca3ca8c0ca7f,02341,Dublin city and suburbs,Dublin
4c07d11e-31d7-851d-e053-ca3ca8c0ca7f,02341,Dublin city and suburbs,Dublin
4c07d11e-31d8-851d-e053-ca3ca8c0ca7f,02341,Dublin city and suburbs,Dublin
4c07d11e-31d9-851d-e053-ca3ca8c0ca7f,02341,Dublin city and suburbs,Dublin
4c07d11e-31da-851d-e053-ca3ca8c0ca7f,02341,Dublin city and suburbs,Dublin
4c07d11e-31db-851d-e053-ca3ca8c0ca7f,02341,Dublin city and suburbs,Dublin
4c07d11e-31dc-851d-e053-ca3ca8c0ca7f,02341,Dublin city and suburbs,Dublin
4c07d11e-31dd-851d-e053-ca3ca8c0ca7f,02341,Dublin city and suburbs,Dublin
4c07d11e-31de-851d-e053-ca3ca8c0ca7f,02341,Dublin city and suburbs,Dublin
4c07d11e-31df-851d-e053-ca3ca8c0ca7f,02341,Dublin city and suburbs,Dublin
4c07d11e-31e0-851d-e053-ca3ca8c0ca7f,02341,Dublin city and suburbs,Dublin
4c07d11e-31e1-851d-e053-ca3ca8c0ca7f,02341,Dublin city and suburbs,Dublin
4c07d11e-31e2-851d-e053-ca3ca8c0ca7f,02341,Dublin city and suburbs,Dublin
4c07d11e-31e3-851d-e053-ca3ca8c0ca7f,02341,Dublin city and suburbs,Dublin
4c07d11e-31e4-851d-e053-ca3ca8c0ca7f,02341,Dublin city and suburbs,Dublin
4c07d11e-31e5-851d-e053-ca3ca8c0ca7f,02341,Dublin city and suburbs,Dublin
4c07d11e-31e6-851d-e053-ca3ca8c0ca7f,02341,Dublin city and suburbs,Dublin
4c07d11e-31e7-851d-e053-ca3ca8c0ca7f,02341,Dublin city and suburbs,Dublin
4c07d11e-31e8-851d-e053-ca3ca8c0ca7f,02341,Dublin city and suburbs,Dublin
4c07d11e-31e9-851d-e053-ca3ca8c0ca7f,02341,Dublin city and suburbs,Dublin
4c07d11e-31ea-851d-e053-ca3ca8c0ca7f,02341,Dublin city and suburbs,Dublin
4c07d11e-31eb-851d-e053-ca3ca8c0ca7f,02341,Dublin city and suburbs,Dublin
4c07d11e-31ec-851d-e053-ca3ca8c0ca7f,02341,Dublin city and suburbs,Dublin
4c07d11e-31ed-851d-e053-ca3ca8c0ca7f,02341,Dublin city and suburbs,Dublin
4c07d11e-31ee-851d-e053-ca3ca8c0ca7f,02341,Dublin city and suburbs,Dublin
4c07d11e-31ef-851d-e053-ca3ca8c0ca7f,02341,Dublin city and suburbs,Dublin
4c07d11e-31f0-851d-e053-ca3ca8c0ca7f,02341,Dublin city and suburbs,Dublin
4c07d11e-31f1-851d-e053-ca3ca8c0ca7f,02341,Dublin city and suburbs,Dublin
4c07d11e-31f2-851d-e053-ca3ca8c0ca7f,02341,Dublin city and suburbs,Dublin
4c07d11e-31f3-851d-e053-ca3ca8c0ca7f,02341,Dublin city and suburbs,Dublin
4c07d11e-31f4-851d-e053-ca3ca8c0ca7f,02341,Dublin city and suburbs,Dublin
4c07d11e-31f5-851d-e053-ca3ca8c0ca7f,02341,Dublin city and suburbs,Dublin
4c07d11e-31f6-851d-e053-ca3ca8c0ca7f,02341,Dublin city and suburbs,Dublin
4c07d11e-31f7-851d-e053-ca3ca8c0ca7f,02341,Dublin city and suburbs,Dublin
4c07d11e-31f8-851d-e053-ca3ca8c0ca7f,02341,Dublin city and suburbs,Dublin
4c07d11e-31f9-851d-e053-ca3ca8c0ca7f,02341,Dublin city and suburbs,Dublin
4c07d11e-31fa-851d-e053-ca3ca8c0ca7f,02341,Dublin city and suburbs,Dublin
4c07d11e-31fb-851d-e053-ca3ca8c0ca7f,02341,Dublin city and suburbs,Dublin
4c07d11e-31fc-851d-e053-ca3ca8c0ca7f,02341,Dublin city and suburbs,Dublin
4c07d11e-31fd-851d-e053-ca3ca8c0ca7f,02341,Dublin city and suburbs,Dublin
4c07d11e-31fe-851d-e053-ca3ca8c0ca7f,02341,Dublin city and suburbs,Dublin
4c07d11e-31ff-851d-e053-ca3ca8c0ca7f,02341,Dublin city and suburbs,Dublin
4c07d11e-3200-851d-e053-ca3ca8c0ca7f,02341,Dublin city and suburbs,Dublin
4c07d11e-3201-851d-e053-ca3ca8c0ca7f,02341,Dublin city and suburbs,Dublin
4c07d11e-3202-851d-e053-ca3ca8c0ca7f,02341,Dublin city and suburbs,Dublin
4c07d11e-3203-851d-e053-ca3ca8c0ca7f,02341,Dublin city and suburbs,Dublin
4c07d11e-3204-851d-e053-ca3ca8c0ca7f,02341,Dublin city and suburbs,Dublin
4c07d11e-3205-851d-e053-ca3ca8c0ca7f,02341,Dublin city and suburbs,Dublin
4c07d11e-3206-851d-e053-ca3ca8c0ca7f,02341,Dublin city and suburbs,Dublin
4c07d11e-3207-851d-e053-ca3ca8c0ca7f,02341,Dublin city and suburbs,Dublin
4c07d11e-3208-851d-e053-ca3ca8c0ca7f,02341,Dublin city and suburbs,Dublin
4c07d11e-3209-851d-e053-ca3ca8c0ca7f,02341,Dublin city and suburbs,Dublin
4c07d11e-320a-851d-e053-ca3ca8c0ca7f,02341,Dublin city and suburbs,Dublin
4c07d11e-320b-851d-e053-ca3ca8c0ca7f,02341,Dublin city and suburbs,Dublin
4c07d11e-320c-851d-e053-ca3ca8c0ca7f,02341,Dublin city and suburbs,Dublin
4c07d11e-320d-851d-e053-ca3ca8c0ca7f,02341,Dublin city and suburbs,Dublin
4c07d11e-320e-851d-e053-ca3ca8c0ca7f,02341,Dublin city and suburbs,Dublin
4c07d11e-320f-851d-e053-ca3ca8c0ca7f,06444,Kilcock,Kildare
4c07d11e-3210-851d-e053-ca3ca8c0ca7f,06444,Kilcock,Kildare
4c07d11e-3211-851d-e053-ca3ca8c0ca7f,06444,Kilcock,Kildare
4c07d11e-3212-851d-e053-ca3ca8c0ca7f,06438,Maynooth,Kildare
4c07d11e-3213-851d-e053-ca3ca8c0ca7f,02341,Dublin city and suburbs,Dublin
4c07d11e-3214-851d-e053-ca3ca8c0ca7f,02341,Dublin city and suburbs,Dublin
4c07d11e-3215-851d-e053-ca3ca8c0ca7f,02341,Dublin city and suburbs,Dublin
4c07d11e-3216-851d-e053-ca3ca8c0ca7f,02341,Dublin city and suburbs,Dublin
4c07d11e-3217-851d-e053-ca3ca8c0ca7f,15373,Newtownmountkennedy,Wicklow
4c07d11e-3218-851d-e053-ca3ca8c0ca7f,15368,Kilcoole,Wicklow
4c07d11e-3219-851d-e053-ca3ca8c0ca7f,15368,Kilcoole,Wicklow
4c07d11e-321a-851d-e053-ca3ca8c0ca7f,15376,Bray,Wicklow
4c07d11e-321b-851d-e053-ca3ca8c0ca7f,15376,Bray,Wicklow
4c07d11e-321c-851d-e053-ca3ca8c0ca7f,02341,Dublin city and suburbs,Dublin
4c07d11e-321d-851d-e053-ca3ca8c0ca7f,02341,Dublin city and suburbs,Dublin
4c07d11e-321e-851d-e053-ca3ca8c0ca7f,02341,Dublin city and suburbs,Dublin
4c07d11e-321f-851d-e053-ca3ca8c0ca7f,03360,Saggart,Dublin
4c07d11e-3220-851d-e053-ca3ca8c0ca7f,02341,Dublin city and suburbs,Dublin
4c07d11e-3221-851d-e053-ca3ca8c0ca7f,02341,Dublin city and suburbs,Dublin
4c07d11e-3222-851d-e053-ca3ca8c0ca7f,02341,Dublin city and suburbs,Dublin
4c07d11e-3223-851d-e053-ca3ca8c0ca7f,02341,Dublin city and suburbs,Dublin
4c07d11e-3224-851d-e053-ca3ca8c0ca7f,15368,Kilcoole,Wicklow
4c07d11e-3225-851d-e053-ca3ca8c0ca7f,15370,Greystones-Delgany,Wicklow
4c07d11e-3226-851d-e053-ca3ca8c0ca7f,15370,Greystones-Delgany,Wicklow
4c07d11e-3227-851d-e053-ca3ca8c0ca7f,15376,Bray,Wicklow
4c07d11e-3228-851d-e053-ca3ca8c0ca7f,15376,Bray,Wicklow
4c07d11e-3229-851d-e053-ca3ca8c0ca7f,15376,Bray,Wicklow
4c07d11e-322a-851d-e053-ca3ca8c0ca7f,15376,Bray,Wicklow
4c07d11e-322b-851d-e053-ca3ca8c0ca7f,02341,Dublin city and suburbs,Dublin
4c07d11e-322c-851d-e053-ca3ca8c0ca7f,02341,Dublin city and suburbs,Dublin
4c07d11e-322d-851d-e053-ca3ca8c0ca7f,02341,Dublin city and suburbs,Dublin
4c07d11e-322e-851d-e053-ca3ca8c0ca7f,02341,Dublin city and suburbs,Dublin
4c07d11e-322f-851d-e053-ca3ca8c0ca7f,02341,Dublin city and suburbs,Dublin
4c07d11e-3230-851d-e053-ca3ca8c0ca7f,06438,Maynooth,Kildare
4c07d11e-3231-851d-e053-ca3ca8c0ca7f,06438,Maynooth,Kildare
4c07d11e-3232-851d-e053-ca3ca8c0ca7f,06438,Maynooth,Kildare
4c07d11e-3233-851d-e053-ca3ca8c0ca7f,15370,Greystones-Delgany,Wicklow
4c07d11e-3234-851d-e053-ca3ca8c0ca7f,15370,Greystones-Delgany,Wicklow
4c07d11e-3235-851d-e053-ca3ca8c0ca7f,15370,Greystones-Delgany,Wicklow
4c07d11e-3236-851d-e053-ca3ca8c0ca7f,15370,Greystones-Delgany,Wicklow
4c07d11e-3237-851d-e053-ca3ca8c0ca7f,15376,Bray,Wicklow
4c07d11e-3238-851d-e053-ca3ca8c0ca7f,15376,Bray,Wicklow
4c07d11e-3239-851d-e053-ca3ca8c0ca7f,02341,Dublin city and suburbs,Dublin
4c07d11e-323a-851d-e053-ca3ca8c0ca7f,02341,Dublin city and suburbs,Dublin
4c07d11e-323b-851d-e053-ca3ca8c0ca7f,02341,Dublin city and suburbs,Dublin
4c07d11e-323c-851d-e053-ca3ca8c0ca7f,02341,Dublin city and suburbs,Dublin
4c07d11e-323d-851d-e053-ca3ca8c0ca7f,02341,Dublin city and suburbs,Dublin
4c07d11e-323e-851d-e053-ca3ca8c0ca7f,06438,Maynooth,Kildare
4c07d11e-323f-851d-e053-ca3ca8c0ca7f,06438,Maynooth,Kildare
4c07d11e-3240-851d-e053-ca3ca8c0ca7f,06438,Maynooth,Kildare
4c07d11e-3241-851d-e053-ca3ca8c0ca7f,06438,Maynooth,Kildare
4c07d11e-3242-851d-e053-ca3ca8c0ca7f,15370,Greystones-Delgany,Wicklow
4c07d11e-3243-851d-e053-ca3ca8c0ca7f,15370,Greystones-Delgany,Wicklow
4c07d11e-3244-851d-e053-ca3ca8c0ca7f,15370,Greystones-Delgany,Wicklow
4c07d11e-3245-851d-e053-ca3ca8c0ca7f,15370,Greystones-Delgany,Wicklow
4c07d11e-3246-851d-e053-ca3ca8c0ca7f,15367,Wicklow,Wicklow
4c07d11e-3247-851d-e053-ca3ca8c0ca7f,15367,Wicklow,Wicklow
4c07d11e-3248-851d-e053-ca3ca8c0ca7f,15367,Wicklow,Wicklow
4c07d11e-3249-851d-e053-ca3ca8c0ca7f,02341,Dublin city and suburbs,Dublin
4c07d11e-324a-851d-e053-ca3ca8c0ca7f,02341,Dublin city and suburbs,Dublin
4c07d11e-324b-851d-e053-ca3ca8c0ca7f,02341,Dublin city and suburbs,Dublin
4c07d11e-324c-851d-e053-ca3ca8c0ca7f,02341,Dublin city and suburbs,Dublin
4c07d11e-324d-851d-e053-ca3ca8c0ca7f,02341,Dublin city and suburbs,Dublin
4c07d11e-324e-851d-e053-ca3ca8c0ca7f,06438,Maynooth,Kildare
4c07d11e-324f-851d-e053-ca3ca8c0ca7f,06436,Celbridge,Kildare
4c07d11e-3250-851d-e053-ca3ca8c0ca7f,06436,Celbridge,Kildare
4c07d11e-3251-851d-e053-ca3ca8c0ca7f,15370,Greystones-Delgany,Wicklow
4c07d11e-3252-851d-e053-ca3ca8c0ca7f,15370,Greystones-Delgany,Wicklow
4c07d11e-3253-851d-e053-ca3ca8c0ca7f,15370,Greystones-Delgany,Wicklow
4c07d11e-3254-851d-e053-ca3ca8c0ca7f,15370,Greystones-Delgany,Wicklow
4c07d11e-3255-851d-e053-ca3ca8c0ca7f,15370,Greystones-Delgany,Wicklow
4c07d11e-3256-851d-e053-ca3ca8c0ca7f,15370,Greystones-Delgany,Wicklow
4c07d11e-3257-851d-e053-ca3ca8c0ca7f,02341,Dublin city and suburbs,Dublin
4c07d11e-3258-851d-e053-ca3ca8c0ca7f,02341,Dublin city and suburbs,Dublin
4c07d11e-3259-851d-e053-ca3ca8c0ca7f,02341,Dublin city and suburbs,Dublin
4c07d11e-325a-851d-e053-ca3ca8c0ca7f,02341,Dublin city and suburbs,Dublin
4c07d11e-325b-851d-e053-ca3ca8c0ca7f,02341,Dublin city and suburbs,Dublin
4c07d11e-325c-851d-e053-ca3ca8c0ca7f,02341,Dublin city and suburbs,Dublin
4c07d11e-325d-851d-e053-ca3ca8c0ca7f,02341,Dublin city and suburbs,Dublin
4c07d11e-325e-851d-e053-ca3ca8c0ca7f,02341,Dublin city and suburbs,Dublin
4c07d11e-325f-851d-e053-ca3ca8c0ca7f,06436,Celbridge,Kildare
4c07d11e-3260-851d-e053-ca3ca8c0ca7f,06433,Leixlip,Kildare
4c07d11e-3261-851d-e053-ca3ca8c0ca7f,06433,Leixlip,Kildare
4c07d11e-3262-851d-e053-ca3ca8c0ca7f,06433,Leixlip,Kildare
4c07d11e-3263-851d-e053-ca3ca8c0ca7f,15370,Greystones-Delgany,Wicklow
4c07d11e-3265-851d-e053-ca3ca8c0ca7f,02341,Dublin city and suburbs,Dublin
4c07d11e-3266-851d-e053-ca3ca8c0ca7f,02341,Dublin city and suburbs,Dublin
4c07d11e-3267-851d-e053-ca3ca8c0ca7f,02341,Dublin city and suburbs,Dublin
4c07d11e-3268-851d-e053-ca3ca8c0ca7f,02341,Dublin city and suburbs,Dublin
4c07d11e-3269-851d-e053-ca3ca8c0ca7f,02341,Dublin city and suburbs,Dublin
4c07d11e-326a-851d-e053-ca3ca8c0ca7f,02341,Dublin city and suburbs,Dublin
4c07d11e-326b-851d-e053-ca3ca8c0ca7f,02341,Dublin city and suburbs,Dublin
4c07d11e-326c-851d-e053-ca3ca8c0ca7f,02341,Dublin city and suburbs,Dublin
4c07d11e-326d-851d-e053-ca3ca8c0ca7f,06433,Leixlip,Kildare
4c07d11e-326e-851d-e053-ca3ca8c0ca7f,06433,Leixlip,Kildare
4c07d11e-326f-851d-e053-ca3ca8c0ca7f,06433,Leixlip,Kildare
4c07d11e-3270-851d-e053-ca3ca8c0ca7f,06433,Leixlip,Kildare
4c07d11e-3271-851d-e053-ca3ca8c0ca7f,15376,Bray,Wicklow
4c07d11e-3272-851d-e053-ca3ca8c0ca7f,15376,Bray,Wicklow
4c07d11e-3273-851d-e053-ca3ca8c0ca7f,15376,Bray,Wicklow
4c07d11e-3274-851d-e053-ca3ca8c0ca7f,02341,Dublin city and suburbs,Dublin
4c07d11e-3275-851d-e053-ca3ca8c0ca7f,02341,Dublin city and suburbs,Dublin
4c07d11e-3276-851d-e053-ca3ca8c0ca7f,02341,Dublin city and suburbs,Dublin
4c07d11e-3277-851d-e053-ca3ca8c0ca7f,02341,Dublin city and suburbs,Dublin
4c07d11e-3278-851d-e053-ca3ca8c0ca7f,02341,Dublin city and suburbs,Dublin
4c07d11e-3279-851d-e053-ca3ca8c0ca7f,02341,Dublin city and suburbs,Dublin
4c07d11e-327a-851d-e053-ca3ca8c0ca7f,02341,Dublin city and suburbs,Dublin
4c07d11e-327b-851d-e053-ca3ca8c0ca7f,06433,Leixlip,Kildare
4c07d11e-327c-851d-e053-ca3ca8c0ca7f,06433,Leixlip,Kildare
4c07d11e-327d-851d-e053-ca3ca8c0ca7f,06433,Leixlip,Kildare
4c07d11e-327e-851d-e053-ca3ca8c0ca7f,06433,Leixlip,Kildare
4c07d11e-327f-851d-e053-ca3ca8c0ca7f,15376,Bray,Wicklow
4c07d11e-3280-851d-e053-ca3ca8c0ca7f,15376,Bray,Wicklow
4c07d11e-3281-851d-e053-ca3ca8c0ca7f,02341,Dublin city and suburbs,Dublin
4c07d11e-3282-851d-e053-ca3ca8c0ca7f,02341,Dublin city and suburbs,Dublin
4c07d11e-3283-851d-e053-ca3ca8c0ca7f,02341,Dublin city and suburbs,Dublin
4c07d11e-3284-851d-e053-ca3ca8c0ca7f,02341,Dublin city and suburbs,Dublin
4c07d11e-3285-851d-e053-ca3ca8c0ca7f,02341,Dublin city and suburbs,Dublin
4c07d11e-3286-851d-e053-ca3ca8c0ca7f,02341,Dublin city and suburbs,Dublin
4c07d11e-3287-851d-e053-ca3ca8c0ca7f,02341,Dublin city and suburbs,Dublin
4c07d11e-3288-851d-e053-ca3ca8c0ca7f,02341,Dublin city and suburbs,Dublin
4c07d11e-3289-851d-e053-ca3ca8c0ca7f,06433,Leixlip,Kildare
4c07d11e-328a-851d-e053-ca3ca8c0ca7f,06433,Leixlip,Kildare
4c07d11e-328b-851d-e053-ca3ca8c0ca7f,06433,Leixlip,Kildare
4c07d11e-328c-851d-e053-ca3ca8c0ca7f,06433,Leixlip,Kildare
4c07d11e-328d-851d-e053-ca3ca8c0ca7f,06438,Maynooth,Kildare
4c07d11e-328e-851d-e053-ca3ca8c0ca7f,15376,Bray,Wicklow
4c07d11e-328f-851d-e053-ca3ca8c0ca7f,15376,Bray,Wicklow
4c07d11e-3290-851d-e053-ca3ca8c0ca7f,15376,Bray,Wicklow
4c07d11e-3291-851d-e053-ca3ca8c0ca7f,02341,Dublin city and suburbs,Dublin
4c07d11e-3292-851d-e053-ca3ca8c0ca7f,02341,Dublin city and suburbs,Dublin
4c07d11e-3293-851d-e053-ca3ca8c0ca7f,02341,Dublin city and suburbs,Dublin
4c07d11e-3294-851d-e053-ca3ca8c0ca7f,02341,Dublin city and suburbs,Dublin
4c07d11e-3295-851d-e053-ca3ca8c0ca7f,02341,Dublin city and suburbs,Dublin
4c07d11e-3296-851d-e053-ca3ca8c0ca7f,02341,Dublin city and suburbs,Dublin
4c07d11e-3297-851d-e053-ca3ca8c0ca7f,02341,Dublin city and suburbs,Dublin
4c07d11e-3298-851d-e053-ca3ca8c0ca7f,02341,Dublin city and suburbs,Dublin
4c07d11e-3299-851d-e053-ca3ca8c0ca7f,02341,Dublin city and suburbs,Dublin
4c07d11e-329a-851d-e053-ca3ca8c0ca7f,02341,Dublin city and suburbs,Dublin
4c07d11e-329b-851d-e053-ca3ca8c0ca7f,02341,Dublin city and suburbs,Dublin
4c07d11e-329c-851d-e053-ca3ca8c0ca7f,02341,Dublin city and suburbs,Dublin
4c07d11e-329d-851d-e053-ca3ca8c0ca7f,02341,Dublin city and suburbs,Dublin
4c07d11e-329e-851d-e053-ca3ca8c0ca7f,02341,Dublin city and suburbs,Dublin
4c07d11e-329f-851d-e053-ca3ca8c0ca7f,06438,Maynooth,Kildare
4c07d11e-32a0-851d-e053-ca3ca8c0ca7f,06438,Maynooth,Kildare
4c07d11e-32a1-851d-e053-ca3ca8c0ca7f,15391,Carnew,Wicklow
4c07d11e-32a2-851d-e053-ca3ca8c0ca7f,14585,Gorey,Wexford
4c07d11e-32a3-851d-e053-ca3ca8c0ca7f,15376,Bray,Wicklow
4c07d11e-32a4-851d-e053-ca3ca8c0ca7f,15376,Bray,Wicklow
4c07d11e-32a5-851d-e053-ca3ca8c0ca7f,15376,Bray,Wicklow
4c07d11e-32a6-851d-e053-ca3ca8c0ca7f,02341,Dublin city and suburbs,Dublin
4c07d11e-32a7-851d-e053-ca3ca8c0ca7f,02341,Dublin city and suburbs,Dublin
4c07d11e-32a8-851d-e053-ca3ca8c0ca7f,02341,Dublin city and suburbs,Dublin
4c07d11e-32a9-851d-e053-ca3ca8c0ca7f,02341,Dublin city and suburbs,Dublin
4c07d11e-32aa-851d-e053-ca3ca8c0ca7f,02341,Dublin city and suburbs,Dublin
4c07d11e-32ab-851d-e053-ca3ca8c0ca7f,02341,Dublin city and suburbs,Dublin
4c07d11e-32ac-851d-e053-ca3ca8c0ca7f,02341,Dublin city and suburbs,Dublin
4c07d11e-32ad-851d-e053-ca3ca8c0ca7f,02341,Dublin city and suburbs,Dublin
4c07d11e-32ae-851d-e053-ca3ca8c0ca7f,02341,Dublin city and suburbs,Dublin
4c07d11e-32af-851d-e053-ca3ca8c0ca7f,02341,Dublin city and suburbs,Dublin
4c07d11e-32b0-851d-e053-ca3ca8c0ca7f,02341,Dublin city and suburbs,Dublin
4c07d11e-32b1-851d-e053-ca3ca8c0ca7f,02341,Dublin city and suburbs,Dublin
4c07d11e-32b2-851d-e053-ca3ca8c0ca7f,02341,Dublin city and suburbs,Dublin
4c07d11e-32b3-851d-e053-ca3ca8c0ca7f,14585,Gorey,Wexford
4c07d11e-32b4-851d-e053-ca3ca8c0ca7f,14585,Gorey,Wexford
4c07d11e-32b5-851d-e053-ca3ca8c0ca7f,14585,Gorey,Wexford
4c07d11e-32b6-851d-e053-ca3ca8c0ca7f,15378,Arklow,Wicklow
4c07d11e-32b7-851d-e053-ca3ca8c0ca7f,15376,Bray,Wicklow
4c07d11e-32b8-851d-e053-ca3ca8c0ca7f,15376,Bray,Wicklow
4c07d11e-32b9-851d-e053-ca3ca8c0ca7f,15376,Bray,Wicklow
4c07d11e-32ba-851d-e053-ca3ca8c0ca7f,02341,Dublin city and suburbs,Dublin
4c07d11e-32bb-851d-e053-ca3ca8c0ca7f,02341,Dublin city and suburbs,Dublin
4c07d11e-32bc-851d-e053-ca3ca8c0ca7f,02341,Dublin city and suburbs,Dublin
4c07d11e-32bd-851d-e053-ca3ca8c0ca7f,02341,Dublin city and suburbs,Dublin
4c07d11e-32be-851d-e053-ca3ca8c0ca7f,02341,Dublin city and suburbs,Dublin
4c07d11e-32bf-851d-e053-ca3ca8c0ca7f,02341,Dublin city and suburbs,Dublin
4c07d11e-32c0-851d-e053-ca3ca8c0ca7f,02341,Dublin city and suburbs,Dublin
4c07d11e-32c1-851d-e053-ca3ca8c0ca7f,02341,Dublin city and suburbs,Dublin
4c07d11e-32c2-851d-e053-ca3ca8c0ca7f,15378,Arklow,Wicklow
4c07d11e-32c3-851d-e053-ca3ca8c0ca7f,15378,Arklow,Wicklow
4c07d11e-32c4-851d-e053-ca3ca8c0ca7f,15378,Arklow,Wicklow
4c07d11e-32c5-851d-e053-ca3ca8c0ca7f,15376,Bray,Wicklow
4c07d11e-32c6-851d-e053-ca3ca8c0ca7f,15376,Bray,Wicklow
4c07d11e-32c7-851d-e053-ca3ca8c0ca7f,15376,Bray,Wicklow
4c07d11e-32c8-851d-e053-ca3ca8c0ca7f,02341,Dublin city and suburbs,Dublin
4c07d11e-32c9-851d-e053-ca3ca8c0ca7f,02341,Dublin city and suburbs,Dublin
4c07d11e-32ca-851d-e053-ca3ca8c0ca7f,02341,Dublin city and suburbs,Dublin
4c07d11e-32cb-851d-e053-ca3ca8c0ca7f,02341,Dublin city and suburbs,Dublin
4c07d11e-32cc-851d-e053-ca3ca8c0ca7f,02341,Dublin city and suburbs,Dublin
4c07d11e-32cd-851d-e053-ca3ca8c0ca7f,02341,Dublin city and suburbs,Dublin
4c07d11e-32ce-851d-e053-ca3ca8c0ca7f,02341,Dublin city and suburbs,Dublin
4c07d11e-32cf-851d-e053-ca3ca8c0ca7f,15378,Arklow,Wicklow
4c07d11e-32d0-851d-e053-ca3ca8c0ca7f,15378,Arklow,Wicklow
4c07d11e-32d1-851d-e053-ca3ca8c0ca7f,15378,Arklow,Wicklow
4c07d11e-32d2-851d-e053-ca3ca8c0ca7f,15376,Bray,Wicklow
4c07d11e-32d3-851d-e053-ca3ca8c0ca7f,15376,Bray,Wicklow
4c07d11e-32d4-851d-e053-ca3ca8c0ca7f,02341,Dublin city and suburbs,Dublin
4c07d11e-32d5-851d-e053-ca3ca8c0ca7f,02341,Dublin city and suburbs,Dublin
4c07d11e-32d6-851d-e053-ca3ca8c0ca7f,02341,Dublin city and suburbs,Dublin
4c07d11e-32d7-851d-e053-ca3ca8c0ca7f,02341,Dublin city and suburbs,Dublin
4c07d11e-32d8-851d-e053-ca3ca8c0ca7f,02341,Dublin city and suburbs,Dublin
4c07d11e-32d9-851d-e053-ca3ca8c0ca7f,02341,Dublin city and suburbs,Dublin
4c07d11e-32da-851d-e053-ca3ca8c0ca7f,02341,Dublin city and suburbs,Dublin
4c07d11e-32db-851d-e053-ca3ca8c0ca7f,02341,Dublin city and suburbs,Dublin
4c07d11e-32dc-851d-e053-ca3ca8c0ca7f,02341,Dublin city and suburbs,Dublin
4c07d11e-32dd-851d-e053-ca3ca8c0ca7f,15378,Arklow,Wicklow
4c07d11e-32de-851d-e053-ca3ca8c0ca7f,15378,Arklow,Wicklow
4c07d11e-32df-851d-e053-ca3ca8c0ca7f,15378,Arklow,Wicklow
4c07d11e-32e0-851d-e053-ca3ca8c0ca7f,15376,Bray,Wicklow
4c07d11e-32e1-851d-e053-ca3ca8c0ca7f,15376,Bray,Wicklow
4c07d11e-32e2-851d-e053-ca3ca8c0ca7f,15376,Bray,Wicklow
4c07d11e-32e3-851d-e053-ca3ca8c0ca7f,02341,Dublin city and suburbs,Dublin
4c07d11e-32e4-851d-e053-ca3ca8c0ca7f,02341,Dublin city and suburbs,Dublin
4c07d11e-32e5-851d-e053-ca3ca8c0ca7f,03362,Rathcoole,Dublin
4c07d11e-32e6-851d-e053-ca3ca8c0ca7f,03362,Rathcoole,Dublin
4c07d11e-32e7-851d-e053-ca3ca8c0ca7f,03360,Saggart,Dublin
4c07d11e-32e8-851d-e053-ca3ca8c0ca7f,02341,Dublin city and suburbs,Dublin
4c07d11e-32e9-851d-e053-ca3ca8c0ca7f,02341,Dublin city and suburbs,Dublin
4c07d11e-32ea-851d-e053-ca3ca8c0ca7f,02341,Dublin city and suburbs,Dublin
4c07d11e-32eb-851d-e053-ca3ca8c0ca7f,02341,Dublin city and suburbs,Dublin
4c07d11e-32ec-851d-e053-ca3ca8c0ca7f,15378,Arklow,Wicklow
4c07d11e-32ed-851d-e053-ca3ca8c0ca7f,15378,Arklow,Wicklow
4c07d11e-32ee-851d-e053-ca3ca8c0ca7f,15378,Arklow,Wicklow
4c07d11e-32ef-851d-e053-ca3ca8c0ca7f,15378,Arklow,Wicklow
4c07d11e-32f0-851d-e053-ca3ca8c0ca7f,15376,Bray,Wicklow
4c07d11e-32f1-851d-e053-ca3ca8c0ca7f,15376,Bray,Wicklow
4c07d11e-32f2-851d-e053-ca3ca8c0ca7f,15376,Bray,Wicklow
4c07d11e-32f3-851d-e053-ca3ca8c0ca7f,03360,Saggart,Dublin
4c07d11e-32f4-851d-e053-ca3ca8c0ca7f,03360,Saggart,Dublin
4c07d11e-32f5-851d-e053-ca3ca8c0ca7f,03363,Newcastle,Dublin
4c07d11e-32f6-851d-e053-ca3ca8c0ca7f,03363,Newcastle,Dublin
4c07d11e-32f7-851d-e053-ca3ca8c0ca7f,03360,Saggart,Dublin
4c07d11e-32f8-851d-e053-ca3ca8c0ca7f,02341,Dublin city and suburbs,Dublin
4c07d11e-32f9-851d-e053-ca3ca8c0ca7f,02341,Dublin city and suburbs,Dublin
4c07d11e-32fa-851d-e053-ca3ca8c0ca7f,02341,Dublin city and suburbs,Dublin
4c07d11e-32fb-851d-e053-ca3ca8c0ca7f,02341,Dublin city and suburbs,Dublin
4c07d11e-32fc-851d-e053-ca3ca8c0ca7f,15384,Rathdrum,Wicklow
4c07d11e-32fd-851d-e053-ca3ca8c0ca7f,15371,Rathnew,Wicklow
4c07d11e-32fe-851d-e053-ca3ca8c0ca7f,15367,Wicklow,Wicklow
4c07d11e-32ff-851d-e053-ca3ca8c0ca7f,15367,Wicklow,Wicklow
4c07d11e-3300-851d-e053-ca3ca8c0ca7f,15376,Bray,Wicklow
4c07d11e-3301-851d-e053-ca3ca8c0ca7f,15376,Bray,Wicklow
4c07d11e-3302-851d-e053-ca3ca8c0ca7f,15376,Bray,Wicklow
4c07d11e-3303-851d-e053-ca3ca8c0ca7f,03360,Saggart,Dublin
4c07d11e-3304-851d-e053-ca3ca8c0ca7f,02341,Dublin city and suburbs,Dublin
4c07d11e-3305-851d-e053-ca3ca8c0ca7f,02341,Dublin city and suburbs,Dublin
4c07d11e-3306-851d-e053-ca3ca8c0ca7f,02341,Dublin city and suburbs,Dublin
4c07d11e-3307-851d-e053-ca3ca8c0ca7f,02341,Dublin city and suburbs,Dublin
4c07d11e-3308-851d-e053-ca3ca8c0ca7f,02341,Dublin city and suburbs,Dublin
4c07d11e-3309-851d-e053-ca3ca8c0ca7f,02341,Dublin city and suburbs,Dublin
4c07d11e-330a-851d-e053-ca3ca8c0ca7f,02341,Dublin city and suburbs,Dublin
4c07d11e-330b-851d-e053-ca3ca8c0ca7f,02341,Dublin city and suburbs,Dublin
4c07d11e-330c-851d-e053-ca3ca8c0ca7f,02341,Dublin city and suburbs,Dublin
4c07d11e-330d-851d-e053-ca3ca8c0ca7f,02341,Dublin city and suburbs,Dublin
4c07d11e-330e-851d-e053-ca3ca8c0ca7f,02341,Dublin city and suburbs,Dublin
4c07d11e-330f-851d-e053-ca3ca8c0ca7f,02341,Dublin city and suburbs,Dublin
4c07d11e-3310-851d-e053-ca3ca8c0ca7f,02341,Dublin city and suburbs,Dublin
4c07d11e-3311-851d-e053-ca3ca8c0ca7f,02341,Dublin city and suburbs,Dublin
4c07d11e-3312-851d-e053-ca3ca8c0ca7f,02341,Dublin city and suburbs,Dublin
4c07d11e-3313-851d-e053-ca3ca8c0ca7f,02341,Dublin city and suburbs,Dublin
4c07d11e-3314-851d-e053-ca3ca8c0ca7f,02341,Dublin city and suburbs,Dublin
4c07d11e-3315-851d-e053-ca3ca8c0ca7f,02341,Dublin city and suburbs,Dublin
4c07d11e-3316-851d-e053-ca3ca8c0ca7f,02341,Dublin city and suburbs,Dublin
4c07d11e-3317-851d-e053-ca3ca8c0ca7f,02341,Dublin city and suburbs,Dublin
4c07d11e-3318-851d-e053-ca3ca8c0ca7f,02341,Dublin city and suburbs,Dublin
4c07d11e-3319-851d-e053-ca3ca8c0ca7f,02341,Dublin city and suburbs,Dublin
4c07d11e-331a-851d-e053-ca3ca8c0ca7f,02341,Dublin city and suburbs,Dublin
4c07d11e-331b-851d-e053-ca3ca8c0ca7f,02341,Dublin city and suburbs,Dublin
4c07d11e-331c-851d-e053-ca3ca8c0ca7f,02341,Dublin city and suburbs,Dublin
4c07d11e-331d-851d-e053-ca3ca8c0ca7f,02341,Dublin city and suburbs,Dublin
4c07d11e-331e-851d-e053-ca3ca8c0ca7f,02341,Dublin city and suburbs,Dublin
4c07d11e-331f-851d-e053-ca3ca8c0ca7f,02341,Dublin city and suburbs,Dublin
4c07d11e-3320-851d-e053-ca3ca8c0ca7f,02341,Dublin city and suburbs,Dublin
4c07d11e-3321-851d-e053-ca3ca8c0ca7f,02341,Dublin city and suburbs,Dublin
4c07d11e-3322-851d-e053-ca3ca8c0ca7f,02341,Dublin city and suburbs,Dublin
4c07d11e-3323-851d-e053-ca3ca8c0ca7f,02341,Dublin city and suburbs,Dublin
4c07d11e-3324-851d-e053-ca3ca8c0ca7f,02341,Dublin city and suburbs,Dublin
4c07d11e-3325-851d-e053-ca3ca8c0ca7f,02341,Dublin city and suburbs,Dublin
4c07d11e-3326-851d-e053-ca3ca8c0ca7f,02341,Dublin city and suburbs,Dublin
4c07d11e-3327-851d-e053-ca3ca8c0ca7f,02341,Dublin city and suburbs,Dublin
4c07d11e-3328-851d-e053-ca3ca8c0ca7f,02341,Dublin city and suburbs,Dublin
4c07d11e-3329-851d-e053-ca3ca8c0ca7f,02341,Dublin city and suburbs,Dublin
4c07d11e-332a-851d-e053-ca3ca8c0ca7f,02341,Dublin city and suburbs,Dublin
4c07d11e-332b-851d-e053-ca3ca8c0ca7f,02341,Dublin city and suburbs,Dublin
4c07d11e-332c-851d-e053-ca3ca8c0ca7f,02341,Dublin city and suburbs,Dublin
4c07d11e-332d-851d-e053-ca3ca8c0ca7f,02341,Dublin city and suburbs,Dublin
4c07d11e-332e-851d-e053-ca3ca8c0ca7f,02341,Dublin city and suburbs,Dublin
4c07d11e-332f-851d-e053-ca3ca8c0ca7f,02341,Dublin city and suburbs,Dublin
4c07d11e-3330-851d-e053-ca3ca8c0ca7f,02341,Dublin city and suburbs,Dublin
4c07d11e-3331-851d-e053-ca3ca8c0ca7f,02341,Dublin city and suburbs,Dublin
4c07d11e-3332-851d-e053-ca3ca8c0ca7f,02341,Dublin city and suburbs,Dublin
4c07d11e-3333-851d-e053-ca3ca8c0ca7f,02341,Dublin city and suburbs,Dublin
4c07d11e-3334-851d-e053-ca3ca8c0ca7f,02341,Dublin city and suburbs,Dublin
4c07d11e-3335-851d-e053-ca3ca8c0ca7f,02341,Dublin city and suburbs,Dublin
4c07d11e-3336-851d-e053-ca3ca8c0ca7f,02341,Dublin city and suburbs,Dublin
4c07d11e-3337-851d-e053-ca3ca8c0ca7f,02341,Dublin city and suburbs,Dublin
4c07d11e-3338-851d-e053-ca3ca8c0ca7f,02341,Dublin city and suburbs,Dublin
4c07d11e-3339-851d-e053-ca3ca8c0ca7f,02341,Dublin city and suburbs,Dublin
4c07d11e-333a-851d-e053-ca3ca8c0ca7f,02341,Dublin city and suburbs,Dublin
4c07d11e-333b-851d-e053-ca3ca8c0ca7f,02341,Dublin city and suburbs,Dublin
4c07d11e-333c-851d-e053-ca3ca8c0ca7f,02341,Dublin city and suburbs,Dublin
4c07d11e-333d-851d-e053-ca3ca8c0ca7f,02341,Dublin city and suburbs,Dublin
4c07d11e-333e-851d-e053-ca3ca8c0ca7f,02341,Dublin city and suburbs,Dublin
4c07d11e-333f-851d-e053-ca3ca8c0ca7f,02341,Dublin city and suburbs,Dublin
4c07d11e-3340-851d-e053-ca3ca8c0ca7f,02341,Dublin city and suburbs,Dublin
4c07d11e-3341-851d-e053-ca3ca8c0ca7f,02341,Dublin city and suburbs,Dublin
4c07d11e-3342-851d-e053-ca3ca8c0ca7f,02341,Dublin city and suburbs,Dublin
4c07d11e-3343-851d-e053-ca3ca8c0ca7f,02341,Dublin city and suburbs,Dublin
4c07d11e-3344-851d-e053-ca3ca8c0ca7f,02341,Dublin city and suburbs,Dublin
4c07d11e-3345-851d-e053-ca3ca8c0ca7f,02341,Dublin city and suburbs,Dublin
4c07d11e-3346-851d-e053-ca3ca8c0ca7f,02341,Dublin city and suburbs,Dublin
4c07d11e-3347-851d-e053-ca3ca8c0ca7f,02341,Dublin city and suburbs,Dublin
4c07d11e-3348-851d-e053-ca3ca8c0ca7f,02341,Dublin city and suburbs,Dublin
4c07d11e-3349-851d-e053-ca3ca8c0ca7f,02341,Dublin city and suburbs,Dublin
4c07d11e-334a-851d-e053-ca3ca8c0ca7f,02341,Dublin city and suburbs,Dublin
4c07d11e-334b-851d-e053-ca3ca8c0ca7f,02341,Dublin city and suburbs,Dublin
4c07d11e-334c-851d-e053-ca3ca8c0ca7f,02341,Dublin city and suburbs,Dublin
4c07d11e-334d-851d-e053-ca3ca8c0ca7f,02341,Dublin city and suburbs,Dublin
4c07d11e-334e-851d-e053-ca3ca8c0ca7f,02341,Dublin city and suburbs,Dublin
4c07d11e-334f-851d-e053-ca3ca8c0ca7f,02341,Dublin city and suburbs,Dublin
4c07d11e-3350-851d-e053-ca3ca8c0ca7f,02341,Dublin city and suburbs,Dublin
4c07d11e-3351-851d-e053-ca3ca8c0ca7f,02341,Dublin city and suburbs,Dublin
4c07d11e-3352-851d-e053-ca3ca8c0ca7f,02341,Dublin city and suburbs,Dublin
4c07d11e-3353-851d-e053-ca3ca8c0ca7f,02341,Dublin city and suburbs,Dublin
4c07d11e-3354-851d-e053-ca3ca8c0ca7f,02341,Dublin city and suburbs,Dublin
4c07d11e-3355-851d-e053-ca3ca8c0ca7f,02341,Dublin city and suburbs,Dublin
4c07d11e-3356-851d-e053-ca3ca8c0ca7f,02341,Dublin city and suburbs,Dublin
4c07d11e-3357-851d-e053-ca3ca8c0ca7f,02341,Dublin city and suburbs,Dublin
4c07d11e-3358-851d-e053-ca3ca8c0ca7f,02341,Dublin city and suburbs,Dublin
4c07d11e-3359-851d-e053-ca3ca8c0ca7f,02341,Dublin city and suburbs,Dublin
4c07d11e-335a-851d-e053-ca3ca8c0ca7f,02341,Dublin city and suburbs,Dublin
4c07d11e-335b-851d-e053-ca3ca8c0ca7f,02341,Dublin city and suburbs,Dublin
4c07d11e-335c-851d-e053-ca3ca8c0ca7f,02341,Dublin city and suburbs,Dublin
4c07d11e-335d-851d-e053-ca3ca8c0ca7f,02341,Dublin city and suburbs,Dublin
4c07d11e-335e-851d-e053-ca3ca8c0ca7f,02341,Dublin city and suburbs,Dublin
4c07d11e-335f-851d-e053-ca3ca8c0ca7f,02341,Dublin city and suburbs,Dublin
4c07d11e-3360-851d-e053-ca3ca8c0ca7f,02341,Dublin city and suburbs,Dublin
4c07d11e-3361-851d-e053-ca3ca8c0ca7f,02341,Dublin city and suburbs,Dublin
4c07d11e-3362-851d-e053-ca3ca8c0ca7f,02341,Dublin city and suburbs,Dublin
4c07d11e-3363-851d-e053-ca3ca8c0ca7f,02341,Dublin city and suburbs,Dublin
4c07d11e-3364-851d-e053-ca3ca8c0ca7f,02341,Dublin city and suburbs,Dublin
4c07d11e-3365-851d-e053-ca3ca8c0ca7f,02341,Dublin city and suburbs,Dublin
4c07d11e-3366-851d-e053-ca3ca8c0ca7f,02341,Dublin city and suburbs,Dublin
4c07d11e-3367-851d-e053-ca3ca8c0ca7f,02341,Dublin city and suburbs,Dublin
4c07d11e-3368-851d-e053-ca3ca8c0ca7f,02341,Dublin city and suburbs,Dublin
4c07d11e-3369-851d-e053-ca3ca8c0ca7f,02341,Dublin city and suburbs,Dublin
4c07d11e-336a-851d-e053-ca3ca8c0ca7f,02341,Dublin city and suburbs,Dublin
4c07d11e-336b-851d-e053-ca3ca8c0ca7f,02341,Dublin city and suburbs,Dublin
4c07d11e-336c-851d-e053-ca3ca8c0ca7f,02341,Dublin city and suburbs,Dublin
4c07d11e-336d-851d-e053-ca3ca8c0ca7f,02341,Dublin city and suburbs,Dublin
4c07d11e-336e-851d-e053-ca3ca8c0ca7f,02341,Dublin city and suburbs,Dublin
4c07d11e-336f-851d-e053-ca3ca8c0ca7f,02341,Dublin city and suburbs,Dublin
4c07d11e-3370-851d-e053-ca3ca8c0ca7f,02341,Dublin city and suburbs,Dublin
4c07d11e-3371-851d-e053-ca3ca8c0ca7f,02341,Dublin city and suburbs,Dublin
4c07d11e-3372-851d-e053-ca3ca8c0ca7f,02341,Dublin city and suburbs,Dublin
4c07d11e-3373-851d-e053-ca3ca8c0ca7f,02341,Dublin city and suburbs,Dublin
4c07d11e-3374-851d-e053-ca3ca8c0ca7f,02341,Dublin city and suburbs,Dublin
4c07d11e-3375-851d-e053-ca3ca8c0ca7f,02341,Dublin city and suburbs,Dublin
4c07d11e-3376-851d-e053-ca3ca8c0ca7f,02341,Dublin city and suburbs,Dublin
4c07d11e-3377-851d-e053-ca3ca8c0ca7f,02341,Dublin city and suburbs,Dublin
4c07d11e-3378-851d-e053-ca3ca8c0ca7f,02341,Dublin city and suburbs,Dublin
4c07d11e-3379-851d-e053-ca3ca8c0ca7f,02341,Dublin city and suburbs,Dublin
4c07d11e-337a-851d-e053-ca3ca8c0ca7f,02341,Dublin city and suburbs,Dublin
4c07d11e-337b-851d-e053-ca3ca8c0ca7f,02341,Dublin city and suburbs,Dublin
4c07d11e-337c-851d-e053-ca3ca8c0ca7f,02341,Dublin city and suburbs,Dublin
4c07d11e-337d-851d-e053-ca3ca8c0ca7f,02341,Dublin city and suburbs,Dublin
4c07d11e-337e-851d-e053-ca3ca8c0ca7f,02341,Dublin city and suburbs,Dublin
4c07d11e-337f-851d-e053-ca3ca8c0ca7f,02341,Dublin city and suburbs,Dublin
4c07d11e-3380-851d-e053-ca3ca8c0ca7f,02341,Dublin city and suburbs,Dublin
4c07d11e-3381-851d-e053-ca3ca8c0ca7f,02341,Dublin city and suburbs,Dublin
4c07d11e-3382-851d-e053-ca3ca8c0ca7f,02341,Dublin city and suburbs,Dublin
4c07d11e-3383-851d-e053-ca3ca8c0ca7f,02341,Dublin city and suburbs,Dublin
4c07d11e-3384-851d-e053-ca3ca8c0ca7f,02341,Dublin city and suburbs,Dublin
4c07d11e-3385-851d-e053-ca3ca8c0ca7f,02341,Dublin city and suburbs,Dublin
4c07d11e-3386-851d-e053-ca3ca8c0ca7f,02341,Dublin city and suburbs,Dublin
4c07d11e-3387-851d-e053-ca3ca8c0ca7f,02341,Dublin city and suburbs,Dublin
4c07d11e-3388-851d-e053-ca3ca8c0ca7f,02341,Dublin city and suburbs,Dublin
4c07d11e-3389-851d-e053-ca3ca8c0ca7f,02341,Dublin city and suburbs,Dublin
4c07d11e-338a-851d-e053-ca3ca8c0ca7f,02341,Dublin city and suburbs,Dublin
4c07d11e-338b-851d-e053-ca3ca8c0ca7f,02341,Dublin city and suburbs,Dublin
4c07d11e-338c-851d-e053-ca3ca8c0ca7f,02341,Dublin city and suburbs,Dublin
4c07d11e-338d-851d-e053-ca3ca8c0ca7f,02341,Dublin city and suburbs,Dublin
4c07d11e-338e-851d-e053-ca3ca8c0ca7f,02341,Dublin city and suburbs,Dublin
4c07d11e-338f-851d-e053-ca3ca8c0ca7f,02341,Dublin city and suburbs,Dublin
4c07d11e-3390-851d-e053-ca3ca8c0ca7f,02341,Dublin city and suburbs,Dublin
4c07d11e-3391-851d-e053-ca3ca8c0ca7f,02341,Dublin city and suburbs,Dublin
4c07d11e-3392-851d-e053-ca3ca8c0ca7f,02341,Dublin city and suburbs,Dublin
4c07d11e-3393-851d-e053-ca3ca8c0ca7f,02341,Dublin city and suburbs,Dublin
4c07d11e-3394-851d-e053-ca3ca8c0ca7f,02341,Dublin city and suburbs,Dublin
4c07d11e-3395-851d-e053-ca3ca8c0ca7f,02341,Dublin city and suburbs,Dublin
4c07d11e-3396-851d-e053-ca3ca8c0ca7f,02341,Dublin city and suburbs,Dublin
4c07d11e-3397-851d-e053-ca3ca8c0ca7f,02341,Dublin city and suburbs,Dublin
4c07d11e-3398-851d-e053-ca3ca8c0ca7f,02341,Dublin city and suburbs,Dublin
4c07d11e-3399-851d-e053-ca3ca8c0ca7f,02341,Dublin city and suburbs,Dublin
4c07d11e-339a-851d-e053-ca3ca8c0ca7f,02341,Dublin city and suburbs,Dublin
4c07d11e-339b-851d-e053-ca3ca8c0ca7f,02341,Dublin city and suburbs,Dublin
4c07d11e-339c-851d-e053-ca3ca8c0ca7f,02341,Dublin city and suburbs,Dublin
4c07d11e-339d-851d-e053-ca3ca8c0ca7f,02341,Dublin city and suburbs,Dublin
4c07d11e-339e-851d-e053-ca3ca8c0ca7f,02341,Dublin city and suburbs,Dublin
4c07d11e-339f-851d-e053-ca3ca8c0ca7f,02341,Dublin city and suburbs,Dublin
4c07d11e-33a0-851d-e053-ca3ca8c0ca7f,02341,Dublin city and suburbs,Dublin
4c07d11e-33a1-851d-e053-ca3ca8c0ca7f,02341,Dublin city and suburbs,Dublin
4c07d11e-33a2-851d-e053-ca3ca8c0ca7f,02341,Dublin city and suburbs,Dublin
4c07d11e-33a3-851d-e053-ca3ca8c0ca7f,02341,Dublin city and suburbs,Dublin
4c07d11e-33a4-851d-e053-ca3ca8c0ca7f,02341,Dublin city and suburbs,Dublin
4c07d11e-33a5-851d-e053-ca3ca8c0ca7f,02341,Dublin city and suburbs,Dublin
4c07d11e-33a6-851d-e053-ca3ca8c0ca7f,02341,Dublin city and suburbs,Dublin
4c07d11e-33a7-851d-e053-ca3ca8c0ca7f,02341,Dublin city and suburbs,Dublin
4c07d11e-33a8-851d-e053-ca3ca8c0ca7f,02341,Dublin city and suburbs,Dublin
4c07d11e-33a9-851d-e053-ca3ca8c0ca7f,02341,Dublin city and suburbs,Dublin
4c07d11e-33aa-851d-e053-ca3ca8c0ca7f,02341,Dublin city and suburbs,Dublin
4c07d11e-33ab-851d-e053-ca3ca8c0ca7f,02341,Dublin city and suburbs,Dublin
4c07d11e-33ac-851d-e053-ca3ca8c0ca7f,02341,Dublin city and suburbs,Dublin
4c07d11e-33ad-851d-e053-ca3ca8c0ca7f,02341,Dublin city and suburbs,Dublin
4c07d11e-33ae-851d-e053-ca3ca8c0ca7f,02341,Dublin city and suburbs,Dublin
4c07d11e-33af-851d-e053-ca3ca8c0ca7f,02341,Dublin city and suburbs,Dublin
4c07d11e-33b0-851d-e053-ca3ca8c0ca7f,02341,Dublin city and suburbs,Dublin
4c07d11e-33b1-851d-e053-ca3ca8c0ca7f,02341,Dublin city and suburbs,Dublin
4c07d11e-33b2-851d-e053-ca3ca8c0ca7f,02341,Dublin city and suburbs,Dublin
4c07d11e-33b3-851d-e053-ca3ca8c0ca7f,02341,Dublin city and suburbs,Dublin
4c07d11e-33b4-851d-e053-ca3ca8c0ca7f,02341,Dublin city and suburbs,Dublin
4c07d11e-33b5-851d-e053-ca3ca8c0ca7f,02341,Dublin city and suburbs,Dublin
4c07d11e-33b6-851d-e053-ca3ca8c0ca7f,02341,Dublin city and suburbs,Dublin
4c07d11e-33b7-851d-e053-ca3ca8c0ca7f,02341,Dublin city and suburbs,Dublin
4c07d11e-33b8-851d-e053-ca3ca8c0ca7f,02341,Dublin city and suburbs,Dublin
4c07d11e-33b9-851d-e053-ca3ca8c0ca7f,02341,Dublin city and suburbs,Dublin
4c07d11e-33ba-851d-e053-ca3ca8c0ca7f,02341,Dublin city and suburbs,Dublin
4c07d11e-33bb-851d-e053-ca3ca8c0ca7f,02341,Dublin city and suburbs,Dublin
4c07d11e-33bc-851d-e053-ca3ca8c0ca7f,02341,Dublin city and suburbs,Dublin
4c07d11e-33bd-851d-e053-ca3ca8c0ca7f,02341,Dublin city and suburbs,Dublin
4c07d11e-33be-851d-e053-ca3ca8c0ca7f,02341,Dublin city and suburbs,Dublin
4c07d11e-33bf-851d-e053-ca3ca8c0ca7f,02341,Dublin city and suburbs,Dublin
4c07d11e-33c0-851d-e053-ca3ca8c0ca7f,02341,Dublin city and suburbs,Dublin
4c07d11e-33c1-851d-e053-ca3ca8c0ca7f,02341,Dublin city and suburbs,Dublin
4c07d11e-33c2-851d-e053-ca3ca8c0ca7f,02341,Dublin city and suburbs,Dublin
4c07d11e-33c3-851d-e053-ca3ca8c0ca7f,02341,Dublin city and suburbs,Dublin
4c07d11e-33c4-851d-e053-ca3ca8c0ca7f,02341,Dublin city and suburbs,Dublin
4c07d11e-33c5-851d-e053-ca3ca8c0ca7f,02341,Dublin city and suburbs,Dublin
4c07d11e-33c6-851d-e053-ca3ca8c0ca7f,02341,Dublin city and suburbs,Dublin
4c07d11e-33c7-851d-e053-ca3ca8c0ca7f,02341,Dublin city and suburbs,Dublin
4c07d11e-33c8-851d-e053-ca3ca8c0ca7f,02341,Dublin city and suburbs,Dublin
4c07d11e-33c9-851d-e053-ca3ca8c0ca7f,02341,Dublin city and suburbs,Dublin
4c07d11e-33ca-851d-e053-ca3ca8c0ca7f,02341,Dublin city and suburbs,Dublin
4c07d11e-33cb-851d-e053-ca3ca8c0ca7f,02341,Dublin city and suburbs,Dublin
4c07d11e-33cc-851d-e053-ca3ca8c0ca7f,02341,Dublin city and suburbs,Dublin
4c07d11e-33cd-851d-e053-ca3ca8c0ca7f,02341,Dublin city and suburbs,Dublin
4c07d11e-33ce-851d-e053-ca3ca8c0ca7f,02341,Dublin city and suburbs,Dublin
4c07d11e-33cf-851d-e053-ca3ca8c0ca7f,02341,Dublin city and suburbs,Dublin
4c07d11e-33d0-851d-e053-ca3ca8c0ca7f,02341,Dublin city and suburbs,Dublin
4c07d11e-33d1-851d-e053-ca3ca8c0ca7f,02341,Dublin city and suburbs,Dublin
4c07d11e-33d2-851d-e053-ca3ca8c0ca7f,02341,Dublin city and suburbs,Dublin
4c07d11e-33d3-851d-e053-ca3ca8c0ca7f,02341,Dublin city and suburbs,Dublin
4c07d11e-33d4-851d-e053-ca3ca8c0ca7f,02341,Dublin city and suburbs,Dublin
4c07d11e-33d5-851d-e053-ca3ca8c0ca7f,02341,Dublin city and suburbs,Dublin
4c07d11e-33d6-851d-e053-ca3ca8c0ca7f,02341,Dublin city and suburbs,Dublin
4c07d11e-33d7-851d-e053-ca3ca8c0ca7f,02341,Dublin city and suburbs,Dublin
4c07d11e-33d8-851d-e053-ca3ca8c0ca7f,02341,Dublin city and suburbs,Dublin
4c07d11e-33d9-851d-e053-ca3ca8c0ca7f,02341,Dublin city and suburbs,Dublin
4c07d11e-33da-851d-e053-ca3ca8c0ca7f,02341,Dublin city and suburbs,Dublin
4c07d11e-33db-851d-e053-ca3ca8c0ca7f,02341,Dublin city and suburbs,Dublin
4c07d11e-33dc-851d-e053-ca3ca8c0ca7f,02341,Dublin city and suburbs,Dublin
4c07d11e-33dd-851d-e053-ca3ca8c0ca7f,02341,Dublin city and suburbs,Dublin
4c07d11e-33de-851d-e053-ca3ca8c0ca7f,02341,Dublin city and suburbs,Dublin
4c07d11e-33df-851d-e053-ca3ca8c0ca7f,02341,Dublin city and suburbs,Dublin
4c07d11e-33e0-851d-e053-ca3ca8c0ca7f,02341,Dublin city and suburbs,Dublin
4c07d11e-33e1-851d-e053-ca3ca8c0ca7f,02341,Dublin city and suburbs,Dublin
4c07d11e-33e2-851d-e053-ca3ca8c0ca7f,02341,Dublin city and suburbs,Dublin
4c07d11e-33e3-851d-e053-ca3ca8c0ca7f,02341,Dublin city and suburbs,Dublin
4c07d11e-33e4-851d-e053-ca3ca8c0ca7f,02341,Dublin city and suburbs,Dublin
4c07d11e-33e5-851d-e053-ca3ca8c0ca7f,02341,Dublin city and suburbs,Dublin
4c07d11e-33e6-851d-e053-ca3ca8c0ca7f,02341,Dublin city and suburbs,Dublin
4c07d11e-33e7-851d-e053-ca3ca8c0ca7f,02341,Dublin city and suburbs,Dublin
4c07d11e-33e8-851d-e053-ca3ca8c0ca7f,02341,Dublin city and suburbs,Dublin
4c07d11e-33e9-851d-e053-ca3ca8c0ca7f,02341,Dublin city and suburbs,Dublin
4c07d11e-33ea-851d-e053-ca3ca8c0ca7f,02341,Dublin city and suburbs,Dublin
4c07d11e-33eb-851d-e053-ca3ca8c0ca7f,02341,Dublin city and suburbs,Dublin
4c07d11e-33ec-851d-e053-ca3ca8c0ca7f,02341,Dublin city and suburbs,Dublin
4c07d11e-33ed-851d-e053-ca3ca8c0ca7f,02341,Dublin city and suburbs,Dublin
4c07d11e-33ee-851d-e053-ca3ca8c0ca7f,02341,Dublin city and suburbs,Dublin
4c07d11e-33ef-851d-e053-ca3ca8c0ca7f,02341,Dublin city and suburbs,Dublin
4c07d11e-33f0-851d-e053-ca3ca8c0ca7f,02341,Dublin city and suburbs,Dublin
4c07d11e-33f1-851d-e053-ca3ca8c0ca7f,02341,Dublin city and suburbs,Dublin
4c07d11e-33f2-851d-e053-ca3ca8c0ca7f,02341,Dublin city and suburbs,Dublin
4c07d11e-33f3-851d-e053-ca3ca8c0ca7f,02341,Dublin city and suburbs,Dublin
4c07d11e-33f4-851d-e053-ca3ca8c0ca7f,02341,Dublin city and suburbs,Dublin
4c07d11e-33f5-851d-e053-ca3ca8c0ca7f,02341,Dublin city and suburbs,Dublin
4c07d11e-33f6-851d-e053-ca3ca8c0ca7f,02341,Dublin city and suburbs,Dublin
4c07d11e-33f7-851d-e053-ca3ca8c0ca7f,02341,Dublin city and suburbs,Dublin
4c07d11e-33f8-851d-e053-ca3ca8c0ca7f,02341,Dublin city and suburbs,Dublin
4c07d11e-33f9-851d-e053-ca3ca8c0ca7f,02341,Dublin city and suburbs,Dublin
4c07d11e-33fa-851d-e053-ca3ca8c0ca7f,02341,Dublin city and suburbs,Dublin
4c07d11e-33fb-851d-e053-ca3ca8c0ca7f,02341,Dublin city and suburbs,Dublin
4c07d11e-33fc-851d-e053-ca3ca8c0ca7f,02341,Dublin city and suburbs,Dublin
4c07d11e-33fd-851d-e053-ca3ca8c0ca7f,02341,Dublin city and suburbs,Dublin
4c07d11e-33fe-851d-e053-ca3ca8c0ca7f,02341,Dublin city and suburbs,Dublin
4c07d11e-33ff-851d-e053-ca3ca8c0ca7f,02341,Dublin city and suburbs,Dublin
4c07d11e-3400-851d-e053-ca3ca8c0ca7f,02341,Dublin city and suburbs,Dublin
4c07d11e-3401-851d-e053-ca3ca8c0ca7f,02341,Dublin city and suburbs,Dublin
4c07d11e-3402-851d-e053-ca3ca8c0ca7f,02341,Dublin city and suburbs,Dublin
4c07d11e-3403-851d-e053-ca3ca8c0ca7f,02341,Dublin city and suburbs,Dublin
4c07d11e-3404-851d-e053-ca3ca8c0ca7f,02341,Dublin city and suburbs,Dublin
4c07d11e-3406-851d-e053-ca3ca8c0ca7f,02341,Dublin city and suburbs,Dublin
4c07d11e-3407-851d-e053-ca3ca8c0ca7f,02341,Dublin city and suburbs,Dublin
4c07d11e-3408-851d-e053-ca3ca8c0ca7f,02341,Dublin city and suburbs,Dublin
4c07d11e-3409-851d-e053-ca3ca8c0ca7f,02341,Dublin city and suburbs,Dublin
4c07d11e-340a-851d-e053-ca3ca8c0ca7f,02341,Dublin city and suburbs,Dublin
4c07d11e-340b-851d-e053-ca3ca8c0ca7f,02341,Dublin city and suburbs,Dublin
4c07d11e-340c-851d-e053-ca3ca8c0ca7f,02341,Dublin city and suburbs,Dublin
4c07d11e-340d-851d-e053-ca3ca8c0ca7f,02341,Dublin city and suburbs,Dublin
4c07d11e-340e-851d-e053-ca3ca8c0ca7f,02341,Dublin city and suburbs,Dublin
4c07d11e-340f-851d-e053-ca3ca8c0ca7f,02341,Dublin city and suburbs,Dublin
4c07d11e-3410-851d-e053-ca3ca8c0ca7f,02341,Dublin city and suburbs,Dublin
4c07d11e-3411-851d-e053-ca3ca8c0ca7f,02341,Dublin city and suburbs,Dublin
4c07d11e-3412-851d-e053-ca3ca8c0ca7f,02341,Dublin city and suburbs,Dublin
4c07d11e-3413-851d-e053-ca3ca8c0ca7f,02341,Dublin city and suburbs,Dublin
4c07d11e-3414-851d-e053-ca3ca8c0ca7f,02341,Dublin city and suburbs,Dublin
4c07d11e-3415-851d-e053-ca3ca8c0ca7f,02341,Dublin city and suburbs,Dublin
4c07d11e-3416-851d-e053-ca3ca8c0ca7f,02341,Dublin city and suburbs,Dublin
4c07d11e-3417-851d-e053-ca3ca8c0ca7f,02341,Dublin city and suburbs,Dublin
4c07d11e-3418-851d-e053-ca3ca8c0ca7f,02341,Dublin city and suburbs,Dublin
4c07d11e-3419-851d-e053-ca3ca8c0ca7f,02341,Dublin city and suburbs,Dublin
4c07d11e-341a-851d-e053-ca3ca8c0ca7f,02341,Dublin city and suburbs,Dublin
4c07d11e-341b-851d-e053-ca3ca8c0ca7f,02341,Dublin city and suburbs,Dublin
4c07d11e-341c-851d-e053-ca3ca8c0ca7f,02341,Dublin city and suburbs,Dublin
4c07d11e-341d-851d-e053-ca3ca8c0ca7f,02341,Dublin city and suburbs,Dublin
4c07d11e-341e-851d-e053-ca3ca8c0ca7f,02341,Dublin city and suburbs,Dublin
4c07d11e-341f-851d-e053-ca3ca8c0ca7f,02341,Dublin city and suburbs,Dublin
4c07d11e-3420-851d-e053-ca3ca8c0ca7f,02341,Dublin city and suburbs,Dublin
4c07d11e-3421-851d-e053-ca3ca8c0ca7f,02341,Dublin city and suburbs,Dublin
4c07d11e-3422-851d-e053-ca3ca8c0ca7f,02341,Dublin city and suburbs,Dublin
4c07d11e-3423-851d-e053-ca3ca8c0ca7f,02341,Dublin city and suburbs,Dublin
4c07d11e-3424-851d-e053-ca3ca8c0ca7f,02341,Dublin city and suburbs,Dublin
4c07d11e-3425-851d-e053-ca3ca8c0ca7f,02341,Dublin city and suburbs,Dublin
4c07d11e-3426-851d-e053-ca3ca8c0ca7f,02341,Dublin city and suburbs,Dublin
4c07d11e-3427-851d-e053-ca3ca8c0ca7f,02341,Dublin city and suburbs,Dublin
4c07d11e-3428-851d-e053-ca3ca8c0ca7f,02341,Dublin city and suburbs,Dublin
4c07d11e-3429-851d-e053-ca3ca8c0ca7f,02341,Dublin city and suburbs,Dublin
4c07d11e-342a-851d-e053-ca3ca8c0ca7f,02341,Dublin city and suburbs,Dublin
4c07d11e-342b-851d-e053-ca3ca8c0ca7f,02341,Dublin city and suburbs,Dublin
4c07d11e-342c-851d-e053-ca3ca8c0ca7f,02341,Dublin city and suburbs,Dublin
4c07d11e-342d-851d-e053-ca3ca8c0ca7f,02341,Dublin city and suburbs,Dublin
4c07d11e-342e-851d-e053-ca3ca8c0ca7f,02341,Dublin city and suburbs,Dublin
4c07d11e-342f-851d-e053-ca3ca8c0ca7f,02341,Dublin city and suburbs,Dublin
4c07d11e-3430-851d-e053-ca3ca8c0ca7f,02341,Dublin city and suburbs,Dublin
4c07d11e-3431-851d-e053-ca3ca8c0ca7f,02341,Dublin city and suburbs,Dublin
4c07d11e-3432-851d-e053-ca3ca8c0ca7f,02341,Dublin city and suburbs,Dublin
4c07d11e-3433-851d-e053-ca3ca8c0ca7f,02341,Dublin city and suburbs,Dublin
4c07d11e-3434-851d-e053-ca3ca8c0ca7f,02341,Dublin city and suburbs,Dublin
4c07d11e-3435-851d-e053-ca3ca8c0ca7f,02341,Dublin city and suburbs,Dublin
4c07d11e-3436-851d-e053-ca3ca8c0ca7f,02341,Dublin city and suburbs,Dublin
4c07d11e-3437-851d-e053-ca3ca8c0ca7f,02341,Dublin city and suburbs,Dublin
4c07d11e-3438-851d-e053-ca3ca8c0ca7f,02341,Dublin city and suburbs,Dublin
4c07d11e-3439-851d-e053-ca3ca8c0ca7f,02341,Dublin city and suburbs,Dublin
4c07d11e-343a-851d-e053-ca3ca8c0ca7f,02341,Dublin city and suburbs,Dublin
4c07d11e-343b-851d-e053-ca3ca8c0ca7f,02341,Dublin city and suburbs,Dublin
4c07d11e-343c-851d-e053-ca3ca8c0ca7f,02341,Dublin city and suburbs,Dublin
4c07d11e-343d-851d-e053-ca3ca8c0ca7f,02341,Dublin city and suburbs,Dublin
4c07d11e-343e-851d-e053-ca3ca8c0ca7f,02341,Dublin city and suburbs,Dublin
4c07d11e-343f-851d-e053-ca3ca8c0ca7f,02341,Dublin city and suburbs,Dublin
4c07d11e-3440-851d-e053-ca3ca8c0ca7f,02341,Dublin city and suburbs,Dublin
4c07d11e-3441-851d-e053-ca3ca8c0ca7f,02341,Dublin city and suburbs,Dublin
4c07d11e-3442-851d-e053-ca3ca8c0ca7f,02341,Dublin city and suburbs,Dublin
4c07d11e-3443-851d-e053-ca3ca8c0ca7f,02341,Dublin city and suburbs,Dublin
4c07d11e-3444-851d-e053-ca3ca8c0ca7f,02341,Dublin city and suburbs,Dublin
4c07d11e-3445-851d-e053-ca3ca8c0ca7f,02341,Dublin city and suburbs,Dublin
4c07d11e-3446-851d-e053-ca3ca8c0ca7f,02341,Dublin city and suburbs,Dublin
4c07d11e-3447-851d-e053-ca3ca8c0ca7f,02341,Dublin city and suburbs,Dublin
4c07d11e-3448-851d-e053-ca3ca8c0ca7f,02341,Dublin city and suburbs,Dublin
4c07d11e-3449-851d-e053-ca3ca8c0ca7f,02341,Dublin city and suburbs,Dublin
4c07d11e-344a-851d-e053-ca3ca8c0ca7f,02341,Dublin city and suburbs,Dublin
4c07d11e-344b-851d-e053-ca3ca8c0ca7f,02341,Dublin city and suburbs,Dublin
4c07d11e-344c-851d-e053-ca3ca8c0ca7f,02341,Dublin city and suburbs,Dublin
4c07d11e-344d-851d-e053-ca3ca8c0ca7f,02341,Dublin city and suburbs,Dublin
4c07d11e-344e-851d-e053-ca3ca8c0ca7f,02341,Dublin city and suburbs,Dublin
4c07d11e-344f-851d-e053-ca3ca8c0ca7f,02341,Dublin city and suburbs,Dublin
4c07d11e-3450-851d-e053-ca3ca8c0ca7f,02341,Dublin city and suburbs,Dublin
4c07d11e-3451-851d-e053-ca3ca8c0ca7f,02341,Dublin city and suburbs,Dublin
4c07d11e-3452-851d-e053-ca3ca8c0ca7f,02341,Dublin city and suburbs,Dublin
4c07d11e-3453-851d-e053-ca3ca8c0ca7f,02341,Dublin city and suburbs,Dublin
4c07d11e-3454-851d-e053-ca3ca8c0ca7f,02341,Dublin city and suburbs,Dublin
4c07d11e-3455-851d-e053-ca3ca8c0ca7f,02341,Dublin city and suburbs,Dublin
4c07d11e-3456-851d-e053-ca3ca8c0ca7f,02341,Dublin city and suburbs,Dublin
4c07d11e-3457-851d-e053-ca3ca8c0ca7f,02341,Dublin city and suburbs,Dublin
4c07d11e-3458-851d-e053-ca3ca8c0ca7f,02341,Dublin city and suburbs,Dublin
4c07d11e-3459-851d-e053-ca3ca8c0ca7f,02341,Dublin city and suburbs,Dublin
4c07d11e-345a-851d-e053-ca3ca8c0ca7f,02341,Dublin city and suburbs,Dublin
4c07d11e-345b-851d-e053-ca3ca8c0ca7f,02341,Dublin city and suburbs,Dublin
4c07d11e-345c-851d-e053-ca3ca8c0ca7f,02341,Dublin city and suburbs,Dublin
4c07d11e-345d-851d-e053-ca3ca8c0ca7f,02341,Dublin city and suburbs,Dublin
4c07d11e-345e-851d-e053-ca3ca8c0ca7f,02341,Dublin city and suburbs,Dublin
4c07d11e-345f-851d-e053-ca3ca8c0ca7f,02341,Dublin city and suburbs,Dublin
4c07d11e-3460-851d-e053-ca3ca8c0ca7f,02341,Dublin city and suburbs,Dublin
4c07d11e-3461-851d-e053-ca3ca8c0ca7f,02341,Dublin city and suburbs,Dublin
4c07d11e-3462-851d-e053-ca3ca8c0ca7f,02341,Dublin city and suburbs,Dublin
4c07d11e-3463-851d-e053-ca3ca8c0ca7f,02341,Dublin city and suburbs,Dublin
4c07d11e-3464-851d-e053-ca3ca8c0ca7f,02341,Dublin city and suburbs,Dublin
4c07d11e-3465-851d-e053-ca3ca8c0ca7f,02341,Dublin city and suburbs,Dublin
4c07d11e-3466-851d-e053-ca3ca8c0ca7f,02341,Dublin city and suburbs,Dublin
4c07d11e-3467-851d-e053-ca3ca8c0ca7f,02341,Dublin city and suburbs,Dublin
4c07d11e-3468-851d-e053-ca3ca8c0ca7f,02341,Dublin city and suburbs,Dublin
4c07d11e-3469-851d-e053-ca3ca8c0ca7f,02341,Dublin city and suburbs,Dublin
4c07d11e-346a-851d-e053-ca3ca8c0ca7f,02341,Dublin city and suburbs,Dublin
4c07d11e-346b-851d-e053-ca3ca8c0ca7f,02341,Dublin city and suburbs,Dublin
4c07d11e-346c-851d-e053-ca3ca8c0ca7f,02341,Dublin city and suburbs,Dublin
4c07d11e-346d-851d-e053-ca3ca8c0ca7f,02341,Dublin city and suburbs,Dublin
4c07d11e-346e-851d-e053-ca3ca8c0ca7f,02341,Dublin city and suburbs,Dublin
4c07d11e-346f-851d-e053-ca3ca8c0ca7f,02341,Dublin city and suburbs,Dublin
4c07d11e-3470-851d-e053-ca3ca8c0ca7f,02341,Dublin city and suburbs,Dublin
4c07d11e-3471-851d-e053-ca3ca8c0ca7f,02341,Dublin city and suburbs,Dublin
4c07d11e-3472-851d-e053-ca3ca8c0ca7f,02341,Dublin city and suburbs,Dublin
4c07d11e-3473-851d-e053-ca3ca8c0ca7f,02341,Dublin city and suburbs,Dublin
4c07d11e-3474-851d-e053-ca3ca8c0ca7f,02341,Dublin city and suburbs,Dublin
4c07d11e-3475-851d-e053-ca3ca8c0ca7f,02341,Dublin city and suburbs,Dublin
4c07d11e-3476-851d-e053-ca3ca8c0ca7f,02341,Dublin city and suburbs,Dublin
4c07d11e-3477-851d-e053-ca3ca8c0ca7f,02341,Dublin city and suburbs,Dublin
4c07d11e-3478-851d-e053-ca3ca8c0ca7f,02341,Dublin city and suburbs,Dublin
4c07d11e-3479-851d-e053-ca3ca8c0ca7f,02341,Dublin city and suburbs,Dublin
4c07d11e-347a-851d-e053-ca3ca8c0ca7f,02341,Dublin city and suburbs,Dublin
4c07d11e-347b-851d-e053-ca3ca8c0ca7f,02341,Dublin city and suburbs,Dublin
4c07d11e-347c-851d-e053-ca3ca8c0ca7f,02341,Dublin city and suburbs,Dublin
4c07d11e-347d-851d-e053-ca3ca8c0ca7f,02341,Dublin city and suburbs,Dublin
4c07d11e-347e-851d-e053-ca3ca8c0ca7f,02341,Dublin city and suburbs,Dublin
4c07d11e-347f-851d-e053-ca3ca8c0ca7f,02341,Dublin city and suburbs,Dublin
4c07d11e-3480-851d-e053-ca3ca8c0ca7f,02341,Dublin city and suburbs,Dublin
4c07d11e-3481-851d-e053-ca3ca8c0ca7f,02341,Dublin city and suburbs,Dublin
4c07d11e-3482-851d-e053-ca3ca8c0ca7f,02341,Dublin city and suburbs,Dublin
4c07d11e-3483-851d-e053-ca3ca8c0ca7f,02341,Dublin city and suburbs,Dublin
4c07d11e-3484-851d-e053-ca3ca8c0ca7f,02341,Dublin city and suburbs,Dublin
4c07d11e-3485-851d-e053-ca3ca8c0ca7f,02341,Dublin city and suburbs,Dublin
4c07d11e-3486-851d-e053-ca3ca8c0ca7f,02341,Dublin city and suburbs,Dublin
4c07d11e-3487-851d-e053-ca3ca8c0ca7f,02341,Dublin city and suburbs,Dublin
4c07d11e-3488-851d-e053-ca3ca8c0ca7f,02341,Dublin city and suburbs,Dublin
4c07d11e-3489-851d-e053-ca3ca8c0ca7f,02341,Dublin city and suburbs,Dublin
4c07d11e-348a-851d-e053-ca3ca8c0ca7f,02341,Dublin city and suburbs,Dublin
4c07d11e-348b-851d-e053-ca3ca8c0ca7f,02341,Dublin city and suburbs,Dublin
4c07d11e-348c-851d-e053-ca3ca8c0ca7f,02341,Dublin city and suburbs,Dublin
4c07d11e-348d-851d-e053-ca3ca8c0ca7f,02341,Dublin city and suburbs,Dublin
4c07d11e-348e-851d-e053-ca3ca8c0ca7f,02341,Dublin city and suburbs,Dublin
4c07d11e-348f-851d-e053-ca3ca8c0ca7f,02341,Dublin city and suburbs,Dublin
4c07d11e-3490-851d-e053-ca3ca8c0ca7f,02341,Dublin city and suburbs,Dublin
4c07d11e-3491-851d-e053-ca3ca8c0ca7f,02341,Dublin city and suburbs,Dublin
4c07d11e-3492-851d-e053-ca3ca8c0ca7f,02341,Dublin city and suburbs,Dublin
4c07d11e-3493-851d-e053-ca3ca8c0ca7f,02341,Dublin city and suburbs,Dublin
4c07d11e-3494-851d-e053-ca3ca8c0ca7f,02341,Dublin city and suburbs,Dublin
4c07d11e-3495-851d-e053-ca3ca8c0ca7f,02341,Dublin city and suburbs,Dublin
4c07d11e-3496-851d-e053-ca3ca8c0ca7f,02341,Dublin city and suburbs,Dublin
4c07d11e-3497-851d-e053-ca3ca8c0ca7f,02341,Dublin city and suburbs,Dublin
4c07d11e-3498-851d-e053-ca3ca8c0ca7f,15376,Bray,Wicklow
4c07d11e-3499-851d-e053-ca3ca8c0ca7f,15376,Bray,Wicklow
4c07d11e-349a-851d-e053-ca3ca8c0ca7f,15376,Bray,Wicklow
4c07d11e-349b-851d-e053-ca3ca8c0ca7f,02341,Dublin city and suburbs,Dublin
4c07d11e-349c-851d-e053-ca3ca8c0ca7f,02341,Dublin city and suburbs,Dublin
4c07d11e-349d-851d-e053-ca3ca8c0ca7f,02341,Dublin city and suburbs,Dublin
4c07d11e-349e-851d-e053-ca3ca8c0ca7f,02341,Dublin city and suburbs,Dublin
4c07d11e-349f-851d-e053-ca3ca8c0ca7f,02341,Dublin city and suburbs,Dublin
4c07d11e-34a0-851d-e053-ca3ca8c0ca7f,02341,Dublin city and suburbs,Dublin
4c07d11e-34a1-851d-e053-ca3ca8c0ca7f,02341,Dublin city and suburbs,Dublin
4c07d11e-34a2-851d-e053-ca3ca8c0ca7f,02341,Dublin city and suburbs,Dublin
4c07d11e-34a3-851d-e053-ca3ca8c0ca7f,02341,Dublin city and suburbs,Dublin
4c07d11e-34a4-851d-e053-ca3ca8c0ca7f,02341,Dublin city and suburbs,Dublin
4c07d11e-34a5-851d-e053-ca3ca8c0ca7f,02341,Dublin city and suburbs,Dublin
4c07d11e-34a6-851d-e053-ca3ca8c0ca7f,02341,Dublin city and suburbs,Dublin
4c07d11e-34a7-851d-e053-ca3ca8c0ca7f,02341,Dublin city and suburbs,Dublin
4c07d11e-34a8-851d-e053-ca3ca8c0ca7f,02341,Dublin city and suburbs,Dublin
4c07d11e-34a9-851d-e053-ca3ca8c0ca7f,02341,Dublin city and suburbs,Dublin
4c07d11e-34aa-851d-e053-ca3ca8c0ca7f,02341,Dublin city and suburbs,Dublin
4c07d11e-34ab-851d-e053-ca3ca8c0ca7f,02341,Dublin city and suburbs,Dublin
4c07d11e-34ac-851d-e053-ca3ca8c0ca7f,02341,Dublin city and suburbs,Dublin
4c07d11e-34ad-851d-e053-ca3ca8c0ca7f,15376,Bray,Wicklow
4c07d11e-34ae-851d-e053-ca3ca8c0ca7f,15376,Bray,Wicklow
4c07d11e-34af-851d-e053-ca3ca8c0ca7f,15376,Bray,Wicklow
4c07d11e-34b0-851d-e053-ca3ca8c0ca7f,02341,Dublin city and suburbs,Dublin
4c07d11e-34b1-851d-e053-ca3ca8c0ca7f,02341,Dublin city and suburbs,Dublin
4c07d11e-34b2-851d-e053-ca3ca8c0ca7f,02341,Dublin city and suburbs,Dublin
4c07d11e-34b3-851d-e053-ca3ca8c0ca7f,02341,Dublin city and suburbs,Dublin
4c07d11e-34b4-851d-e053-ca3ca8c0ca7f,02341,Dublin city and suburbs,Dublin
4c07d11e-34b5-851d-e053-ca3ca8c0ca7f,02341,Dublin city and suburbs,Dublin
4c07d11e-34b6-851d-e053-ca3ca8c0ca7f,02341,Dublin city and suburbs,Dublin
4c07d11e-34b7-851d-e053-ca3ca8c0ca7f,02341,Dublin city and suburbs,Dublin
4c07d11e-34b8-851d-e053-ca3ca8c0ca7f,02341,Dublin city and suburbs,Dublin
4c07d11e-34b9-851d-e053-ca3ca8c0ca7f,02341,Dublin city and suburbs,Dublin
4c07d11e-34ba-851d-e053-ca3ca8c0ca7f,02341,Dublin city and suburbs,Dublin
4c07d11e-34bb-851d-e053-ca3ca8c0ca7f,02341,Dublin city and suburbs,Dublin
4c07d11e-34bc-851d-e053-ca3ca8c0ca7f,02341,Dublin city and suburbs,Dublin
4c07d11e-34bd-851d-e053-ca3ca8c0ca7f,02341,Dublin city and suburbs,Dublin
4c07d11e-34be-851d-e053-ca3ca8c0ca7f,02341,Dublin city and suburbs,Dublin
4c07d11e-34bf-851d-e053-ca3ca8c0ca7f,02341,Dublin city and suburbs,Dublin
4c07d11e-34c0-851d-e053-ca3ca8c0ca7f,15376,Bray,Wicklow
4c07d11e-34c1-851d-e053-ca3ca8c0ca7f,15376,Bray,Wicklow
4c07d11e-34c2-851d-e053-ca3ca8c0ca7f,15376,Bray,Wicklow
4c07d11e-34c3-851d-e053-ca3ca8c0ca7f,02341,Dublin city and suburbs,Dublin
4c07d11e-34c4-851d-e053-ca3ca8c0ca7f,02341,Dublin city and suburbs,Dublin
4c07d11e-34c5-851d-e053-ca3ca8c0ca7f,02341,Dublin city and suburbs,Dublin
4c07d11e-34c6-851d-e053-ca3ca8c0ca7f,02341,Dublin city and suburbs,Dublin
4c07d11e-34c7-851d-e053-ca3ca8c0ca7f,02341,Dublin city and suburbs,Dublin
4c07d11e-34c8-851d-e053-ca3ca8c0ca7f,02341,Dublin city and suburbs,Dublin
4c07d11e-34c9-851d-e053-ca3ca8c0ca7f,02341,Dublin city and suburbs,Dublin
4c07d11e-34ca-851d-e053-ca3ca8c0ca7f,02341,Dublin city and suburbs,Dublin
4c07d11e-34cb-851d-e053-ca3ca8c0ca7f,02341,Dublin city and suburbs,Dublin
4c07d11e-34cc-851d-e053-ca3ca8c0ca7f,02341,Dublin city and suburbs,Dublin
4c07d11e-34cd-851d-e053-ca3ca8c0ca7f,02341,Dublin city and suburbs,Dublin
4c07d11e-34ce-851d-e053-ca3ca8c0ca7f,02341,Dublin city and suburbs,Dublin
4c07d11e-34cf-851d-e053-ca3ca8c0ca7f,02341,Dublin city and suburbs,Dublin
4c07d11e-34d0-851d-e053-ca3ca8c0ca7f,02341,Dublin city and suburbs,Dublin
4c07d11e-34d1-851d-e053-ca3ca8c0ca7f,02341,Dublin city and suburbs,Dublin
4c07d11e-34d2-851d-e053-ca3ca8c0ca7f,02341,Dublin city and suburbs,Dublin
4c07d11e-34d3-851d-e053-ca3ca8c0ca7f,15376,Bray,Wicklow
4c07d11e-34d4-851d-e053-ca3ca8c0ca7f,02341,Dublin city and suburbs,Dublin
4c07d11e-34d5-851d-e053-ca3ca8c0ca7f,02341,Dublin city and suburbs,Dublin
4c07d11e-34d6-851d-e053-ca3ca8c0ca7f,02341,Dublin city and suburbs,Dublin
4c07d11e-34d7-851d-e053-ca3ca8c0ca7f,02341,Dublin city and suburbs,Dublin
4c07d11e-34d8-851d-e053-ca3ca8c0ca7f,02341,Dublin city and suburbs,Dublin
4c07d11e-34d9-851d-e053-ca3ca8c0ca7f,02341,Dublin city and suburbs,Dublin
4c07d11e-34da-851d-e053-ca3ca8c0ca7f,02341,Dublin city and suburbs,Dublin
4c07d11e-34db-851d-e053-ca3ca8c0ca7f,02341,Dublin city and suburbs,Dublin
4c07d11e-34dc-851d-e053-ca3ca8c0ca7f,02341,Dublin city and suburbs,Dublin
4c07d11e-34dd-851d-e053-ca3ca8c0ca7f,02341,Dublin city and suburbs,Dublin
4c07d11e-34de-851d-e053-ca3ca8c0ca7f,02341,Dublin city and suburbs,Dublin
4c07d11e-34df-851d-e053-ca3ca8c0ca7f,02341,Dublin city and suburbs,Dublin
4c07d11e-34e0-851d-e053-ca3ca8c0ca7f,02341,Dublin city and suburbs,Dublin
4c07d11e-34e1-851d-e053-ca3ca8c0ca7f,02341,Dublin city and suburbs,Dublin
4c07d11e-34e2-851d-e053-ca3ca8c0ca7f,02341,Dublin city and suburbs,Dublin
4c07d11e-34e3-851d-e053-ca3ca8c0ca7f,02341,Dublin city and suburbs,Dublin
4c07d11e-34e4-851d-e053-ca3ca8c0ca7f,02341,Dublin city and suburbs,Dublin
4c07d11e-34e5-851d-e053-ca3ca8c0ca7f,02341,Dublin city and suburbs,Dublin
4c07d11e-34e6-851d-e053-ca3ca8c0ca7f,02341,Dublin city and suburbs,Dublin
4c07d11e-34e7-851d-e053-ca3ca8c0ca7f,02341,Dublin city and suburbs,Dublin
4c07d11e-34e8-851d-e053-ca3ca8c0ca7f,02341,Dublin city and suburbs,Dublin
4c07d11e-34e9-851d-e053-ca3ca8c0ca7f,02341,Dublin city and suburbs,Dublin
4c07d11e-34ea-851d-e053-ca3ca8c0ca7f,02341,Dublin city and suburbs,Dublin
4c07d11e-34eb-851d-e053-ca3ca8c0ca7f,02341,Dublin city and suburbs,Dublin
4c07d11e-34ec-851d-e053-ca3ca8c0ca7f,02341,Dublin city and suburbs,Dublin
4c07d11e-34ed-851d-e053-ca3ca8c0ca7f,02341,Dublin city and suburbs,Dublin
4c07d11e-34ee-851d-e053-ca3ca8c0ca7f,02341,Dublin city and suburbs,Dublin
4c07d11e-34ef-851d-e053-ca3ca8c0ca7f,02341,Dublin city and suburbs,Dublin
4c07d11e-34f0-851d-e053-ca3ca8c0ca7f,02341,Dublin city and suburbs,Dublin
4c07d11e-34f1-851d-e053-ca3ca8c0ca7f,02341,Dublin city and suburbs,Dublin
4c07d11e-34f2-851d-e053-ca3ca8c0ca7f,02341,Dublin city and suburbs,Dublin
4c07d11e-34f3-851d-e053-ca3ca8c0ca7f,02341,Dublin city and suburbs,Dublin
4c07d11e-34f4-851d-e053-ca3ca8c0ca7f,02341,Dublin city and suburbs,Dublin
4c07d11e-34f5-851d-e053-ca3ca8c0ca7f,02341,Dublin city and suburbs,Dublin
4c07d11e-34f6-851d-e053-ca3ca8c0ca7f,02341,Dublin city and suburbs,Dublin
4c07d11e-34f7-851d-e053-ca3ca8c0ca7f,02341,Dublin city and suburbs,Dublin
4c07d11e-34f8-851d-e053-ca3ca8c0ca7f,02341,Dublin city and suburbs,Dublin
4c07d11e-34f9-851d-e053-ca3ca8c0ca7f,02341,Dublin city and suburbs,Dublin
4c07d11e-34fa-851d-e053-ca3ca8c0ca7f,02341,Dublin city and suburbs,Dublin
4c07d11e-34fb-851d-e053-ca3ca8c0ca7f,02341,Dublin city and suburbs,Dublin
4c07d11e-34fc-851d-e053-ca3ca8c0ca7f,02341,Dublin city and suburbs,Dublin
4c07d11e-34fd-851d-e053-ca3ca8c0ca7f,02341,Dublin city and suburbs,Dublin
4c07d11e-34fe-851d-e053-ca3ca8c0ca7f,02341,Dublin city and suburbs,Dublin
4c07d11e-34ff-851d-e053-ca3ca8c0ca7f,02341,Dublin city and suburbs,Dublin
4c07d11e-3500-851d-e053-ca3ca8c0ca7f,02341,Dublin city and suburbs,Dublin
4c07d11e-3501-851d-e053-ca3ca8c0ca7f,02341,Dublin city and suburbs,Dublin
4c07d11e-3502-851d-e053-ca3ca8c0ca7f,02341,Dublin city and suburbs,Dublin
4c07d11e-3503-851d-e053-ca3ca8c0ca7f,02341,Dublin city and suburbs,Dublin
4c07d11e-3504-851d-e053-ca3ca8c0ca7f,02341,Dublin city and suburbs,Dublin
4c07d11e-3505-851d-e053-ca3ca8c0ca7f,02341,Dublin city and suburbs,Dublin
4c07d11e-3506-851d-e053-ca3ca8c0ca7f,02341,Dublin city and suburbs,Dublin
4c07d11e-3507-851d-e053-ca3ca8c0ca7f,02341,Dublin city and suburbs,Dublin
4c07d11e-3508-851d-e053-ca3ca8c0ca7f,02341,Dublin city and suburbs,Dublin
4c07d11e-3509-851d-e053-ca3ca8c0ca7f,02341,Dublin city and suburbs,Dublin
4c07d11e-350a-851d-e053-ca3ca8c0ca7f,02341,Dublin city and suburbs,Dublin
4c07d11e-350b-851d-e053-ca3ca8c0ca7f,02341,Dublin city and suburbs,Dublin
4c07d11e-350c-851d-e053-ca3ca8c0ca7f,02341,Dublin city and suburbs,Dublin
4c07d11e-350d-851d-e053-ca3ca8c0ca7f,02341,Dublin city and suburbs,Dublin
4c07d11e-350e-851d-e053-ca3ca8c0ca7f,02341,Dublin city and suburbs,Dublin
4c07d11e-350f-851d-e053-ca3ca8c0ca7f,02341,Dublin city and suburbs,Dublin
4c07d11e-3510-851d-e053-ca3ca8c0ca7f,02341,Dublin city and suburbs,Dublin
4c07d11e-3511-851d-e053-ca3ca8c0ca7f,02341,Dublin city and suburbs,Dublin
4c07d11e-3512-851d-e053-ca3ca8c0ca7f,02341,Dublin city and suburbs,Dublin
4c07d11e-3513-851d-e053-ca3ca8c0ca7f,02341,Dublin city and suburbs,Dublin
4c07d11e-3514-851d-e053-ca3ca8c0ca7f,02341,Dublin city and suburbs,Dublin
4c07d11e-3515-851d-e053-ca3ca8c0ca7f,02341,Dublin city and suburbs,Dublin
4c07d11e-3516-851d-e053-ca3ca8c0ca7f,02341,Dublin city and suburbs,Dublin
4c07d11e-3517-851d-e053-ca3ca8c0ca7f,02341,Dublin city and suburbs,Dublin
4c07d11e-3518-851d-e053-ca3ca8c0ca7f,02341,Dublin city and suburbs,Dublin
4c07d11e-3519-851d-e053-ca3ca8c0ca7f,02341,Dublin city and suburbs,Dublin
4c07d11e-351a-851d-e053-ca3ca8c0ca7f,02341,Dublin city and suburbs,Dublin
4c07d11e-351b-851d-e053-ca3ca8c0ca7f,02341,Dublin city and suburbs,Dublin
4c07d11e-351c-851d-e053-ca3ca8c0ca7f,02341,Dublin city and suburbs,Dublin
4c07d11e-351d-851d-e053-ca3ca8c0ca7f,02341,Dublin city and suburbs,Dublin
4c07d11e-351e-851d-e053-ca3ca8c0ca7f,02341,Dublin city and suburbs,Dublin
4c07d11e-351f-851d-e053-ca3ca8c0ca7f,02341,Dublin city and suburbs,Dublin
4c07d11e-3520-851d-e053-ca3ca8c0ca7f,02341,Dublin city and suburbs,Dublin
4c07d11e-3521-851d-e053-ca3ca8c0ca7f,02341,Dublin city and suburbs,Dublin
4c07d11e-3522-851d-e053-ca3ca8c0ca7f,02341,Dublin city and suburbs,Dublin
4c07d11e-3523-851d-e053-ca3ca8c0ca7f,02341,Dublin city and suburbs,Dublin
4c07d11e-3524-851d-e053-ca3ca8c0ca7f,02341,Dublin city and suburbs,Dublin
4c07d11e-3525-851d-e053-ca3ca8c0ca7f,02341,Dublin city and suburbs,Dublin
4c07d11e-3526-851d-e053-ca3ca8c0ca7f,02341,Dublin city and suburbs,Dublin
4c07d11e-3527-851d-e053-ca3ca8c0ca7f,02341,Dublin city and suburbs,Dublin
4c07d11e-3528-851d-e053-ca3ca8c0ca7f,02341,Dublin city and suburbs,Dublin
4c07d11e-3529-851d-e053-ca3ca8c0ca7f,02341,Dublin city and suburbs,Dublin
4c07d11e-352a-851d-e053-ca3ca8c0ca7f,02341,Dublin city and suburbs,Dublin
4c07d11e-352b-851d-e053-ca3ca8c0ca7f,02341,Dublin city and suburbs,Dublin
4c07d11e-352c-851d-e053-ca3ca8c0ca7f,02341,Dublin city and suburbs,Dublin
4c07d11e-352d-851d-e053-ca3ca8c0ca7f,02341,Dublin city and suburbs,Dublin
4c07d11e-352e-851d-e053-ca3ca8c0ca7f,02341,Dublin city and suburbs,Dublin
4c07d11e-352f-851d-e053-ca3ca8c0ca7f,02341,Dublin city and suburbs,Dublin
4c07d11e-3530-851d-e053-ca3ca8c0ca7f,02341,Dublin city and suburbs,Dublin
4c07d11e-3531-851d-e053-ca3ca8c0ca7f,02341,Dublin city and suburbs,Dublin
4c07d11e-3532-851d-e053-ca3ca8c0ca7f,02341,Dublin city and suburbs,Dublin
4c07d11e-3533-851d-e053-ca3ca8c0ca7f,02341,Dublin city and suburbs,Dublin
4c07d11e-3534-851d-e053-ca3ca8c0ca7f,02341,Dublin city and suburbs,Dublin
4c07d11e-3535-851d-e053-ca3ca8c0ca7f,02341,Dublin city and suburbs,Dublin
4c07d11e-3536-851d-e053-ca3ca8c0ca7f,02341,Dublin city and suburbs,Dublin
4c07d11e-3537-851d-e053-ca3ca8c0ca7f,02341,Dublin city and suburbs,Dublin
4c07d11e-3539-851d-e053-ca3ca8c0ca7f,02341,Dublin city and suburbs,Dublin
4c07d11e-353a-851d-e053-ca3ca8c0ca7f,02341,Dublin city and suburbs,Dublin
4c07d11e-353b-851d-e053-ca3ca8c0ca7f,02341,Dublin city and suburbs,Dublin
4c07d11e-353c-851d-e053-ca3ca8c0ca7f,02341,Dublin city and suburbs,Dublin
4c07d11e-353d-851d-e053-ca3ca8c0ca7f,02341,Dublin city and suburbs,Dublin
4c07d11e-353e-851d-e053-ca3ca8c0ca7f,02341,Dublin city and suburbs,Dublin
4c07d11e-353f-851d-e053-ca3ca8c0ca7f,02341,Dublin city and suburbs,Dublin
4c07d11e-3540-851d-e053-ca3ca8c0ca7f,02341,Dublin city and suburbs,Dublin
4c07d11e-3541-851d-e053-ca3ca8c0ca7f,02341,Dublin city and suburbs,Dublin
4c07d11e-3542-851d-e053-ca3ca8c0ca7f,02341,Dublin city and suburbs,Dublin
4c07d11e-3543-851d-e053-ca3ca8c0ca7f,02341,Dublin city and suburbs,Dublin
4c07d11e-3544-851d-e053-ca3ca8c0ca7f,02341,Dublin city and suburbs,Dublin
4c07d11e-3545-851d-e053-ca3ca8c0ca7f,02341,Dublin city and suburbs,Dublin
4c07d11e-3546-851d-e053-ca3ca8c0ca7f,02341,Dublin city and suburbs,Dublin
4c07d11e-3547-851d-e053-ca3ca8c0ca7f,02341,Dublin city and suburbs,Dublin
4c07d11e-3548-851d-e053-ca3ca8c0ca7f,02341,Dublin city and suburbs,Dublin
4c07d11e-3549-851d-e053-ca3ca8c0ca7f,02341,Dublin city and suburbs,Dublin
4c07d11e-354a-851d-e053-ca3ca8c0ca7f,02341,Dublin city and suburbs,Dublin
4c07d11e-354b-851d-e053-ca3ca8c0ca7f,02341,Dublin city and suburbs,Dublin
4c07d11e-354c-851d-e053-ca3ca8c0ca7f,02341,Dublin city and suburbs,Dublin
4c07d11e-354d-851d-e053-ca3ca8c0ca7f,02341,Dublin city and suburbs,Dublin
4c07d11e-354e-851d-e053-ca3ca8c0ca7f,02341,Dublin city and suburbs,Dublin
4c07d11e-354f-851d-e053-ca3ca8c0ca7f,02341,Dublin city and suburbs,Dublin
4c07d11e-3550-851d-e053-ca3ca8c0ca7f,02341,Dublin city and suburbs,Dublin
4c07d11e-3551-851d-e053-ca3ca8c0ca7f,02341,Dublin city and suburbs,Dublin
4c07d11e-3552-851d-e053-ca3ca8c0ca7f,02341,Dublin city and suburbs,Dublin
4c07d11e-3553-851d-e053-ca3ca8c0ca7f,02341,Dublin city and suburbs,Dublin
4c07d11e-3554-851d-e053-ca3ca8c0ca7f,02341,Dublin city and suburbs,Dublin
4c07d11e-3555-851d-e053-ca3ca8c0ca7f,02341,Dublin city and suburbs,Dublin
4c07d11e-3556-851d-e053-ca3ca8c0ca7f,02341,Dublin city and suburbs,Dublin
4c07d11e-3557-851d-e053-ca3ca8c0ca7f,02341,Dublin city and suburbs,Dublin
4c07d11e-3558-851d-e053-ca3ca8c0ca7f,02341,Dublin city and suburbs,Dublin
4c07d11e-3559-851d-e053-ca3ca8c0ca7f,02341,Dublin city and suburbs,Dublin
4c07d11e-355a-851d-e053-ca3ca8c0ca7f,02341,Dublin city and suburbs,Dublin
4c07d11e-355b-851d-e053-ca3ca8c0ca7f,02341,Dublin city and suburbs,Dublin
4c07d11e-355c-851d-e053-ca3ca8c0ca7f,02341,Dublin city and suburbs,Dublin
4c07d11e-355d-851d-e053-ca3ca8c0ca7f,02341,Dublin city and suburbs,Dublin
4c07d11e-355e-851d-e053-ca3ca8c0ca7f,02341,Dublin city and suburbs,Dublin
4c07d11e-355f-851d-e053-ca3ca8c0ca7f,02341,Dublin city and suburbs,Dublin
4c07d11e-3560-851d-e053-ca3ca8c0ca7f,02341,Dublin city and suburbs,Dublin
4c07d11e-3561-851d-e053-ca3ca8c0ca7f,02341,Dublin city and suburbs,Dublin
4c07d11e-3562-851d-e053-ca3ca8c0ca7f,02341,Dublin city and suburbs,Dublin
4c07d11e-3563-851d-e053-ca3ca8c0ca7f,02341,Dublin city and suburbs,Dublin
4c07d11e-3564-851d-e053-ca3ca8c0ca7f,02341,Dublin city and suburbs,Dublin
4c07d11e-3565-851d-e053-ca3ca8c0ca7f,02341,Dublin city and suburbs,Dublin
4c07d11e-3566-851d-e053-ca3ca8c0ca7f,02341,Dublin city and suburbs,Dublin
4c07d11e-3567-851d-e053-ca3ca8c0ca7f,02341,Dublin city and suburbs,Dublin
4c07d11e-3568-851d-e053-ca3ca8c0ca7f,02341,Dublin city and suburbs,Dublin
4c07d11e-3569-851d-e053-ca3ca8c0ca7f,02341,Dublin city and suburbs,Dublin
4c07d11e-356a-851d-e053-ca3ca8c0ca7f,02341,Dublin city and suburbs,Dublin
4c07d11e-356b-851d-e053-ca3ca8c0ca7f,02341,Dublin city and suburbs,Dublin
4c07d11e-356c-851d-e053-ca3ca8c0ca7f,02341,Dublin city and suburbs,Dublin
4c07d11e-356d-851d-e053-ca3ca8c0ca7f,02341,Dublin city and suburbs,Dublin
4c07d11e-356e-851d-e053-ca3ca8c0ca7f,02341,Dublin city and suburbs,Dublin
4c07d11e-356f-851d-e053-ca3ca8c0ca7f,02341,Dublin city and suburbs,Dublin
4c07d11e-3570-851d-e053-ca3ca8c0ca7f,02341,Dublin city and suburbs,Dublin
4c07d11e-3571-851d-e053-ca3ca8c0ca7f,02341,Dublin city and suburbs,Dublin
4c07d11e-3572-851d-e053-ca3ca8c0ca7f,02341,Dublin city and suburbs,Dublin
4c07d11e-3573-851d-e053-ca3ca8c0ca7f,02341,Dublin city and suburbs,Dublin
4c07d11e-3574-851d-e053-ca3ca8c0ca7f,02341,Dublin city and suburbs,Dublin
4c07d11e-3575-851d-e053-ca3ca8c0ca7f,02341,Dublin city and suburbs,Dublin
4c07d11e-3576-851d-e053-ca3ca8c0ca7f,02341,Dublin city and suburbs,Dublin
4c07d11e-3577-851d-e053-ca3ca8c0ca7f,02341,Dublin city and suburbs,Dublin
4c07d11e-3578-851d-e053-ca3ca8c0ca7f,02341,Dublin city and suburbs,Dublin
4c07d11e-3579-851d-e053-ca3ca8c0ca7f,02341,Dublin city and suburbs,Dublin
4c07d11e-357a-851d-e053-ca3ca8c0ca7f,02341,Dublin city and suburbs,Dublin
4c07d11e-357b-851d-e053-ca3ca8c0ca7f,02341,Dublin city and suburbs,Dublin
4c07d11e-357c-851d-e053-ca3ca8c0ca7f,02341,Dublin city and suburbs,Dublin
4c07d11e-357d-851d-e053-ca3ca8c0ca7f,02341,Dublin city and suburbs,Dublin
4c07d11e-357e-851d-e053-ca3ca8c0ca7f,02341,Dublin city and suburbs,Dublin
4c07d11e-357f-851d-e053-ca3ca8c0ca7f,02341,Dublin city and suburbs,Dublin
4c07d11e-3580-851d-e053-ca3ca8c0ca7f,02341,Dublin city and suburbs,Dublin
4c07d11e-3581-851d-e053-ca3ca8c0ca7f,02341,Dublin city and suburbs,Dublin
4c07d11e-3582-851d-e053-ca3ca8c0ca7f,02341,Dublin city and suburbs,Dublin
4c07d11e-3583-851d-e053-ca3ca8c0ca7f,02341,Dublin city and suburbs,Dublin
4c07d11e-3584-851d-e053-ca3ca8c0ca7f,02341,Dublin city and suburbs,Dublin
4c07d11e-3585-851d-e053-ca3ca8c0ca7f,02341,Dublin city and suburbs,Dublin
4c07d11e-3586-851d-e053-ca3ca8c0ca7f,02341,Dublin city and suburbs,Dublin
4c07d11e-3587-851d-e053-ca3ca8c0ca7f,02341,Dublin city and suburbs,Dublin
4c07d11e-3588-851d-e053-ca3ca8c0ca7f,02341,Dublin city and suburbs,Dublin
4c07d11e-3589-851d-e053-ca3ca8c0ca7f,02341,Dublin city and suburbs,Dublin
4c07d11e-358a-851d-e053-ca3ca8c0ca7f,02341,Dublin city and suburbs,Dublin
4c07d11e-358b-851d-e053-ca3ca8c0ca7f,02341,Dublin city and suburbs,Dublin
4c07d11e-358c-851d-e053-ca3ca8c0ca7f,02341,Dublin city and suburbs,Dublin
4c07d11e-358d-851d-e053-ca3ca8c0ca7f,02341,Dublin city and suburbs,Dublin
4c07d11e-358e-851d-e053-ca3ca8c0ca7f,02341,Dublin city and suburbs,Dublin
4c07d11e-358f-851d-e053-ca3ca8c0ca7f,02341,Dublin city and suburbs,Dublin
4c07d11e-3590-851d-e053-ca3ca8c0ca7f,02341,Dublin city and suburbs,Dublin
4c07d11e-3591-851d-e053-ca3ca8c0ca7f,02341,Dublin city and suburbs,Dublin
4c07d11e-3592-851d-e053-ca3ca8c0ca7f,02341,Dublin city and suburbs,Dublin
4c07d11e-3593-851d-e053-ca3ca8c0ca7f,02341,Dublin city and suburbs,Dublin
4c07d11e-3594-851d-e053-ca3ca8c0ca7f,02341,Dublin city and suburbs,Dublin
4c07d11e-3595-851d-e053-ca3ca8c0ca7f,02341,Dublin city and suburbs,Dublin
4c07d11e-3596-851d-e053-ca3ca8c0ca7f,02341,Dublin city and suburbs,Dublin
4c07d11e-3597-851d-e053-ca3ca8c0ca7f,02341,Dublin city and suburbs,Dublin
4c07d11e-3598-851d-e053-ca3ca8c0ca7f,02341,Dublin city and suburbs,Dublin
4c07d11e-3599-851d-e053-ca3ca8c0ca7f,02341,Dublin city and suburbs,Dublin
4c07d11e-359a-851d-e053-ca3ca8c0ca7f,02341,Dublin city and suburbs,Dublin
4c07d11e-359b-851d-e053-ca3ca8c0ca7f,02341,Dublin city and suburbs,Dublin
4c07d11e-359c-851d-e053-ca3ca8c0ca7f,02341,Dublin city and suburbs,Dublin
4c07d11e-359d-851d-e053-ca3ca8c0ca7f,02341,Dublin city and suburbs,Dublin
4c07d11e-359e-851d-e053-ca3ca8c0ca7f,02341,Dublin city and suburbs,Dublin
4c07d11e-359f-851d-e053-ca3ca8c0ca7f,02341,Dublin city and suburbs,Dublin
4c07d11e-35a0-851d-e053-ca3ca8c0ca7f,02341,Dublin city and suburbs,Dublin
4c07d11e-35a1-851d-e053-ca3ca8c0ca7f,02341,Dublin city and suburbs,Dublin
4c07d11e-35a2-851d-e053-ca3ca8c0ca7f,02341,Dublin city and suburbs,Dublin
4c07d11e-35a3-851d-e053-ca3ca8c0ca7f,02341,Dublin city and suburbs,Dublin
4c07d11e-35a4-851d-e053-ca3ca8c0ca7f,02341,Dublin city and suburbs,Dublin
4c07d11e-35a5-851d-e053-ca3ca8c0ca7f,02341,Dublin city and suburbs,Dublin
4c07d11e-35a6-851d-e053-ca3ca8c0ca7f,02341,Dublin city and suburbs,Dublin
4c07d11e-35a7-851d-e053-ca3ca8c0ca7f,02341,Dublin city and suburbs,Dublin
4c07d11e-35a8-851d-e053-ca3ca8c0ca7f,02341,Dublin city and suburbs,Dublin
4c07d11e-35a9-851d-e053-ca3ca8c0ca7f,02341,Dublin city and suburbs,Dublin
4c07d11e-35aa-851d-e053-ca3ca8c0ca7f,02341,Dublin city and suburbs,Dublin
4c07d11e-35ab-851d-e053-ca3ca8c0ca7f,02341,Dublin city and suburbs,Dublin
4c07d11e-35ac-851d-e053-ca3ca8c0ca7f,02341,Dublin city and suburbs,Dublin
4c07d11e-35ad-851d-e053-ca3ca8c0ca7f,02341,Dublin city and suburbs,Dublin
4c07d11e-35ae-851d-e053-ca3ca8c0ca7f,02341,Dublin city and suburbs,Dublin
4c07d11e-35af-851d-e053-ca3ca8c0ca7f,02341,Dublin city and suburbs,Dublin
4c07d11e-35b0-851d-e053-ca3ca8c0ca7f,02341,Dublin city and suburbs,Dublin
4c07d11e-35b1-851d-e053-ca3ca8c0ca7f,02341,Dublin city and suburbs,Dublin
4c07d11e-35b2-851d-e053-ca3ca8c0ca7f,02341,Dublin city and suburbs,Dublin
4c07d11e-35b3-851d-e053-ca3ca8c0ca7f,02341,Dublin city and suburbs,Dublin
4c07d11e-35b4-851d-e053-ca3ca8c0ca7f,02341,Dublin city and suburbs,Dublin
4c07d11e-35b5-851d-e053-ca3ca8c0ca7f,02341,Dublin city and suburbs,Dublin
4c07d11e-35b6-851d-e053-ca3ca8c0ca7f,02341,Dublin city and suburbs,Dublin
4c07d11e-35b7-851d-e053-ca3ca8c0ca7f,02341,Dublin city and suburbs,Dublin
4c07d11e-35b8-851d-e053-ca3ca8c0ca7f,02341,Dublin city and suburbs,Dublin
4c07d11e-35b9-851d-e053-ca3ca8c0ca7f,02341,Dublin city and suburbs,Dublin
4c07d11e-35ba-851d-e053-ca3ca8c0ca7f,02341,Dublin city and suburbs,Dublin
4c07d11e-35bb-851d-e053-ca3ca8c0ca7f,02341,Dublin city and suburbs,Dublin
4c07d11e-35bc-851d-e053-ca3ca8c0ca7f,02341,Dublin city and suburbs,Dublin
4c07d11e-35bd-851d-e053-ca3ca8c0ca7f,02341,Dublin city and suburbs,Dublin
4c07d11e-35be-851d-e053-ca3ca8c0ca7f,02341,Dublin city and suburbs,Dublin
4c07d11e-35bf-851d-e053-ca3ca8c0ca7f,02341,Dublin city and suburbs,Dublin
4c07d11e-35c0-851d-e053-ca3ca8c0ca7f,02341,Dublin city and suburbs,Dublin
4c07d11e-35c1-851d-e053-ca3ca8c0ca7f,02341,Dublin city and suburbs,Dublin
4c07d11e-35c2-851d-e053-ca3ca8c0ca7f,02341,Dublin city and suburbs,Dublin
4c07d11e-35c3-851d-e053-ca3ca8c0ca7f,02341,Dublin city and suburbs,Dublin
4c07d11e-35c4-851d-e053-ca3ca8c0ca7f,02341,Dublin city and suburbs,Dublin
4c07d11e-35c5-851d-e053-ca3ca8c0ca7f,02341,Dublin city and suburbs,Dublin
4c07d11e-35c6-851d-e053-ca3ca8c0ca7f,02341,Dublin city and suburbs,Dublin
4c07d11e-35c7-851d-e053-ca3ca8c0ca7f,02341,Dublin city and suburbs,Dublin
4c07d11e-35c8-851d-e053-ca3ca8c0ca7f,02341,Dublin city and suburbs,Dublin
4c07d11e-35c9-851d-e053-ca3ca8c0ca7f,02341,Dublin city and suburbs,Dublin
4c07d11e-35ca-851d-e053-ca3ca8c0ca7f,02341,Dublin city and suburbs,Dublin
4c07d11e-35cb-851d-e053-ca3ca8c0ca7f,02341,Dublin city and suburbs,Dublin
4c07d11e-35cc-851d-e053-ca3ca8c0ca7f,02341,Dublin city and suburbs,Dublin
4c07d11e-35cd-851d-e053-ca3ca8c0ca7f,02341,Dublin city and suburbs,Dublin
4c07d11e-35ce-851d-e053-ca3ca8c0ca7f,02341,Dublin city and suburbs,Dublin
4c07d11e-35cf-851d-e053-ca3ca8c0ca7f,02341,Dublin city and suburbs,Dublin
4c07d11e-35d0-851d-e053-ca3ca8c0ca7f,02341,Dublin city and suburbs,Dublin
4c07d11e-35d1-851d-e053-ca3ca8c0ca7f,02341,Dublin city and suburbs,Dublin
4c07d11e-35d2-851d-e053-ca3ca8c0ca7f,02341,Dublin city and suburbs,Dublin
4c07d11e-35d3-851d-e053-ca3ca8c0ca7f,02341,Dublin city and suburbs,Dublin
4c07d11e-35d4-851d-e053-ca3ca8c0ca7f,02341,Dublin city and suburbs,Dublin
4c07d11e-35d5-851d-e053-ca3ca8c0ca7f,02341,Dublin city and suburbs,Dublin
4c07d11e-35d6-851d-e053-ca3ca8c0ca7f,02341,Dublin city and suburbs,Dublin
4c07d11e-35d7-851d-e053-ca3ca8c0ca7f,02341,Dublin city and suburbs,Dublin
4c07d11e-35d8-851d-e053-ca3ca8c0ca7f,02341,Dublin city and suburbs,Dublin
4c07d11e-35d9-851d-e053-ca3ca8c0ca7f,02341,Dublin city and suburbs,Dublin
4c07d11e-35da-851d-e053-ca3ca8c0ca7f,02341,Dublin city and suburbs,Dublin
4c07d11e-35db-851d-e053-ca3ca8c0ca7f,02341,Dublin city and suburbs,Dublin
4c07d11e-35dc-851d-e053-ca3ca8c0ca7f,02341,Dublin city and suburbs,Dublin
4c07d11e-35dd-851d-e053-ca3ca8c0ca7f,02341,Dublin city and suburbs,Dublin
4c07d11e-35de-851d-e053-ca3ca8c0ca7f,02341,Dublin city and suburbs,Dublin
4c07d11e-35df-851d-e053-ca3ca8c0ca7f,02341,Dublin city and suburbs,Dublin
4c07d11e-35e0-851d-e053-ca3ca8c0ca7f,02341,Dublin city and suburbs,Dublin
4c07d11e-35e1-851d-e053-ca3ca8c0ca7f,02341,Dublin city and suburbs,Dublin
4c07d11e-35e2-851d-e053-ca3ca8c0ca7f,02341,Dublin city and suburbs,Dublin
4c07d11e-35e3-851d-e053-ca3ca8c0ca7f,02341,Dublin city and suburbs,Dublin
4c07d11e-35e4-851d-e053-ca3ca8c0ca7f,02341,Dublin city and suburbs,Dublin
4c07d11e-35e5-851d-e053-ca3ca8c0ca7f,02341,Dublin city and suburbs,Dublin
4c07d11e-35e6-851d-e053-ca3ca8c0ca7f,02341,Dublin city and suburbs,Dublin
4c07d11e-35e7-851d-e053-ca3ca8c0ca7f,02341,Dublin city and suburbs,Dublin
4c07d11e-35e8-851d-e053-ca3ca8c0ca7f,02341,Dublin city and suburbs,Dublin
4c07d11e-35e9-851d-e053-ca3ca8c0ca7f,02341,Dublin city and suburbs,Dublin
4c07d11e-35ea-851d-e053-ca3ca8c0ca7f,02341,Dublin city and suburbs,Dublin
4c07d11e-35eb-851d-e053-ca3ca8c0ca7f,02341,Dublin city and suburbs,Dublin
4c07d11e-35ec-851d-e053-ca3ca8c0ca7f,02341,Dublin city and suburbs,Dublin
4c07d11e-35ed-851d-e053-ca3ca8c0ca7f,02341,Dublin city and suburbs,Dublin
4c07d11e-35ee-851d-e053-ca3ca8c0ca7f,02341,Dublin city and suburbs,Dublin
4c07d11e-35ef-851d-e053-ca3ca8c0ca7f,02341,Dublin city and suburbs,Dublin
4c07d11e-35f0-851d-e053-ca3ca8c0ca7f,02341,Dublin city and suburbs,Dublin
4c07d11e-35f1-851d-e053-ca3ca8c0ca7f,02341,Dublin city and suburbs,Dublin
4c07d11e-35f2-851d-e053-ca3ca8c0ca7f,02341,Dublin city and suburbs,Dublin
4c07d11e-35f3-851d-e053-ca3ca8c0ca7f,02341,Dublin city and suburbs,Dublin
4c07d11e-35f4-851d-e053-ca3ca8c0ca7f,02341,Dublin city and suburbs,Dublin
4c07d11e-35f5-851d-e053-ca3ca8c0ca7f,02341,Dublin city and suburbs,Dublin
4c07d11e-35f6-851d-e053-ca3ca8c0ca7f,02341,Dublin city and suburbs,Dublin
4c07d11e-35f7-851d-e053-ca3ca8c0ca7f,02341,Dublin city and suburbs,Dublin
4c07d11e-35f8-851d-e053-ca3ca8c0ca7f,02341,Dublin city and suburbs,Dublin
4c07d11e-35f9-851d-e053-ca3ca8c0ca7f,02341,Dublin city and suburbs,Dublin
4c07d11e-35fa-851d-e053-ca3ca8c0ca7f,02341,Dublin city and suburbs,Dublin
4c07d11e-35fb-851d-e053-ca3ca8c0ca7f,02341,Dublin city and suburbs,Dublin
4c07d11e-35fc-851d-e053-ca3ca8c0ca7f,02341,Dublin city and suburbs,Dublin
4c07d11e-35fd-851d-e053-ca3ca8c0ca7f,02341,Dublin city and suburbs,Dublin
4c07d11e-35fe-851d-e053-ca3ca8c0ca7f,02341,Dublin city and suburbs,Dublin
4c07d11e-35ff-851d-e053-ca3ca8c0ca7f,02341,Dublin city and suburbs,Dublin
4c07d11e-3600-851d-e053-ca3ca8c0ca7f,02341,Dublin city and suburbs,Dublin
4c07d11e-3601-851d-e053-ca3ca8c0ca7f,02341,Dublin city and suburbs,Dublin
4c07d11e-3602-851d-e053-ca3ca8c0ca7f,02341,Dublin city and suburbs,Dublin
4c07d11e-3603-851d-e053-ca3ca8c0ca7f,02341,Dublin city and suburbs,Dublin
4c07d11e-3604-851d-e053-ca3ca8c0ca7f,02341,Dublin city and suburbs,Dublin
4c07d11e-3605-851d-e053-ca3ca8c0ca7f,02341,Dublin city and suburbs,Dublin
4c07d11e-3606-851d-e053-ca3ca8c0ca7f,02341,Dublin city and suburbs,Dublin
4c07d11e-3607-851d-e053-ca3ca8c0ca7f,02341,Dublin city and suburbs,Dublin
4c07d11e-3608-851d-e053-ca3ca8c0ca7f,02341,Dublin city and suburbs,Dublin
4c07d11e-3609-851d-e053-ca3ca8c0ca7f,02341,Dublin city and suburbs,Dublin
4c07d11e-360a-851d-e053-ca3ca8c0ca7f,02341,Dublin city and suburbs,Dublin
4c07d11e-360b-851d-e053-ca3ca8c0ca7f,02341,Dublin city and suburbs,Dublin
4c07d11e-360c-851d-e053-ca3ca8c0ca7f,02341,Dublin city and suburbs,Dublin
4c07d11e-360d-851d-e053-ca3ca8c0ca7f,02341,Dublin city and suburbs,Dublin
4c07d11e-360e-851d-e053-ca3ca8c0ca7f,02341,Dublin city and suburbs,Dublin
4c07d11e-360f-851d-e053-ca3ca8c0ca7f,02341,Dublin city and suburbs,Dublin
4c07d11e-3610-851d-e053-ca3ca8c0ca7f,02341,Dublin city and suburbs,Dublin
4c07d11e-3611-851d-e053-ca3ca8c0ca7f,02341,Dublin city and suburbs,Dublin
4c07d11e-3612-851d-e053-ca3ca8c0ca7f,02341,Dublin city and suburbs,Dublin
4c07d11e-3613-851d-e053-ca3ca8c0ca7f,02341,Dublin city and suburbs,Dublin
4c07d11e-3614-851d-e053-ca3ca8c0ca7f,02341,Dublin city and suburbs,Dublin
4c07d11e-3615-851d-e053-ca3ca8c0ca7f,02341,Dublin city and suburbs,Dublin
4c07d11e-3616-851d-e053-ca3ca8c0ca7f,02341,Dublin city and suburbs,Dublin
4c07d11e-3617-851d-e053-ca3ca8c0ca7f,02341,Dublin city and suburbs,Dublin
4c07d11e-3618-851d-e053-ca3ca8c0ca7f,02341,Dublin city and suburbs,Dublin
4c07d11e-3619-851d-e053-ca3ca8c0ca7f,02341,Dublin city and suburbs,Dublin
4c07d11e-361a-851d-e053-ca3ca8c0ca7f,02341,Dublin city and suburbs,Dublin
4c07d11e-361b-851d-e053-ca3ca8c0ca7f,02341,Dublin city and suburbs,Dublin
4c07d11e-361c-851d-e053-ca3ca8c0ca7f,02341,Dublin city and suburbs,Dublin
4c07d11e-361d-851d-e053-ca3ca8c0ca7f,02341,Dublin city and suburbs,Dublin
4c07d11e-361e-851d-e053-ca3ca8c0ca7f,02341,Dublin city and suburbs,Dublin
4c07d11e-361f-851d-e053-ca3ca8c0ca7f,02341,Dublin city and suburbs,Dublin
4c07d11e-3620-851d-e053-ca3ca8c0ca7f,02341,Dublin city and suburbs,Dublin
4c07d11e-3621-851d-e053-ca3ca8c0ca7f,02341,Dublin city and suburbs,Dublin
4c07d11e-3622-851d-e053-ca3ca8c0ca7f,02341,Dublin city and suburbs,Dublin
4c07d11e-3623-851d-e053-ca3ca8c0ca7f,02341,Dublin city and suburbs,Dublin
4c07d11e-3624-851d-e053-ca3ca8c0ca7f,02341,Dublin city and suburbs,Dublin
4c07d11e-3625-851d-e053-ca3ca8c0ca7f,02341,Dublin city and suburbs,Dublin
4c07d11e-3626-851d-e053-ca3ca8c0ca7f,02341,Dublin city and suburbs,Dublin
4c07d11e-3627-851d-e053-ca3ca8c0ca7f,02341,Dublin city and suburbs,Dublin
4c07d11e-3628-851d-e053-ca3ca8c0ca7f,02341,Dublin city and suburbs,Dublin
4c07d11e-3629-851d-e053-ca3ca8c0ca7f,02341,Dublin city and suburbs,Dublin
4c07d11e-362a-851d-e053-ca3ca8c0ca7f,02341,Dublin city and suburbs,Dublin
4c07d11e-362b-851d-e053-ca3ca8c0ca7f,02341,Dublin city and suburbs,Dublin
4c07d11e-362c-851d-e053-ca3ca8c0ca7f,02341,Dublin city and suburbs,Dublin
4c07d11e-362d-851d-e053-ca3ca8c0ca7f,02341,Dublin city and suburbs,Dublin
4c07d11e-362e-851d-e053-ca3ca8c0ca7f,02341,Dublin city and suburbs,Dublin
4c07d11e-362f-851d-e053-ca3ca8c0ca7f,02341,Dublin city and suburbs,Dublin
4c07d11e-3630-851d-e053-ca3ca8c0ca7f,02341,Dublin city and suburbs,Dublin
4c07d11e-3631-851d-e053-ca3ca8c0ca7f,02341,Dublin city and suburbs,Dublin
4c07d11e-3632-851d-e053-ca3ca8c0ca7f,02341,Dublin city and suburbs,Dublin
4c07d11e-3633-851d-e053-ca3ca8c0ca7f,02341,Dublin city and suburbs,Dublin
4c07d11e-3634-851d-e053-ca3ca8c0ca7f,02341,Dublin city and suburbs,Dublin
4c07d11e-3635-851d-e053-ca3ca8c0ca7f,02341,Dublin city and suburbs,Dublin
4c07d11e-3636-851d-e053-ca3ca8c0ca7f,02341,Dublin city and suburbs,Dublin
4c07d11e-3637-851d-e053-ca3ca8c0ca7f,02341,Dublin city and suburbs,Dublin
4c07d11e-3638-851d-e053-ca3ca8c0ca7f,02341,Dublin city and suburbs,Dublin
4c07d11e-3639-851d-e053-ca3ca8c0ca7f,02341,Dublin city and suburbs,Dublin
4c07d11e-363a-851d-e053-ca3ca8c0ca7f,02341,Dublin city and suburbs,Dublin
4c07d11e-363b-851d-e053-ca3ca8c0ca7f,02341,Dublin city and suburbs,Dublin
4c07d11e-363c-851d-e053-ca3ca8c0ca7f,02341,Dublin city and suburbs,Dublin
4c07d11e-363d-851d-e053-ca3ca8c0ca7f,02341,Dublin city and suburbs,Dublin
4c07d11e-363e-851d-e053-ca3ca8c0ca7f,02341,Dublin city and suburbs,Dublin
4c07d11e-363f-851d-e053-ca3ca8c0ca7f,02341,Dublin city and suburbs,Dublin
4c07d11e-3640-851d-e053-ca3ca8c0ca7f,02341,Dublin city and suburbs,Dublin
4c07d11e-3641-851d-e053-ca3ca8c0ca7f,02341,Dublin city and suburbs,Dublin
4c07d11e-3642-851d-e053-ca3ca8c0ca7f,02341,Dublin city and suburbs,Dublin
4c07d11e-3643-851d-e053-ca3ca8c0ca7f,02341,Dublin city and suburbs,Dublin
4c07d11e-3644-851d-e053-ca3ca8c0ca7f,02341,Dublin city and suburbs,Dublin
4c07d11e-3645-851d-e053-ca3ca8c0ca7f,02341,Dublin city and suburbs,Dublin
4c07d11e-3646-851d-e053-ca3ca8c0ca7f,02341,Dublin city and suburbs,Dublin
4c07d11e-3647-851d-e053-ca3ca8c0ca7f,02341,Dublin city and suburbs,Dublin
4c07d11e-3648-851d-e053-ca3ca8c0ca7f,02341,Dublin city and suburbs,Dublin
4c07d11e-3649-851d-e053-ca3ca8c0ca7f,02341,Dublin city and suburbs,Dublin
4c07d11e-364a-851d-e053-ca3ca8c0ca7f,02341,Dublin city and suburbs,Dublin
4c07d11e-364b-851d-e053-ca3ca8c0ca7f,02341,Dublin city and suburbs,Dublin
4c07d11e-364c-851d-e053-ca3ca8c0ca7f,02341,Dublin city and suburbs,Dublin
4c07d11e-364d-851d-e053-ca3ca8c0ca7f,02341,Dublin city and suburbs,Dublin
4c07d11e-364e-851d-e053-ca3ca8c0ca7f,02341,Dublin city and suburbs,Dublin
4c07d11e-364f-851d-e053-ca3ca8c0ca7f,02341,Dublin city and suburbs,Dublin
4c07d11e-3650-851d-e053-ca3ca8c0ca7f,02341,Dublin city and suburbs,Dublin
4c07d11e-3651-851d-e053-ca3ca8c0ca7f,02341,Dublin city and suburbs,Dublin
4c07d11e-3652-851d-e053-ca3ca8c0ca7f,02341,Dublin city and suburbs,Dublin
4c07d11e-3653-851d-e053-ca3ca8c0ca7f,02341,Dublin city and suburbs,Dublin
4c07d11e-3654-851d-e053-ca3ca8c0ca7f,02341,Dublin city and suburbs,Dublin
4c07d11e-3655-851d-e053-ca3ca8c0ca7f,02341,Dublin city and suburbs,Dublin
4c07d11e-3656-851d-e053-ca3ca8c0ca7f,02341,Dublin city and suburbs,Dublin
4c07d11e-3657-851d-e053-ca3ca8c0ca7f,02341,Dublin city and suburbs,Dublin
4c07d11e-3658-851d-e053-ca3ca8c0ca7f,02341,Dublin city and suburbs,Dublin
4c07d11e-3659-851d-e053-ca3ca8c0ca7f,02341,Dublin city and suburbs,Dublin
4c07d11e-365a-851d-e053-ca3ca8c0ca7f,02341,Dublin city and suburbs,Dublin
4c07d11e-365b-851d-e053-ca3ca8c0ca7f,02341,Dublin city and suburbs,Dublin
4c07d11e-365c-851d-e053-ca3ca8c0ca7f,02341,Dublin city and suburbs,Dublin
4c07d11e-365d-851d-e053-ca3ca8c0ca7f,02341,Dublin city and suburbs,Dublin
4c07d11e-365e-851d-e053-ca3ca8c0ca7f,02341,Dublin city and suburbs,Dublin
4c07d11e-365f-851d-e053-ca3ca8c0ca7f,02341,Dublin city and suburbs,Dublin
4c07d11e-3660-851d-e053-ca3ca8c0ca7f,02341,Dublin city and suburbs,Dublin
4c07d11e-3661-851d-e053-ca3ca8c0ca7f,02341,Dublin city and suburbs,Dublin
4c07d11e-3662-851d-e053-ca3ca8c0ca7f,02341,Dublin city and suburbs,Dublin
4c07d11e-3663-851d-e053-ca3ca8c0ca7f,02341,Dublin city and suburbs,Dublin
4c07d11e-3664-851d-e053-ca3ca8c0ca7f,02341,Dublin city and suburbs,Dublin
4c07d11e-3665-851d-e053-ca3ca8c0ca7f,02341,Dublin city and suburbs,Dublin
4c07d11e-3666-851d-e053-ca3ca8c0ca7f,02341,Dublin city and suburbs,Dublin
4c07d11e-3667-851d-e053-ca3ca8c0ca7f,02341,Dublin city and suburbs,Dublin
4c07d11e-3668-851d-e053-ca3ca8c0ca7f,02341,Dublin city and suburbs,Dublin
4c07d11e-3669-851d-e053-ca3ca8c0ca7f,02341,Dublin city and suburbs,Dublin
4c07d11e-366a-851d-e053-ca3ca8c0ca7f,02341,Dublin city and suburbs,Dublin
4c07d11e-366b-851d-e053-ca3ca8c0ca7f,02341,Dublin city and suburbs,Dublin
4c07d11e-366c-851d-e053-ca3ca8c0ca7f,02341,Dublin city and suburbs,Dublin
4c07d11e-366d-851d-e053-ca3ca8c0ca7f,02341,Dublin city and suburbs,Dublin
4c07d11e-366e-851d-e053-ca3ca8c0ca7f,02341,Dublin city and suburbs,Dublin
4c07d11e-366f-851d-e053-ca3ca8c0ca7f,02341,Dublin city and suburbs,Dublin
4c07d11e-3670-851d-e053-ca3ca8c0ca7f,02341,Dublin city and suburbs,Dublin
4c07d11e-3671-851d-e053-ca3ca8c0ca7f,02341,Dublin city and suburbs,Dublin
4c07d11e-3672-851d-e053-ca3ca8c0ca7f,02341,Dublin city and suburbs,Dublin
4c07d11e-3674-851d-e053-ca3ca8c0ca7f,02341,Dublin city and suburbs,Dublin
4c07d11e-3675-851d-e053-ca3ca8c0ca7f,02341,Dublin city and suburbs,Dublin
4c07d11e-3676-851d-e053-ca3ca8c0ca7f,02341,Dublin city and suburbs,Dublin
4c07d11e-3677-851d-e053-ca3ca8c0ca7f,02341,Dublin city and suburbs,Dublin
4c07d11e-3678-851d-e053-ca3ca8c0ca7f,02341,Dublin city and suburbs,Dublin
4c07d11e-3679-851d-e053-ca3ca8c0ca7f,02341,Dublin city and suburbs,Dublin
4c07d11e-367a-851d-e053-ca3ca8c0ca7f,02341,Dublin city and suburbs,Dublin
4c07d11e-367b-851d-e053-ca3ca8c0ca7f,02341,Dublin city and suburbs,Dublin
4c07d11e-367c-851d-e053-ca3ca8c0ca7f,02341,Dublin city and suburbs,Dublin
4c07d11e-367d-851d-e053-ca3ca8c0ca7f,02341,Dublin city and suburbs,Dublin
4c07d11e-367e-851d-e053-ca3ca8c0ca7f,02341,Dublin city and suburbs,Dublin
4c07d11e-367f-851d-e053-ca3ca8c0ca7f,02341,Dublin city and suburbs,Dublin
4c07d11e-3680-851d-e053-ca3ca8c0ca7f,02341,Dublin city and suburbs,Dublin
4c07d11e-3681-851d-e053-ca3ca8c0ca7f,02341,Dublin city and suburbs,Dublin
4c07d11e-3682-851d-e053-ca3ca8c0ca7f,02341,Dublin city and suburbs,Dublin
4c07d11e-3683-851d-e053-ca3ca8c0ca7f,02341,Dublin city and suburbs,Dublin
4c07d11e-3684-851d-e053-ca3ca8c0ca7f,02341,Dublin city and suburbs,Dublin
4c07d11e-3685-851d-e053-ca3ca8c0ca7f,02341,Dublin city and suburbs,Dublin
4c07d11e-3686-851d-e053-ca3ca8c0ca7f,02341,Dublin city and suburbs,Dublin
4c07d11e-3687-851d-e053-ca3ca8c0ca7f,02341,Dublin city and suburbs,Dublin
4c07d11e-3688-851d-e053-ca3ca8c0ca7f,02341,Dublin city and suburbs,Dublin
4c07d11e-3689-851d-e053-ca3ca8c0ca7f,02341,Dublin city and suburbs,Dublin
4c07d11e-368a-851d-e053-ca3ca8c0ca7f,02341,Dublin city and suburbs,Dublin
4c07d11e-368b-851d-e053-ca3ca8c0ca7f,02341,Dublin city and suburbs,Dublin
4c07d11e-368c-851d-e053-ca3ca8c0ca7f,02341,Dublin city and suburbs,Dublin
4c07d11e-368d-851d-e053-ca3ca8c0ca7f,02341,Dublin city and suburbs,Dublin
4c07d11e-368e-851d-e053-ca3ca8c0ca7f,02341,Dublin city and suburbs,Dublin
4c07d11e-368f-851d-e053-ca3ca8c0ca7f,02341,Dublin city and suburbs,Dublin
4c07d11e-3690-851d-e053-ca3ca8c0ca7f,02341,Dublin city and suburbs,Dublin
4c07d11e-3691-851d-e053-ca3ca8c0ca7f,02341,Dublin city and suburbs,Dublin
4c07d11e-3692-851d-e053-ca3ca8c0ca7f,02341,Dublin city and suburbs,Dublin
4c07d11e-3693-851d-e053-ca3ca8c0ca7f,02341,Dublin city and suburbs,Dublin
4c07d11e-3694-851d-e053-ca3ca8c0ca7f,02341,Dublin city and suburbs,Dublin
4c07d11e-3695-851d-e053-ca3ca8c0ca7f,02341,Dublin city and suburbs,Dublin
4c07d11e-3696-851d-e053-ca3ca8c0ca7f,02341,Dublin city and suburbs,Dublin
4c07d11e-3697-851d-e053-ca3ca8c0ca7f,02341,Dublin city and suburbs,Dublin
4c07d11e-3698-851d-e053-ca3ca8c0ca7f,02341,Dublin city and suburbs,Dublin
4c07d11e-3699-851d-e053-ca3ca8c0ca7f,06433,Leixlip,Kildare
4c07d11e-369a-851d-e053-ca3ca8c0ca7f,06433,Leixlip,Kildare
4c07d11e-369b-851d-e053-ca3ca8c0ca7f,02341,Dublin city and suburbs,Dublin
4c07d11e-369c-851d-e053-ca3ca8c0ca7f,02341,Dublin city and suburbs,Dublin
4c07d11e-369d-851d-e053-ca3ca8c0ca7f,02341,Dublin city and suburbs,Dublin
4c07d11e-369e-851d-e053-ca3ca8c0ca7f,02341,Dublin city and suburbs,Dublin
4c07d11e-36a0-851d-e053-ca3ca8c0ca7f,02341,Dublin city and suburbs,Dublin
4c07d11e-36a1-851d-e053-ca3ca8c0ca7f,02341,Dublin city and suburbs,Dublin
4c07d11e-36a2-851d-e053-ca3ca8c0ca7f,02341,Dublin city and suburbs,Dublin
4c07d11e-36a3-851d-e053-ca3ca8c0ca7f,02341,Dublin city and suburbs,Dublin
4c07d11e-36a4-851d-e053-ca3ca8c0ca7f,02341,Dublin city and suburbs,Dublin
4c07d11e-36a5-851d-e053-ca3ca8c0ca7f,02341,Dublin city and suburbs,Dublin
4c07d11e-36a6-851d-e053-ca3ca8c0ca7f,06433,Leixlip,Kildare
4c07d11e-36a7-851d-e053-ca3ca8c0ca7f,06433,Leixlip,Kildare
4c07d11e-36a8-851d-e053-ca3ca8c0ca7f,06433,Leixlip,Kildare
4c07d11e-36a9-851d-e053-ca3ca8c0ca7f,02341,Dublin city and suburbs,Dublin
4c07d11e-36aa-851d-e053-ca3ca8c0ca7f,11409,Dunboyne,Meath
4c07d11e-36ab-851d-e053-ca3ca8c0ca7f,11409,Dunboyne,Meath
4c07d11e-36ad-851d-e053-ca3ca8c0ca7f,02341,Dublin city and suburbs,Dublin
4c07d11e-36ae-851d-e053-ca3ca8c0ca7f,02341,Dublin city and suburbs,Dublin
4c07d11e-36af-851d-e053-ca3ca8c0ca7f,02341,Dublin city and suburbs,Dublin
4c07d11e-36b0-851d-e053-ca3ca8c0ca7f,02341,Dublin city and suburbs,Dublin
4c07d11e-36b1-851d-e053-ca3ca8c0ca7f,02341,Dublin city and suburbs,Dublin
4c07d11e-36b2-851d-e053-ca3ca8c0ca7f,02341,Dublin city and suburbs,Dublin
4c07d11e-36b3-851d-e053-ca3ca8c0ca7f,02341,Dublin city and suburbs,Dublin
4c07d11e-36b4-851d-e053-ca3ca8c0ca7f,02341,Dublin city and suburbs,Dublin
4c07d11e-36b5-851d-e053-ca3ca8c0ca7f,02341,Dublin city and suburbs,Dublin
4c07d11e-36b6-851d-e053-ca3ca8c0ca7f,02341,Dublin city and suburbs,Dublin
4c07d11e-36b7-851d-e053-ca3ca8c0ca7f,02341,Dublin city and suburbs,Dublin
4c07d11e-36b8-851d-e053-ca3ca8c0ca7f,02341,Dublin city and suburbs,Dublin
4c07d11e-36b9-851d-e053-ca3ca8c0ca7f,02341,Dublin city and suburbs,Dublin
4c07d11e-36ba-851d-e053-ca3ca8c0ca7f,02341,Dublin city and suburbs,Dublin
4c07d11e-36bb-851d-e053-ca3ca8c0ca7f,02341,Dublin city and suburbs,Dublin
4c07d11e-36bc-851d-e053-ca3ca8c0ca7f,02341,Dublin city and suburbs,Dublin
4c07d11e-36bd-851d-e053-ca3ca8c0ca7f,02341,Dublin city and suburbs,Dublin
4c07d11e-36be-851d-e053-ca3ca8c0ca7f,02341,Dublin city and suburbs,Dublin
4c07d11e-36bf-851d-e053-ca3ca8c0ca7f,02341,Dublin city and suburbs,Dublin
4c07d11e-36c0-851d-e053-ca3ca8c0ca7f,02341,Dublin city and suburbs,Dublin
4c07d11e-36c1-851d-e053-ca3ca8c0ca7f,02341,Dublin city and suburbs,Dublin
4c07d11e-36c2-851d-e053-ca3ca8c0ca7f,02341,Dublin city and suburbs,Dublin
4c07d11e-36c3-851d-e053-ca3ca8c0ca7f,02341,Dublin city and suburbs,Dublin
4c07d11e-36c4-851d-e053-ca3ca8c0ca7f,02341,Dublin city and suburbs,Dublin
4c07d11e-36c5-851d-e053-ca3ca8c0ca7f,02341,Dublin city and suburbs,Dublin
4c07d11e-36c6-851d-e053-ca3ca8c0ca7f,02341,Dublin city and suburbs,Dublin
4c07d11e-36c7-851d-e053-ca3ca8c0ca7f,02341,Dublin city and suburbs,Dublin
4c07d11e-36c8-851d-e053-ca3ca8c0ca7f,02341,Dublin city and suburbs,Dublin
4c07d11e-36c9-851d-e053-ca3ca8c0ca7f,02341,Dublin city and suburbs,Dublin
4c07d11e-36ca-851d-e053-ca3ca8c0ca7f,02341,Dublin city and suburbs,Dublin
4c07d11e-36cb-851d-e053-ca3ca8c0ca7f,02341,Dublin city and suburbs,Dublin
4c07d11e-36cc-851d-e053-ca3ca8c0ca7f,02341,Dublin city and suburbs,Dublin
4c07d11e-36cd-851d-e053-ca3ca8c0ca7f,02341,Dublin city and suburbs,Dublin
4c07d11e-36ce-851d-e053-ca3ca8c0ca7f,02341,Dublin city and suburbs,Dublin
4c07d11e-36d0-851d-e053-ca3ca8c0ca7f,02341,Dublin city and suburbs,Dublin
4c07d11e-36d1-851d-e053-ca3ca8c0ca7f,02341,Dublin city and suburbs,Dublin
4c07d11e-36d2-851d-e053-ca3ca8c0ca7f,02341,Dublin city and suburbs,Dublin
4c07d11e-36d3-851d-e053-ca3ca8c0ca7f,02341,Dublin city and suburbs,Dublin
4c07d11e-36d4-851d-e053-ca3ca8c0ca7f,02341,Dublin city and suburbs,Dublin
4c07d11e-36d5-851d-e053-ca3ca8c0ca7f,02341,Dublin city and suburbs,Dublin
4c07d11e-36d6-851d-e053-ca3ca8c0ca7f,02341,Dublin city and suburbs,Dublin
4c07d11e-36d7-851d-e053-ca3ca8c0ca7f,02341,Dublin city and suburbs,Dublin
4c07d11e-36d8-851d-e053-ca3ca8c0ca7f,02341,Dublin city and suburbs,Dublin
4c07d11e-36d9-851d-e053-ca3ca8c0ca7f,02341,Dublin city and suburbs,Dublin
4c07d11e-36da-851d-e053-ca3ca8c0ca7f,02341,Dublin city and suburbs,Dublin
4c07d11e-36db-851d-e053-ca3ca8c0ca7f,02341,Dublin city and suburbs,Dublin
4c07d11e-36dc-851d-e053-ca3ca8c0ca7f,02341,Dublin city and suburbs,Dublin
4c07d11e-36dd-851d-e053-ca3ca8c0ca7f,02341,Dublin city and suburbs,Dublin
4c07d11e-36de-851d-e053-ca3ca8c0ca7f,02341,Dublin city and suburbs,Dublin
4c07d11e-36df-851d-e053-ca3ca8c0ca7f,02341,Dublin city and suburbs,Dublin
4c07d11e-36e0-851d-e053-ca3ca8c0ca7f,02341,Dublin city and suburbs,Dublin
4c07d11e-36e1-851d-e053-ca3ca8c0ca7f,02341,Dublin city and suburbs,Dublin
4c07d11e-36e2-851d-e053-ca3ca8c0ca7f,02341,Dublin city and suburbs,Dublin
4c07d11e-36e3-851d-e053-ca3ca8c0ca7f,02341,Dublin city and suburbs,Dublin
4c07d11e-36e4-851d-e053-ca3ca8c0ca7f,02341,Dublin city and suburbs,Dublin
4c07d11e-36e5-851d-e053-ca3ca8c0ca7f,02341,Dublin city and suburbs,Dublin
4c07d11e-36e6-851d-e053-ca3ca8c0ca7f,02341,Dublin city and suburbs,Dublin
4c07d11e-36e7-851d-e053-ca3ca8c0ca7f,02341,Dublin city and suburbs,Dublin
4c07d11e-36e8-851d-e053-ca3ca8c0ca7f,02341,Dublin city and suburbs,Dublin
4c07d11e-36e9-851d-e053-ca3ca8c0ca7f,02341,Dublin city and suburbs,Dublin
4c07d11e-36ea-851d-e053-ca3ca8c0ca7f,02341,Dublin city and suburbs,Dublin
4c07d11e-36eb-851d-e053-ca3ca8c0ca7f,02341,Dublin city and suburbs,Dublin
4c07d11e-36ec-851d-e053-ca3ca8c0ca7f,02341,Dublin city and suburbs,Dublin
4c07d11e-36ed-851d-e053-ca3ca8c0ca7f,02341,Dublin city and suburbs,Dublin
4c07d11e-36ee-851d-e053-ca3ca8c0ca7f,02341,Dublin city and suburbs,Dublin
4c07d11e-36ef-851d-e053-ca3ca8c0ca7f,02341,Dublin city and suburbs,Dublin
4c07d11e-36f0-851d-e053-ca3ca8c0ca7f,02341,Dublin city and suburbs,Dublin
4c07d11e-36f1-851d-e053-ca3ca8c0ca7f,02341,Dublin city and suburbs,Dublin
4c07d11e-36f2-851d-e053-ca3ca8c0ca7f,02341,Dublin city and suburbs,Dublin
4c07d11e-36f3-851d-e053-ca3ca8c0ca7f,02341,Dublin city and suburbs,Dublin
4c07d11e-36f4-851d-e053-ca3ca8c0ca7f,02341,Dublin city and suburbs,Dublin
4c07d11e-36f5-851d-e053-ca3ca8c0ca7f,02341,Dublin city and suburbs,Dublin
4c07d11e-36f6-851d-e053-ca3ca8c0ca7f,02341,Dublin city and suburbs,Dublin
4c07d11e-36f7-851d-e053-ca3ca8c0ca7f,02341,Dublin city and suburbs,Dublin
4c07d11e-36f8-851d-e053-ca3ca8c0ca7f,02341,Dublin city and suburbs,Dublin
4c07d11e-36f9-851d-e053-ca3ca8c0ca7f,02341,Dublin city and suburbs,Dublin
4c07d11e-36fa-851d-e053-ca3ca8c0ca7f,02341,Dublin city and suburbs,Dublin
4c07d11e-36fb-851d-e053-ca3ca8c0ca7f,02341,Dublin city and suburbs,Dublin
4c07d11e-36fc-851d-e053-ca3ca8c0ca7f,02341,Dublin city and suburbs,Dublin
4c07d11e-36fd-851d-e053-ca3ca8c0ca7f,02341,Dublin city and suburbs,Dublin
4c07d11e-36fe-851d-e053-ca3ca8c0ca7f,02341,Dublin city and suburbs,Dublin
4c07d11e-36ff-851d-e053-ca3ca8c0ca7f,02341,Dublin city and suburbs,Dublin
4c07d11e-3700-851d-e053-ca3ca8c0ca7f,02341,Dublin city and suburbs,Dublin
4c07d11e-3701-851d-e053-ca3ca8c0ca7f,02341,Dublin city and suburbs,Dublin
4c07d11e-3702-851d-e053-ca3ca8c0ca7f,02341,Dublin city and suburbs,Dublin
4c07d11e-3703-851d-e053-ca3ca8c0ca7f,02341,Dublin city and suburbs,Dublin
4c07d11e-3704-851d-e053-ca3ca8c0ca7f,02341,Dublin city and suburbs,Dublin
4c07d11e-3705-851d-e053-ca3ca8c0ca7f,02341,Dublin city and suburbs,Dublin
4c07d11e-3706-851d-e053-ca3ca8c0ca7f,02341,Dublin city and suburbs,Dublin
4c07d11e-3707-851d-e053-ca3ca8c0ca7f,02341,Dublin city and suburbs,Dublin
4c07d11e-3708-851d-e053-ca3ca8c0ca7f,02341,Dublin city and suburbs,Dublin
4c07d11e-3709-851d-e053-ca3ca8c0ca7f,02341,Dublin city and suburbs,Dublin
4c07d11e-370a-851d-e053-ca3ca8c0ca7f,02341,Dublin city and suburbs,Dublin
4c07d11e-370b-851d-e053-ca3ca8c0ca7f,02341,Dublin city and suburbs,Dublin
4c07d11e-370c-851d-e053-ca3ca8c0ca7f,02341,Dublin city and suburbs,Dublin
4c07d11e-370d-851d-e053-ca3ca8c0ca7f,02341,Dublin city and suburbs,Dublin
4c07d11e-370e-851d-e053-ca3ca8c0ca7f,02341,Dublin city and suburbs,Dublin
4c07d11e-370f-851d-e053-ca3ca8c0ca7f,02341,Dublin city and suburbs,Dublin
4c07d11e-3710-851d-e053-ca3ca8c0ca7f,02341,Dublin city and suburbs,Dublin
4c07d11e-3711-851d-e053-ca3ca8c0ca7f,02341,Dublin city and suburbs,Dublin
4c07d11e-3712-851d-e053-ca3ca8c0ca7f,02341,Dublin city and suburbs,Dublin
4c07d11e-3713-851d-e053-ca3ca8c0ca7f,02341,Dublin city and suburbs,Dublin
4c07d11e-3714-851d-e053-ca3ca8c0ca7f,02341,Dublin city and suburbs,Dublin
4c07d11e-3715-851d-e053-ca3ca8c0ca7f,02341,Dublin city and suburbs,Dublin
4c07d11e-3716-851d-e053-ca3ca8c0ca7f,02341,Dublin city and suburbs,Dublin
4c07d11e-3717-851d-e053-ca3ca8c0ca7f,02341,Dublin city and suburbs,Dublin
4c07d11e-3718-851d-e053-ca3ca8c0ca7f,02341,Dublin city and suburbs,Dublin
4c07d11e-3719-851d-e053-ca3ca8c0ca7f,02341,Dublin city and suburbs,Dublin
4c07d11e-371a-851d-e053-ca3ca8c0ca7f,02341,Dublin city and suburbs,Dublin
4c07d11e-371b-851d-e053-ca3ca8c0ca7f,02341,Dublin city and suburbs,Dublin
4c07d11e-371c-851d-e053-ca3ca8c0ca7f,02341,Dublin city and suburbs,Dublin
4c07d11e-371e-851d-e053-ca3ca8c0ca7f,02341,Dublin city and suburbs,Dublin
4c07d11e-371f-851d-e053-ca3ca8c0ca7f,02341,Dublin city and suburbs,Dublin
4c07d11e-3720-851d-e053-ca3ca8c0ca7f,02341,Dublin city and suburbs,Dublin
4c07d11e-3721-851d-e053-ca3ca8c0ca7f,02341,Dublin city and suburbs,Dublin
4c07d11e-3722-851d-e053-ca3ca8c0ca7f,02341,Dublin city and suburbs,Dublin
4c07d11e-3723-851d-e053-ca3ca8c0ca7f,02341,Dublin city and suburbs,Dublin
4c07d11e-3724-851d-e053-ca3ca8c0ca7f,02341,Dublin city and suburbs,Dublin
4c07d11e-3725-851d-e053-ca3ca8c0ca7f,02341,Dublin city and suburbs,Dublin
4c07d11e-3726-851d-e053-ca3ca8c0ca7f,02341,Dublin city and suburbs,Dublin
4c07d11e-3727-851d-e053-ca3ca8c0ca7f,02341,Dublin city and suburbs,Dublin
4c07d11e-3728-851d-e053-ca3ca8c0ca7f,02341,Dublin city and suburbs,Dublin
4c07d11e-3729-851d-e053-ca3ca8c0ca7f,02341,Dublin city and suburbs,Dublin
4c07d11e-372a-851d-e053-ca3ca8c0ca7f,02341,Dublin city and suburbs,Dublin
4c07d11e-372b-851d-e053-ca3ca8c0ca7f,02341,Dublin city and suburbs,Dublin
4c07d11e-372c-851d-e053-ca3ca8c0ca7f,02341,Dublin city and suburbs,Dublin
4c07d11e-372d-851d-e053-ca3ca8c0ca7f,02341,Dublin city and suburbs,Dublin
4c07d11e-372e-851d-e053-ca3ca8c0ca7f,02341,Dublin city and suburbs,Dublin
4c07d11e-372f-851d-e053-ca3ca8c0ca7f,02341,Dublin city and suburbs,Dublin
4c07d11e-3730-851d-e053-ca3ca8c0ca7f,02341,Dublin city and suburbs,Dublin
4c07d11e-3731-851d-e053-ca3ca8c0ca7f,02341,Dublin city and suburbs,Dublin
4c07d11e-3732-851d-e053-ca3ca8c0ca7f,02341,Dublin city and suburbs,Dublin
4c07d11e-3733-851d-e053-ca3ca8c0ca7f,02341,Dublin city and suburbs,Dublin
4c07d11e-3734-851d-e053-ca3ca8c0ca7f,02341,Dublin city and suburbs,Dublin
4c07d11e-3735-851d-e053-ca3ca8c0ca7f,02341,Dublin city and suburbs,Dublin
4c07d11e-3736-851d-e053-ca3ca8c0ca7f,02341,Dublin city and suburbs,Dublin
4c07d11e-3737-851d-e053-ca3ca8c0ca7f,02341,Dublin city and suburbs,Dublin
4c07d11e-3738-851d-e053-ca3ca8c0ca7f,04354,Swords,Dublin
4c07d11e-3739-851d-e053-ca3ca8c0ca7f,04354,Swords,Dublin
4c07d11e-373a-851d-e053-ca3ca8c0ca7f,04354,Swords,Dublin
4c07d11e-373b-851d-e053-ca3ca8c0ca7f,04354,Swords,Dublin
4c07d11e-373c-851d-e053-ca3ca8c0ca7f,02341,Dublin city and suburbs,Dublin
4c07d11e-373d-851d-e053-ca3ca8c0ca7f,02341,Dublin city and suburbs,Dublin
4c07d11e-373e-851d-e053-ca3ca8c0ca7f,02341,Dublin city and suburbs,Dublin
4c07d11e-373f-851d-e053-ca3ca8c0ca7f,02341,Dublin city and suburbs,Dublin
4c07d11e-3740-851d-e053-ca3ca8c0ca7f,02341,Dublin city and suburbs,Dublin
4c07d11e-3741-851d-e053-ca3ca8c0ca7f,02341,Dublin city and suburbs,Dublin
4c07d11e-3742-851d-e053-ca3ca8c0ca7f,02341,Dublin city and suburbs,Dublin
4c07d11e-3743-851d-e053-ca3ca8c0ca7f,02341,Dublin city and suburbs,Dublin
4c07d11e-3744-851d-e053-ca3ca8c0ca7f,04354,Swords,Dublin
4c07d11e-3745-851d-e053-ca3ca8c0ca7f,04354,Swords,Dublin
4c07d11e-3746-851d-e053-ca3ca8c0ca7f,04354,Swords,Dublin
4c07d11e-3747-851d-e053-ca3ca8c0ca7f,04354,Swords,Dublin
4c07d11e-3748-851d-e053-ca3ca8c0ca7f,02341,Dublin city and suburbs,Dublin
4c07d11e-3749-851d-e053-ca3ca8c0ca7f,02341,Dublin city and suburbs,Dublin
4c07d11e-374a-851d-e053-ca3ca8c0ca7f,02341,Dublin city and suburbs,Dublin
4c07d11e-374b-851d-e053-ca3ca8c0ca7f,02341,Dublin city and suburbs,Dublin
4c07d11e-374c-851d-e053-ca3ca8c0ca7f,02341,Dublin city and suburbs,Dublin
4c07d11e-374d-851d-e053-ca3ca8c0ca7f,04354,Swords,Dublin
4c07d11e-374e-851d-e053-ca3ca8c0ca7f,04354,Swords,Dublin
4c07d11e-374f-851d-e053-ca3ca8c0ca7f,04354,Swords,Dublin
4c07d11e-3750-851d-e053-ca3ca8c0ca7f,04354,Swords,Dublin
4c07d11e-3751-851d-e053-ca3ca8c0ca7f,04354,Swords,Dublin
4c07d11e-3752-851d-e053-ca3ca8c0ca7f,04354,Swords,Dublin
4c07d11e-3753-851d-e053-ca3ca8c0ca7f,02341,Dublin city and suburbs,Dublin
4c07d11e-3754-851d-e053-ca3ca8c0ca7f,02341,Dublin city and suburbs,Dublin
4c07d11e-3755-851d-e053-ca3ca8c0ca7f,02341,Dublin city and suburbs,Dublin
4c07d11e-3756-851d-e053-ca3ca8c0ca7f,02341,Dublin city and suburbs,Dublin
4c07d11e-3757-851d-e053-ca3ca8c0ca7f,02341,Dublin city and suburbs,Dublin
4c07d11e-3758-851d-e053-ca3ca8c0ca7f,02341,Dublin city and suburbs,Dublin
4c07d11e-3759-851d-e053-ca3ca8c0ca7f,04354,Swords,Dublin
4c07d11e-375a-851d-e053-ca3ca8c0ca7f,04354,Swords,Dublin
4c07d11e-375b-851d-e053-ca3ca8c0ca7f,04354,Swords,Dublin
4c07d11e-375c-851d-e053-ca3ca8c0ca7f,04354,Swords,Dublin
4c07d11e-375d-851d-e053-ca3ca8c0ca7f,04354,Swords,Dublin
4c07d11e-375e-851d-e053-ca3ca8c0ca7f,04354,Swords,Dublin
4c07d11e-375f-851d-e053-ca3ca8c0ca7f,02341,Dublin city and suburbs,Dublin
4c07d11e-3760-851d-e053-ca3ca8c0ca7f,02341,Dublin city and suburbs,Dublin
4c07d11e-3761-851d-e053-ca3ca8c0ca7f,02341,Dublin city and suburbs,Dublin
4c07d11e-3762-851d-e053-ca3ca8c0ca7f,02341,Dublin city and suburbs,Dublin
4c07d11e-3763-851d-e053-ca3ca8c0ca7f,02341,Dublin city and suburbs,Dublin
4c07d11e-3764-851d-e053-ca3ca8c0ca7f,02341,Dublin city and suburbs,Dublin
4c07d11e-3765-851d-e053-ca3ca8c0ca7f,02341,Dublin city and suburbs,Dublin
4c07d11e-3766-851d-e053-ca3ca8c0ca7f,02341,Dublin city and suburbs,Dublin
4c07d11e-3767-851d-e053-ca3ca8c0ca7f,02341,Dublin city and suburbs,Dublin
4c07d11e-3768-851d-e053-ca3ca8c0ca7f,04354,Swords,Dublin
4c07d11e-3769-851d-e053-ca3ca8c0ca7f,04354,Swords,Dublin
4c07d11e-376a-851d-e053-ca3ca8c0ca7f,04354,Swords,Dublin
4c07d11e-376b-851d-e053-ca3ca8c0ca7f,04354,Swords,Dublin
4c07d11e-376c-851d-e053-ca3ca8c0ca7f,04354,Swords,Dublin
4c07d11e-376d-851d-e053-ca3ca8c0ca7f,02341,Dublin city and suburbs,Dublin
4c07d11e-376e-851d-e053-ca3ca8c0ca7f,02341,Dublin city and suburbs,Dublin
4c07d11e-376f-851d-e053-ca3ca8c0ca7f,02341,Dublin city and suburbs,Dublin
4c07d11e-3770-851d-e053-ca3ca8c0ca7f,02341,Dublin city and suburbs,Dublin
4c07d11e-3771-851d-e053-ca3ca8c0ca7f,02341,Dublin city and suburbs,Dublin
4c07d11e-3772-851d-e053-ca3ca8c0ca7f,02341,Dublin city and suburbs,Dublin
4c07d11e-3773-851d-e053-ca3ca8c0ca7f,02341,Dublin city and suburbs,Dublin
4c07d11e-3774-851d-e053-ca3ca8c0ca7f,02341,Dublin city and suburbs,Dublin
4c07d11e-3776-851d-e053-ca3ca8c0ca7f,02341,Dublin city and suburbs,Dublin
4c07d11e-3777-851d-e053-ca3ca8c0ca7f,04354,Swords,Dublin
4c07d11e-3778-851d-e053-ca3ca8c0ca7f,04354,Swords,Dublin
4c07d11e-3779-851d-e053-ca3ca8c0ca7f,04354,Swords,Dublin
4c07d11e-377a-851d-e053-ca3ca8c0ca7f,04354,Swords,Dublin
4c07d11e-377b-851d-e053-ca3ca8c0ca7f,04354,Swords,Dublin
4c07d11e-377c-851d-e053-ca3ca8c0ca7f,02341,Dublin city and suburbs,Dublin
4c07d11e-377d-851d-e053-ca3ca8c0ca7f,02341,Dublin city and suburbs,Dublin
4c07d11e-377e-851d-e053-ca3ca8c0ca7f,02341,Dublin city and suburbs,Dublin
4c07d11e-377f-851d-e053-ca3ca8c0ca7f,02341,Dublin city and suburbs,Dublin
4c07d11e-3780-851d-e053-ca3ca8c0ca7f,02341,Dublin city and suburbs,Dublin
4c07d11e-3781-851d-e053-ca3ca8c0ca7f,02341,Dublin city and suburbs,Dublin
4c07d11e-3782-851d-e053-ca3ca8c0ca7f,04354,Swords,Dublin
4c07d11e-3783-851d-e053-ca3ca8c0ca7f,04354,Swords,Dublin
4c07d11e-3784-851d-e053-ca3ca8c0ca7f,04354,Swords,Dublin
4c07d11e-3785-851d-e053-ca3ca8c0ca7f,04354,Swords,Dublin
4c07d11e-3786-851d-e053-ca3ca8c0ca7f,02341,Dublin city and suburbs,Dublin
4c07d11e-3787-851d-e053-ca3ca8c0ca7f,02341,Dublin city and suburbs,Dublin
4c07d11e-3788-851d-e053-ca3ca8c0ca7f,02341,Dublin city and suburbs,Dublin
4c07d11e-3789-851d-e053-ca3ca8c0ca7f,02341,Dublin city and suburbs,Dublin
4c07d11e-378a-851d-e053-ca3ca8c0ca7f,02341,Dublin city and suburbs,Dublin
4c07d11e-378b-851d-e053-ca3ca8c0ca7f,02341,Dublin city and suburbs,Dublin
4c07d11e-378c-851d-e053-ca3ca8c0ca7f,02341,Dublin city and suburbs,Dublin
4c07d11e-378d-851d-e053-ca3ca8c0ca7f,02341,Dublin city and suburbs,Dublin
4c07d11e-378e-851d-e053-ca3ca8c0ca7f,02341,Dublin city and suburbs,Dublin
4c07d11e-378f-851d-e053-ca3ca8c0ca7f,04354,Swords,Dublin
4c07d11e-3790-851d-e053-ca3ca8c0ca7f,04353,Kinsealy-Drinan,Dublin
4c07d11e-3791-851d-e053-ca3ca8c0ca7f,04353,Kinsealy-Drinan,Dublin
4c07d11e-3792-851d-e053-ca3ca8c0ca7f,04353,Kinsealy-Drinan,Dublin
4c07d11e-3793-851d-e053-ca3ca8c0ca7f,04353,Kinsealy-Drinan,Dublin
4c07d11e-3794-851d-e053-ca3ca8c0ca7f,02341,Dublin city and suburbs,Dublin
4c07d11e-3795-851d-e053-ca3ca8c0ca7f,02341,Dublin city and suburbs,Dublin
4c07d11e-3796-851d-e053-ca3ca8c0ca7f,02341,Dublin city and suburbs,Dublin
4c07d11e-3797-851d-e053-ca3ca8c0ca7f,02341,Dublin city and suburbs,Dublin
4c07d11e-3798-851d-e053-ca3ca8c0ca7f,02341,Dublin city and suburbs,Dublin
4c07d11e-3799-851d-e053-ca3ca8c0ca7f,02341,Dublin city and suburbs,Dublin
4c07d11e-379a-851d-e053-ca3ca8c0ca7f,02341,Dublin city and suburbs,Dublin
4c07d11e-379b-851d-e053-ca3ca8c0ca7f,02341,Dublin city and suburbs,Dublin
4c07d11e-379c-851d-e053-ca3ca8c0ca7f,02341,Dublin city and suburbs,Dublin
4c07d11e-379d-851d-e053-ca3ca8c0ca7f,02341,Dublin city and suburbs,Dublin
4c07d11e-379e-851d-e053-ca3ca8c0ca7f,02341,Dublin city and suburbs,Dublin
4c07d11e-379f-851d-e053-ca3ca8c0ca7f,02341,Dublin city and suburbs,Dublin
4c07d11e-37a0-851d-e053-ca3ca8c0ca7f,04353,Kinsealy-Drinan,Dublin
4c07d11e-37a1-851d-e053-ca3ca8c0ca7f,04353,Kinsealy-Drinan,Dublin
4c07d11e-37a2-851d-e053-ca3ca8c0ca7f,04353,Kinsealy-Drinan,Dublin
4c07d11e-37a3-851d-e053-ca3ca8c0ca7f,04353,Kinsealy-Drinan,Dublin
4c07d11e-37a4-851d-e053-ca3ca8c0ca7f,04353,Kinsealy-Drinan,Dublin
4c07d11e-37a5-851d-e053-ca3ca8c0ca7f,02341,Dublin city and suburbs,Dublin
4c07d11e-37a6-851d-e053-ca3ca8c0ca7f,02341,Dublin city and suburbs,Dublin
4c07d11e-37a7-851d-e053-ca3ca8c0ca7f,02341,Dublin city and suburbs,Dublin
4c07d11e-37a8-851d-e053-ca3ca8c0ca7f,02341,Dublin city and suburbs,Dublin
4c07d11e-37a9-851d-e053-ca3ca8c0ca7f,02341,Dublin city and suburbs,Dublin
4c07d11e-37aa-851d-e053-ca3ca8c0ca7f,02341,Dublin city and suburbs,Dublin
4c07d11e-37ab-851d-e053-ca3ca8c0ca7f,02341,Dublin city and suburbs,Dublin
4c07d11e-37ac-851d-e053-ca3ca8c0ca7f,02341,Dublin city and suburbs,Dublin
4c07d11e-37ad-851d-e053-ca3ca8c0ca7f,02341,Dublin city and suburbs,Dublin
4c07d11e-37ae-851d-e053-ca3ca8c0ca7f,02341,Dublin city and suburbs,Dublin
4c07d11e-37af-851d-e053-ca3ca8c0ca7f,02341,Dublin city and suburbs,Dublin
4c07d11e-37b0-851d-e053-ca3ca8c0ca7f,02341,Dublin city and suburbs,Dublin
4c07d11e-37b1-851d-e053-ca3ca8c0ca7f,02341,Dublin city and suburbs,Dublin
4c07d11e-37b2-851d-e053-ca3ca8c0ca7f,04346,Portmarnock,Dublin
4c07d11e-37b3-851d-e053-ca3ca8c0ca7f,04353,Kinsealy-Drinan,Dublin
4c07d11e-37b4-851d-e053-ca3ca8c0ca7f,04353,Kinsealy-Drinan,Dublin
4c07d11e-37b5-851d-e053-ca3ca8c0ca7f,02341,Dublin city and suburbs,Dublin
4c07d11e-37b6-851d-e053-ca3ca8c0ca7f,02341,Dublin city and suburbs,Dublin
4c07d11e-37b7-851d-e053-ca3ca8c0ca7f,02341,Dublin city and suburbs,Dublin
4c07d11e-37b8-851d-e053-ca3ca8c0ca7f,02341,Dublin city and suburbs,Dublin
4c07d11e-37b9-851d-e053-ca3ca8c0ca7f,02341,Dublin city and suburbs,Dublin
4c07d11e-37ba-851d-e053-ca3ca8c0ca7f,02341,Dublin city and suburbs,Dublin
4c07d11e-37bb-851d-e053-ca3ca8c0ca7f,02341,Dublin city and suburbs,Dublin
4c07d11e-37bc-851d-e053-ca3ca8c0ca7f,02341,Dublin city and suburbs,Dublin
4c07d11e-37bd-851d-e053-ca3ca8c0ca7f,02341,Dublin city and suburbs,Dublin
4c07d11e-37be-851d-e053-ca3ca8c0ca7f,02341,Dublin city and suburbs,Dublin
4c07d11e-37bf-851d-e053-ca3ca8c0ca7f,04353,Kinsealy-Drinan,Dublin
4c07d11e-37c0-851d-e053-ca3ca8c0ca7f,04353,Kinsealy-Drinan,Dublin
4c07d11e-37c1-851d-e053-ca3ca8c0ca7f,04353,Kinsealy-Drinan,Dublin
4c07d11e-37c2-851d-e053-ca3ca8c0ca7f,02341,Dublin city and suburbs,Dublin
4c07d11e-37c3-851d-e053-ca3ca8c0ca7f,02341,Dublin city and suburbs,Dublin
4c07d11e-37c4-851d-e053-ca3ca8c0ca7f,02341,Dublin city and suburbs,Dublin
4c07d11e-37c5-851d-e053-ca3ca8c0ca7f,02341,Dublin city and suburbs,Dublin
4c07d11e-37c6-851d-e053-ca3ca8c0ca7f,02341,Dublin city and suburbs,Dublin
4c07d11e-37c7-851d-e053-ca3ca8c0ca7f,02341,Dublin city and suburbs,Dublin
4c07d11e-37c8-851d-e053-ca3ca8c0ca7f,02341,Dublin city and suburbs,Dublin
4c07d11e-37c9-851d-e053-ca3ca8c0ca7f,02341,Dublin city and suburbs,Dublin
4c07d11e-37ca-851d-e053-ca3ca8c0ca7f,04348,Malahide,Dublin
4c07d11e-37cb-851d-e053-ca3ca8c0ca7f,04348,Malahide,Dublin
4c07d11e-37cc-851d-e053-ca3ca8c0ca7f,04348,Malahide,Dublin
4c07d11e-37cd-851d-e053-ca3ca8c0ca7f,04348,Malahide,Dublin
4c07d11e-37ce-851d-e053-ca3ca8c0ca7f,02341,Dublin city and suburbs,Dublin
4c07d11e-37cf-851d-e053-ca3ca8c0ca7f,02341,Dublin city and suburbs,Dublin
4c07d11e-37d0-851d-e053-ca3ca8c0ca7f,02341,Dublin city and suburbs,Dublin
4c07d11e-37d1-851d-e053-ca3ca8c0ca7f,02341,Dublin city and suburbs,Dublin
4c07d11e-37d2-851d-e053-ca3ca8c0ca7f,02341,Dublin city and suburbs,Dublin
4c07d11e-37d3-851d-e053-ca3ca8c0ca7f,02341,Dublin city and suburbs,Dublin
4c07d11e-37d4-851d-e053-ca3ca8c0ca7f,02341,Dublin city and suburbs,Dublin
4c07d11e-37d5-851d-e053-ca3ca8c0ca7f,02341,Dublin city and suburbs,Dublin
4c07d11e-37d6-851d-e053-ca3ca8c0ca7f,02341,Dublin city and suburbs,Dublin
4c07d11e-37d7-851d-e053-ca3ca8c0ca7f,02341,Dublin city and suburbs,Dublin
4c07d11e-37d8-851d-e053-ca3ca8c0ca7f,04354,Swords,Dublin
4c07d11e-37d9-851d-e053-ca3ca8c0ca7f,04354,Swords,Dublin
4c07d11e-37da-851d-e053-ca3ca8c0ca7f,04354,Swords,Dublin
4c07d11e-37db-851d-e053-ca3ca8c0ca7f,02341,Dublin city and suburbs,Dublin
4c07d11e-37dc-851d-e053-ca3ca8c0ca7f,02341,Dublin city and suburbs,Dublin
4c07d11e-37dd-851d-e053-ca3ca8c0ca7f,02341,Dublin city and suburbs,Dublin
4c07d11e-37de-851d-e053-ca3ca8c0ca7f,02341,Dublin city and suburbs,Dublin
4c07d11e-37df-851d-e053-ca3ca8c0ca7f,02341,Dublin city and suburbs,Dublin
4c07d11e-37e0-851d-e053-ca3ca8c0ca7f,02341,Dublin city and suburbs,Dublin
4c07d11e-37e1-851d-e053-ca3ca8c0ca7f,02341,Dublin city and suburbs,Dublin
4c07d11e-37e2-851d-e053-ca3ca8c0ca7f,02341,Dublin city and suburbs,Dublin
4c07d11e-37e3-851d-e053-ca3ca8c0ca7f,02341,Dublin city and suburbs,Dublin
4c07d11e-37e4-851d-e053-ca3ca8c0ca7f,02341,Dublin city and suburbs,Dublin
4c07d11e-37e5-851d-e053-ca3ca8c0ca7f,02341,Dublin city and suburbs,Dublin
4c07d11e-37e6-851d-e053-ca3ca8c0ca7f,04354,Swords,Dublin
4c07d11e-37e7-851d-e053-ca3ca8c0ca7f,04354,Swords,Dublin
4c07d11e-37e8-851d-e053-ca3ca8c0ca7f,04354,Swords,Dublin
4c07d11e-37e9-851d-e053-ca3ca8c0ca7f,04354,Swords,Dublin
4c07d11e-37ea-851d-e053-ca3ca8c0ca7f,02341,Dublin city and suburbs,Dublin
4c07d11e-37eb-851d-e053-ca3ca8c0ca7f,02341,Dublin city and suburbs,Dublin
4c07d11e-37ec-851d-e053-ca3ca8c0ca7f,02341,Dublin city and suburbs,Dublin
4c07d11e-37ed-851d-e053-ca3ca8c0ca7f,02341,Dublin city and suburbs,Dublin
4c07d11e-37ee-851d-e053-ca3ca8c0ca7f,02341,Dublin city and suburbs,Dublin
4c07d11e-37ef-851d-e053-ca3ca8c0ca7f,02341,Dublin city and suburbs,Dublin
4c07d11e-37f0-851d-e053-ca3ca8c0ca7f,02341,Dublin city and suburbs,Dublin
4c07d11e-37f1-851d-e053-ca3ca8c0ca7f,02341,Dublin city and suburbs,Dublin
4c07d11e-37f2-851d-e053-ca3ca8c0ca7f,02341,Dublin city and suburbs,Dublin
4c07d11e-37f3-851d-e053-ca3ca8c0ca7f,02341,Dublin city and suburbs,Dublin
4c07d11e-37f4-851d-e053-ca3ca8c0ca7f,02341,Dublin city and suburbs,Dublin
4c07d11e-37f5-851d-e053-ca3ca8c0ca7f,04354,Swords,Dublin
4c07d11e-37f6-851d-e053-ca3ca8c0ca7f,04354,Swords,Dublin
4c07d11e-37f7-851d-e053-ca3ca8c0ca7f,04354,Swords,Dublin
4c07d11e-37f8-851d-e053-ca3ca8c0ca7f,02341,Dublin city and suburbs,Dublin
4c07d11e-37f9-851d-e053-ca3ca8c0ca7f,02341,Dublin city and suburbs,Dublin
4c07d11e-37fa-851d-e053-ca3ca8c0ca7f,02341,Dublin city and suburbs,Dublin
4c07d11e-37fb-851d-e053-ca3ca8c0ca7f,02341,Dublin city and suburbs,Dublin
4c07d11e-37fc-851d-e053-ca3ca8c0ca7f,02341,Dublin city and suburbs,Dublin
4c07d11e-37fd-851d-e053-ca3ca8c0ca7f,02341,Dublin city and suburbs,Dublin
4c07d11e-37fe-851d-e053-ca3ca8c0ca7f,02341,Dublin city and suburbs,Dublin
4c07d11e-37ff-851d-e053-ca3ca8c0ca7f,02341,Dublin city and suburbs,Dublin
4c07d11e-3800-851d-e053-ca3ca8c0ca7f,02341,Dublin city and suburbs,Dublin
4c07d11e-3801-851d-e053-ca3ca8c0ca7f,02341,Dublin city and suburbs,Dublin
4c07d11e-3802-851d-e053-ca3ca8c0ca7f,02341,Dublin city and suburbs,Dublin
4c07d11e-3803-851d-e053-ca3ca8c0ca7f,02341,Dublin city and suburbs,Dublin
4c07d11e-3804-851d-e053-ca3ca8c0ca7f,04354,Swords,Dublin
4c07d11e-3805-851d-e053-ca3ca8c0ca7f,04354,Swords,Dublin
4c07d11e-3806-851d-e053-ca3ca8c0ca7f,04354,Swords,Dublin
4c07d11e-3807-851d-e053-ca3ca8c0ca7f,02341,Dublin city and suburbs,Dublin
4c07d11e-3808-851d-e053-ca3ca8c0ca7f,02341,Dublin city and suburbs,Dublin
4c07d11e-3809-851d-e053-ca3ca8c0ca7f,02341,Dublin city and suburbs,Dublin
4c07d11e-380a-851d-e053-ca3ca8c0ca7f,02341,Dublin city and suburbs,Dublin
4c07d11e-380b-851d-e053-ca3ca8c0ca7f,02341,Dublin city and suburbs,Dublin
4c07d11e-380c-851d-e053-ca3ca8c0ca7f,02341,Dublin city and suburbs,Dublin
4c07d11e-380d-851d-e053-ca3ca8c0ca7f,02341,Dublin city and suburbs,Dublin
4c07d11e-380e-851d-e053-ca3ca8c0ca7f,02341,Dublin city and suburbs,Dublin
4c07d11e-380f-851d-e053-ca3ca8c0ca7f,02341,Dublin city and suburbs,Dublin
4c07d11e-3810-851d-e053-ca3ca8c0ca7f,02341,Dublin city and suburbs,Dublin
4c07d11e-3811-851d-e053-ca3ca8c0ca7f,02341,Dublin city and suburbs,Dublin
4c07d11e-3812-851d-e053-ca3ca8c0ca7f,02341,Dublin city and suburbs,Dublin
4c07d11e-3813-851d-e053-ca3ca8c0ca7f,02341,Dublin city and suburbs,Dublin
4c07d11e-3814-851d-e053-ca3ca8c0ca7f,02341,Dublin city and suburbs,Dublin
4c07d11e-3815-851d-e053-ca3ca8c0ca7f,02341,Dublin city and suburbs,Dublin
4c07d11e-3816-851d-e053-ca3ca8c0ca7f,02341,Dublin city and suburbs,Dublin
4c07d11e-3817-851d-e053-ca3ca8c0ca7f,02341,Dublin city and suburbs,Dublin
4c07d11e-3818-851d-e053-ca3ca8c0ca7f,02341,Dublin city and suburbs,Dublin
4c07d11e-3819-851d-e053-ca3ca8c0ca7f,02341,Dublin city and suburbs,Dublin
4c07d11e-381a-851d-e053-ca3ca8c0ca7f,02341,Dublin city and suburbs,Dublin
4c07d11e-381b-851d-e053-ca3ca8c0ca7f,02341,Dublin city and suburbs,Dublin
4c07d11e-381c-851d-e053-ca3ca8c0ca7f,02341,Dublin city and suburbs,Dublin
4c07d11e-381d-851d-e053-ca3ca8c0ca7f,02341,Dublin city and suburbs,Dublin
4c07d11e-381e-851d-e053-ca3ca8c0ca7f,02341,Dublin city and suburbs,Dublin
4c07d11e-381f-851d-e053-ca3ca8c0ca7f,02341,Dublin city and suburbs,Dublin
4c07d11e-3820-851d-e053-ca3ca8c0ca7f,02341,Dublin city and suburbs,Dublin
4c07d11e-3821-851d-e053-ca3ca8c0ca7f,02341,Dublin city and suburbs,Dublin
4c07d11e-3822-851d-e053-ca3ca8c0ca7f,02341,Dublin city and suburbs,Dublin
4c07d11e-3823-851d-e053-ca3ca8c0ca7f,02341,Dublin city and suburbs,Dublin
4c07d11e-3824-851d-e053-ca3ca8c0ca7f,02341,Dublin city and suburbs,Dublin
4c07d11e-3825-851d-e053-ca3ca8c0ca7f,02341,Dublin city and suburbs,Dublin
4c07d11e-3826-851d-e053-ca3ca8c0ca7f,02341,Dublin city and suburbs,Dublin
4c07d11e-3827-851d-e053-ca3ca8c0ca7f,02341,Dublin city and suburbs,Dublin
4c07d11e-3828-851d-e053-ca3ca8c0ca7f,02341,Dublin city and suburbs,Dublin
4c07d11e-3829-851d-e053-ca3ca8c0ca7f,02341,Dublin city and suburbs,Dublin
4c07d11e-382a-851d-e053-ca3ca8c0ca7f,02341,Dublin city and suburbs,Dublin
4c07d11e-382b-851d-e053-ca3ca8c0ca7f,02341,Dublin city and suburbs,Dublin
4c07d11e-382c-851d-e053-ca3ca8c0ca7f,02341,Dublin city and suburbs,Dublin
4c07d11e-382d-851d-e053-ca3ca8c0ca7f,02341,Dublin city and suburbs,Dublin
4c07d11e-382e-851d-e053-ca3ca8c0ca7f,02341,Dublin city and suburbs,Dublin
4c07d11e-382f-851d-e053-ca3ca8c0ca7f,02341,Dublin city and suburbs,Dublin
4c07d11e-3830-851d-e053-ca3ca8c0ca7f,02341,Dublin city and suburbs,Dublin
4c07d11e-3831-851d-e053-ca3ca8c0ca7f,02341,Dublin city and suburbs,Dublin
4c07d11e-3832-851d-e053-ca3ca8c0ca7f,02341,Dublin city and suburbs,Dublin
4c07d11e-3833-851d-e053-ca3ca8c0ca7f,02341,Dublin city and suburbs,Dublin
4c07d11e-3834-851d-e053-ca3ca8c0ca7f,02341,Dublin city and suburbs,Dublin
4c07d11e-3835-851d-e053-ca3ca8c0ca7f,02341,Dublin city and suburbs,Dublin
4c07d11e-3836-851d-e053-ca3ca8c0ca7f,02341,Dublin city and suburbs,Dublin
4c07d11e-3837-851d-e053-ca3ca8c0ca7f,02341,Dublin city and suburbs,Dublin
4c07d11e-3838-851d-e053-ca3ca8c0ca7f,02341,Dublin city and suburbs,Dublin
4c07d11e-3839-851d-e053-ca3ca8c0ca7f,02341,Dublin city and suburbs,Dublin
4c07d11e-383a-851d-e053-ca3ca8c0ca7f,02341,Dublin city and suburbs,Dublin
4c07d11e-383b-851d-e053-ca3ca8c0ca7f,02341,Dublin city and suburbs,Dublin
4c07d11e-383c-851d-e053-ca3ca8c0ca7f,02341,Dublin city and suburbs,Dublin
4c07d11e-383d-851d-e053-ca3ca8c0ca7f,02341,Dublin city and suburbs,Dublin
4c07d11e-383e-851d-e053-ca3ca8c0ca7f,02341,Dublin city and suburbs,Dublin
4c07d11e-383f-851d-e053-ca3ca8c0ca7f,02341,Dublin city and suburbs,Dublin
4c07d11e-3840-851d-e053-ca3ca8c0ca7f,02341,Dublin city and suburbs,Dublin
4c07d11e-3841-851d-e053-ca3ca8c0ca7f,02341,Dublin city and suburbs,Dublin
4c07d11e-3842-851d-e053-ca3ca8c0ca7f,02341,Dublin city and suburbs,Dublin
4c07d11e-3843-851d-e053-ca3ca8c0ca7f,02341,Dublin city and suburbs,Dublin
4c07d11e-3844-851d-e053-ca3ca8c0ca7f,02341,Dublin city and suburbs,Dublin
4c07d11e-3845-851d-e053-ca3ca8c0ca7f,02341,Dublin city and suburbs,Dublin
4c07d11e-3846-851d-e053-ca3ca8c0ca7f,02341,Dublin city and suburbs,Dublin
4c07d11e-3847-851d-e053-ca3ca8c0ca7f,02341,Dublin city and suburbs,Dublin
4c07d11e-3848-851d-e053-ca3ca8c0ca7f,02341,Dublin city and suburbs,Dublin
4c07d11e-3849-851d-e053-ca3ca8c0ca7f,02341,Dublin city and suburbs,Dublin
4c07d11e-384a-851d-e053-ca3ca8c0ca7f,02341,Dublin city and suburbs,Dublin
4c07d11e-384b-851d-e053-ca3ca8c0ca7f,02341,Dublin city and suburbs,Dublin
4c07d11e-384c-851d-e053-ca3ca8c0ca7f,02341,Dublin city and suburbs,Dublin
4c07d11e-384d-851d-e053-ca3ca8c0ca7f,02341,Dublin city and suburbs,Dublin
4c07d11e-384e-851d-e053-ca3ca8c0ca7f,02341,Dublin city and suburbs,Dublin
4c07d11e-384f-851d-e053-ca3ca8c0ca7f,02341,Dublin city and suburbs,Dublin
4c07d11e-3850-851d-e053-ca3ca8c0ca7f,02341,Dublin city and suburbs,Dublin
4c07d11e-3851-851d-e053-ca3ca8c0ca7f,02341,Dublin city and suburbs,Dublin
4c07d11e-3852-851d-e053-ca3ca8c0ca7f,02341,Dublin city and suburbs,Dublin
4c07d11e-3853-851d-e053-ca3ca8c0ca7f,02341,Dublin city and suburbs,Dublin
4c07d11e-3854-851d-e053-ca3ca8c0ca7f,02341,Dublin city and suburbs,Dublin
4c07d11e-3855-851d-e053-ca3ca8c0ca7f,02341,Dublin city and suburbs,Dublin
4c07d11e-3856-851d-e053-ca3ca8c0ca7f,02341,Dublin city and suburbs,Dublin
4c07d11e-3857-851d-e053-ca3ca8c0ca7f,02341,Dublin city and suburbs,Dublin
4c07d11e-3858-851d-e053-ca3ca8c0ca7f,02341,Dublin city and suburbs,Dublin
4c07d11e-3859-851d-e053-ca3ca8c0ca7f,02341,Dublin city and suburbs,Dublin
4c07d11e-385a-851d-e053-ca3ca8c0ca7f,02341,Dublin city and suburbs,Dublin
4c07d11e-385b-851d-e053-ca3ca8c0ca7f,02341,Dublin city and suburbs,Dublin
4c07d11e-385c-851d-e053-ca3ca8c0ca7f,02341,Dublin city and suburbs,Dublin
4c07d11e-385d-851d-e053-ca3ca8c0ca7f,02341,Dublin city and suburbs,Dublin
4c07d11e-385e-851d-e053-ca3ca8c0ca7f,02341,Dublin city and suburbs,Dublin
4c07d11e-385f-851d-e053-ca3ca8c0ca7f,02341,Dublin city and suburbs,Dublin
4c07d11e-3860-851d-e053-ca3ca8c0ca7f,02341,Dublin city and suburbs,Dublin
4c07d11e-3861-851d-e053-ca3ca8c0ca7f,02341,Dublin city and suburbs,Dublin
4c07d11e-3862-851d-e053-ca3ca8c0ca7f,02341,Dublin city and suburbs,Dublin
4c07d11e-3863-851d-e053-ca3ca8c0ca7f,02341,Dublin city and suburbs,Dublin
4c07d11e-3864-851d-e053-ca3ca8c0ca7f,02341,Dublin city and suburbs,Dublin
4c07d11e-3865-851d-e053-ca3ca8c0ca7f,02341,Dublin city and suburbs,Dublin
4c07d11e-3866-851d-e053-ca3ca8c0ca7f,02341,Dublin city and suburbs,Dublin
4c07d11e-3867-851d-e053-ca3ca8c0ca7f,02341,Dublin city and suburbs,Dublin
4c07d11e-3868-851d-e053-ca3ca8c0ca7f,02341,Dublin city and suburbs,Dublin
4c07d11e-3869-851d-e053-ca3ca8c0ca7f,02341,Dublin city and suburbs,Dublin
4c07d11e-386a-851d-e053-ca3ca8c0ca7f,02341,Dublin city and suburbs,Dublin
4c07d11e-386b-851d-e053-ca3ca8c0ca7f,02341,Dublin city and suburbs,Dublin
4c07d11e-386c-851d-e053-ca3ca8c0ca7f,02341,Dublin city and suburbs,Dublin
4c07d11e-386d-851d-e053-ca3ca8c0ca7f,02341,Dublin city and suburbs,Dublin
4c07d11e-386e-851d-e053-ca3ca8c0ca7f,02341,Dublin city and suburbs,Dublin
4c07d11e-386f-851d-e053-ca3ca8c0ca7f,02341,Dublin city and suburbs,Dublin
4c07d11e-3870-851d-e053-ca3ca8c0ca7f,02341,Dublin city and suburbs,Dublin
4c07d11e-3871-851d-e053-ca3ca8c0ca7f,02341,Dublin city and suburbs,Dublin
4c07d11e-3872-851d-e053-ca3ca8c0ca7f,02341,Dublin city and suburbs,Dublin
4c07d11e-3873-851d-e053-ca3ca8c0ca7f,02341,Dublin city and suburbs,Dublin
4c07d11e-3874-851d-e053-ca3ca8c0ca7f,02341,Dublin city and suburbs,Dublin
4c07d11e-3875-851d-e053-ca3ca8c0ca7f,02341,Dublin city and suburbs,Dublin
4c07d11e-3876-851d-e053-ca3ca8c0ca7f,02341,Dublin city and suburbs,Dublin
4c07d11e-3877-851d-e053-ca3ca8c0ca7f,02341,Dublin city and suburbs,Dublin
4c07d11e-3878-851d-e053-ca3ca8c0ca7f,02341,Dublin city and suburbs,Dublin
4c07d11e-3879-851d-e053-ca3ca8c0ca7f,02341,Dublin city and suburbs,Dublin
4c07d11e-387a-851d-e053-ca3ca8c0ca7f,02341,Dublin city and suburbs,Dublin
4c07d11e-387b-851d-e053-ca3ca8c0ca7f,02341,Dublin city and suburbs,Dublin
4c07d11e-387c-851d-e053-ca3ca8c0ca7f,02341,Dublin city and suburbs,Dublin
4c07d11e-387d-851d-e053-ca3ca8c0ca7f,02341,Dublin city and suburbs,Dublin
4c07d11e-387e-851d-e053-ca3ca8c0ca7f,02341,Dublin city and suburbs,Dublin
4c07d11e-387f-851d-e053-ca3ca8c0ca7f,02341,Dublin city and suburbs,Dublin
4c07d11e-3880-851d-e053-ca3ca8c0ca7f,02341,Dublin city and suburbs,Dublin
4c07d11e-3881-851d-e053-ca3ca8c0ca7f,02341,Dublin city and suburbs,Dublin
4c07d11e-3882-851d-e053-ca3ca8c0ca7f,02341,Dublin city and suburbs,Dublin
4c07d11e-3883-851d-e053-ca3ca8c0ca7f,02341,Dublin city and suburbs,Dublin
4c07d11e-3884-851d-e053-ca3ca8c0ca7f,02341,Dublin city and suburbs,Dublin
4c07d11e-3885-851d-e053-ca3ca8c0ca7f,02341,Dublin city and suburbs,Dublin
4c07d11e-3886-851d-e053-ca3ca8c0ca7f,02341,Dublin city and suburbs,Dublin
4c07d11e-3887-851d-e053-ca3ca8c0ca7f,02341,Dublin city and suburbs,Dublin
4c07d11e-3888-851d-e053-ca3ca8c0ca7f,02341,Dublin city and suburbs,Dublin
4c07d11e-3889-851d-e053-ca3ca8c0ca7f,02341,Dublin city and suburbs,Dublin
4c07d11e-388a-851d-e053-ca3ca8c0ca7f,02341,Dublin city and suburbs,Dublin
4c07d11e-388b-851d-e053-ca3ca8c0ca7f,02341,Dublin city and suburbs,Dublin
4c07d11e-388c-851d-e053-ca3ca8c0ca7f,02341,Dublin city and suburbs,Dublin
4c07d11e-388d-851d-e053-ca3ca8c0ca7f,02341,Dublin city and suburbs,Dublin
4c07d11e-388e-851d-e053-ca3ca8c0ca7f,02341,Dublin city and suburbs,Dublin
4c07d11e-388f-851d-e053-ca3ca8c0ca7f,02341,Dublin city and suburbs,Dublin
4c07d11e-3890-851d-e053-ca3ca8c0ca7f,02341,Dublin city and suburbs,Dublin
4c07d11e-3891-851d-e053-ca3ca8c0ca7f,02341,Dublin city and suburbs,Dublin
4c07d11e-3892-851d-e053-ca3ca8c0ca7f,02341,Dublin city and suburbs,Dublin
4c07d11e-3893-851d-e053-ca3ca8c0ca7f,02341,Dublin city and suburbs,Dublin
4c07d11e-3894-851d-e053-ca3ca8c0ca7f,02341,Dublin city and suburbs,Dublin
4c07d11e-3895-851d-e053-ca3ca8c0ca7f,02341,Dublin city and suburbs,Dublin
4c07d11e-3896-851d-e053-ca3ca8c0ca7f,02341,Dublin city and suburbs,Dublin
4c07d11e-3897-851d-e053-ca3ca8c0ca7f,02341,Dublin city and suburbs,Dublin
4c07d11e-3898-851d-e053-ca3ca8c0ca7f,02341,Dublin city and suburbs,Dublin
4c07d11e-3899-851d-e053-ca3ca8c0ca7f,02341,Dublin city and suburbs,Dublin
4c07d11e-389a-851d-e053-ca3ca8c0ca7f,02341,Dublin city and suburbs,Dublin
4c07d11e-389b-851d-e053-ca3ca8c0ca7f,02341,Dublin city and suburbs,Dublin
4c07d11e-389c-851d-e053-ca3ca8c0ca7f,02341,Dublin city and suburbs,Dublin
4c07d11e-389d-851d-e053-ca3ca8c0ca7f,02341,Dublin city and suburbs,Dublin
4c07d11e-389e-851d-e053-ca3ca8c0ca7f,02341,Dublin city and suburbs,Dublin
4c07d11e-389f-851d-e053-ca3ca8c0ca7f,02341,Dublin city and suburbs,Dublin
4c07d11e-38a0-851d-e053-ca3ca8c0ca7f,02341,Dublin city and suburbs,Dublin
4c07d11e-38a1-851d-e053-ca3ca8c0ca7f,02341,Dublin city and suburbs,Dublin
4c07d11e-38a2-851d-e053-ca3ca8c0ca7f,02341,Dublin city and suburbs,Dublin
4c07d11e-38a3-851d-e053-ca3ca8c0ca7f,02341,Dublin city and suburbs,Dublin
4c07d11e-38a4-851d-e053-ca3ca8c0ca7f,02341,Dublin city and suburbs,Dublin
4c07d11e-38a5-851d-e053-ca3ca8c0ca7f,02341,Dublin city and suburbs,Dublin
4c07d11e-38a6-851d-e053-ca3ca8c0ca7f,02341,Dublin city and suburbs,Dublin
4c07d11e-38a7-851d-e053-ca3ca8c0ca7f,02341,Dublin city and suburbs,Dublin
4c07d11e-38a8-851d-e053-ca3ca8c0ca7f,02341,Dublin city and suburbs,Dublin
4c07d11e-38a9-851d-e053-ca3ca8c0ca7f,02341,Dublin city and suburbs,Dublin
4c07d11e-38aa-851d-e053-ca3ca8c0ca7f,02341,Dublin city and suburbs,Dublin
4c07d11e-38ab-851d-e053-ca3ca8c0ca7f,02341,Dublin city and suburbs,Dublin
4c07d11e-38ac-851d-e053-ca3ca8c0ca7f,02341,Dublin city and suburbs,Dublin
4c07d11e-38ad-851d-e053-ca3ca8c0ca7f,02341,Dublin city and suburbs,Dublin
4c07d11e-38ae-851d-e053-ca3ca8c0ca7f,02341,Dublin city and suburbs,Dublin
4c07d11e-38af-851d-e053-ca3ca8c0ca7f,02341,Dublin city and suburbs,Dublin
4c07d11e-38b0-851d-e053-ca3ca8c0ca7f,02341,Dublin city and suburbs,Dublin
4c07d11e-38b1-851d-e053-ca3ca8c0ca7f,02341,Dublin city and suburbs,Dublin
4c07d11e-38b2-851d-e053-ca3ca8c0ca7f,02341,Dublin city and suburbs,Dublin
4c07d11e-38b3-851d-e053-ca3ca8c0ca7f,02341,Dublin city and suburbs,Dublin
4c07d11e-38b4-851d-e053-ca3ca8c0ca7f,02341,Dublin city and suburbs,Dublin
4c07d11e-38b5-851d-e053-ca3ca8c0ca7f,02341,Dublin city and suburbs,Dublin
4c07d11e-38b6-851d-e053-ca3ca8c0ca7f,02341,Dublin city and suburbs,Dublin
4c07d11e-38b7-851d-e053-ca3ca8c0ca7f,02341,Dublin city and suburbs,Dublin
4c07d11e-38b8-851d-e053-ca3ca8c0ca7f,02341,Dublin city and suburbs,Dublin
4c07d11e-38b9-851d-e053-ca3ca8c0ca7f,02341,Dublin city and suburbs,Dublin
4c07d11e-38ba-851d-e053-ca3ca8c0ca7f,02341,Dublin city and suburbs,Dublin
4c07d11e-38bb-851d-e053-ca3ca8c0ca7f,02341,Dublin city and suburbs,Dublin
4c07d11e-38bc-851d-e053-ca3ca8c0ca7f,02341,Dublin city and suburbs,Dublin
4c07d11e-38bd-851d-e053-ca3ca8c0ca7f,02341,Dublin city and suburbs,Dublin
4c07d11e-38be-851d-e053-ca3ca8c0ca7f,02341,Dublin city and suburbs,Dublin
4c07d11e-38bf-851d-e053-ca3ca8c0ca7f,02341,Dublin city and suburbs,Dublin
4c07d11e-38c0-851d-e053-ca3ca8c0ca7f,02341,Dublin city and suburbs,Dublin
4c07d11e-38c1-851d-e053-ca3ca8c0ca7f,02341,Dublin city and suburbs,Dublin
4c07d11e-38c2-851d-e053-ca3ca8c0ca7f,02341,Dublin city and suburbs,Dublin
4c07d11e-38c3-851d-e053-ca3ca8c0ca7f,02341,Dublin city and suburbs,Dublin
4c07d11e-38c4-851d-e053-ca3ca8c0ca7f,02341,Dublin city and suburbs,Dublin
4c07d11e-38c5-851d-e053-ca3ca8c0ca7f,02341,Dublin city and suburbs,Dublin
4c07d11e-38c6-851d-e053-ca3ca8c0ca7f,02341,Dublin city and suburbs,Dublin
4c07d11e-38c7-851d-e053-ca3ca8c0ca7f,02341,Dublin city and suburbs,Dublin
4c07d11e-38c8-851d-e053-ca3ca8c0ca7f,02341,Dublin city and suburbs,Dublin
4c07d11e-38c9-851d-e053-ca3ca8c0ca7f,02341,Dublin city and suburbs,Dublin
4c07d11e-38ca-851d-e053-ca3ca8c0ca7f,02341,Dublin city and suburbs,Dublin
4c07d11e-38cb-851d-e053-ca3ca8c0ca7f,02341,Dublin city and suburbs,Dublin
4c07d11e-38cc-851d-e053-ca3ca8c0ca7f,02341,Dublin city and suburbs,Dublin
4c07d11e-38cd-851d-e053-ca3ca8c0ca7f,02341,Dublin city and suburbs,Dublin
4c07d11e-38ce-851d-e053-ca3ca8c0ca7f,02341,Dublin city and suburbs,Dublin
4c07d11e-38cf-851d-e053-ca3ca8c0ca7f,02341,Dublin city and suburbs,Dublin
4c07d11e-38d0-851d-e053-ca3ca8c0ca7f,02341,Dublin city and suburbs,Dublin
4c07d11e-38d1-851d-e053-ca3ca8c0ca7f,02341,Dublin city and suburbs,Dublin
4c07d11e-38d2-851d-e053-ca3ca8c0ca7f,02341,Dublin city and suburbs,Dublin
4c07d11e-38d3-851d-e053-ca3ca8c0ca7f,02341,Dublin city and suburbs,Dublin
4c07d11e-38d4-851d-e053-ca3ca8c0ca7f,02341,Dublin city and suburbs,Dublin
4c07d11e-38d5-851d-e053-ca3ca8c0ca7f,02341,Dublin city and suburbs,Dublin
4c07d11e-38d6-851d-e053-ca3ca8c0ca7f,02341,Dublin city and suburbs,Dublin
4c07d11e-38d7-851d-e053-ca3ca8c0ca7f,02341,Dublin city and suburbs,Dublin
4c07d11e-38d8-851d-e053-ca3ca8c0ca7f,02341,Dublin city and suburbs,Dublin
4c07d11e-38d9-851d-e053-ca3ca8c0ca7f,02341,Dublin city and suburbs,Dublin
4c07d11e-38da-851d-e053-ca3ca8c0ca7f,02341,Dublin city and suburbs,Dublin
4c07d11e-38db-851d-e053-ca3ca8c0ca7f,02341,Dublin city and suburbs,Dublin
4c07d11e-38dc-851d-e053-ca3ca8c0ca7f,02341,Dublin city and suburbs,Dublin
4c07d11e-38dd-851d-e053-ca3ca8c0ca7f,02341,Dublin city and suburbs,Dublin
4c07d11e-38de-851d-e053-ca3ca8c0ca7f,02341,Dublin city and suburbs,Dublin
4c07d11e-38df-851d-e053-ca3ca8c0ca7f,02341,Dublin city and suburbs,Dublin
4c07d11e-38e0-851d-e053-ca3ca8c0ca7f,02341,Dublin city and suburbs,Dublin
4c07d11e-38e1-851d-e053-ca3ca8c0ca7f,02341,Dublin city and suburbs,Dublin
4c07d11e-38e2-851d-e053-ca3ca8c0ca7f,02341,Dublin city and suburbs,Dublin
4c07d11e-38e3-851d-e053-ca3ca8c0ca7f,02341,Dublin city and suburbs,Dublin
4c07d11e-38e4-851d-e053-ca3ca8c0ca7f,02341,Dublin city and suburbs,Dublin
4c07d11e-38e5-851d-e053-ca3ca8c0ca7f,02341,Dublin city and suburbs,Dublin
4c07d11e-38e6-851d-e053-ca3ca8c0ca7f,02341,Dublin city and suburbs,Dublin
4c07d11e-38e7-851d-e053-ca3ca8c0ca7f,02341,Dublin city and suburbs,Dublin
4c07d11e-38e8-851d-e053-ca3ca8c0ca7f,02341,Dublin city and suburbs,Dublin
4c07d11e-38e9-851d-e053-ca3ca8c0ca7f,02341,Dublin city and suburbs,Dublin
4c07d11e-38ea-851d-e053-ca3ca8c0ca7f,02341,Dublin city and suburbs,Dublin
4c07d11e-38eb-851d-e053-ca3ca8c0ca7f,02341,Dublin city and suburbs,Dublin
4c07d11e-38ec-851d-e053-ca3ca8c0ca7f,02341,Dublin city and suburbs,Dublin
4c07d11e-38ed-851d-e053-ca3ca8c0ca7f,02341,Dublin city and suburbs,Dublin
4c07d11e-38ee-851d-e053-ca3ca8c0ca7f,02341,Dublin city and suburbs,Dublin
4c07d11e-38ef-851d-e053-ca3ca8c0ca7f,02341,Dublin city and suburbs,Dublin
4c07d11e-38f0-851d-e053-ca3ca8c0ca7f,02341,Dublin city and suburbs,Dublin
4c07d11e-38f1-851d-e053-ca3ca8c0ca7f,02341,Dublin city and suburbs,Dublin
4c07d11e-38f2-851d-e053-ca3ca8c0ca7f,02341,Dublin city and suburbs,Dublin
4c07d11e-38f3-851d-e053-ca3ca8c0ca7f,02341,Dublin city and suburbs,Dublin
4c07d11e-38f5-851d-e053-ca3ca8c0ca7f,02341,Dublin city and suburbs,Dublin
4c07d11e-38f6-851d-e053-ca3ca8c0ca7f,02341,Dublin city and suburbs,Dublin
4c07d11e-38f7-851d-e053-ca3ca8c0ca7f,02341,Dublin city and suburbs,Dublin
4c07d11e-38f8-851d-e053-ca3ca8c0ca7f,02341,Dublin city and suburbs,Dublin
4c07d11e-38f9-851d-e053-ca3ca8c0ca7f,02341,Dublin city and suburbs,Dublin
4c07d11e-38fa-851d-e053-ca3ca8c0ca7f,02341,Dublin city and suburbs,Dublin
4c07d11e-38fb-851d-e053-ca3ca8c0ca7f,02341,Dublin city and suburbs,Dublin
4c07d11e-38fc-851d-e053-ca3ca8c0ca7f,02341,Dublin city and suburbs,Dublin
4c07d11e-38fd-851d-e053-ca3ca8c0ca7f,02341,Dublin city and suburbs,Dublin
4c07d11e-38fe-851d-e053-ca3ca8c0ca7f,02341,Dublin city and suburbs,Dublin
4c07d11e-38ff-851d-e053-ca3ca8c0ca7f,02341,Dublin city and suburbs,Dublin
4c07d11e-3900-851d-e053-ca3ca8c0ca7f,02341,Dublin city and suburbs,Dublin
4c07d11e-3901-851d-e053-ca3ca8c0ca7f,02341,Dublin city and suburbs,Dublin
4c07d11e-3902-851d-e053-ca3ca8c0ca7f,02341,Dublin city and suburbs,Dublin
4c07d11e-3903-851d-e053-ca3ca8c0ca7f,02341,Dublin city and suburbs,Dublin
4c07d11e-3904-851d-e053-ca3ca8c0ca7f,02341,Dublin city and suburbs,Dublin
4c07d11e-3905-851d-e053-ca3ca8c0ca7f,02341,Dublin city and suburbs,Dublin
4c07d11e-3906-851d-e053-ca3ca8c0ca7f,02341,Dublin city and suburbs,Dublin
4c07d11e-3907-851d-e053-ca3ca8c0ca7f,10009,Drogheda,Louth
4c07d11e-3908-851d-e053-ca3ca8c0ca7f,10009,Drogheda,Louth
4c07d11e-3909-851d-e053-ca3ca8c0ca7f,10009,Drogheda,Louth
4c07d11e-390a-851d-e053-ca3ca8c0ca7f,10009,Drogheda,Louth
4c07d11e-390b-851d-e053-ca3ca8c0ca7f,10013,Dundalk,Louth
4c07d11e-390c-851d-e053-ca3ca8c0ca7f,10013,Dundalk,Louth
4c07d11e-390d-851d-e053-ca3ca8c0ca7f,10013,Dundalk,Louth
4c07d11e-390e-851d-e053-ca3ca8c0ca7f,10013,Dundalk,Louth
4c07d11e-390f-851d-e053-ca3ca8c0ca7f,10013,Dundalk,Louth
4c07d11e-3910-851d-e053-ca3ca8c0ca7f,03362,Rathcoole,Dublin
4c07d11e-3911-851d-e053-ca3ca8c0ca7f,02341,Dublin city and suburbs,Dublin
4c07d11e-3912-851d-e053-ca3ca8c0ca7f,02341,Dublin city and suburbs,Dublin
4c07d11e-3913-851d-e053-ca3ca8c0ca7f,02341,Dublin city and suburbs,Dublin
4c07d11e-3914-851d-e053-ca3ca8c0ca7f,02341,Dublin city and suburbs,Dublin
4c07d11e-3915-851d-e053-ca3ca8c0ca7f,02341,Dublin city and suburbs,Dublin
4c07d11e-3916-851d-e053-ca3ca8c0ca7f,02341,Dublin city and suburbs,Dublin
4c07d11e-3917-851d-e053-ca3ca8c0ca7f,02341,Dublin city and suburbs,Dublin
4c07d11e-3918-851d-e053-ca3ca8c0ca7f,02341,Dublin city and suburbs,Dublin
4c07d11e-3919-851d-e053-ca3ca8c0ca7f,02341,Dublin city and suburbs,Dublin
4c07d11e-391a-851d-e053-ca3ca8c0ca7f,02341,Dublin city and suburbs,Dublin
4c07d11e-391b-851d-e053-ca3ca8c0ca7f,02341,Dublin city and suburbs,Dublin
4c07d11e-391c-851d-e053-ca3ca8c0ca7f,02341,Dublin city and suburbs,Dublin
4c07d11e-391d-851d-e053-ca3ca8c0ca7f,10009,Drogheda,Louth
4c07d11e-391e-851d-e053-ca3ca8c0ca7f,10009,Drogheda,Louth
4c07d11e-391f-851d-e053-ca3ca8c0ca7f,10009,Drogheda,Louth
4c07d11e-3920-851d-e053-ca3ca8c0ca7f,10009,Drogheda,Louth
4c07d11e-3921-851d-e053-ca3ca8c0ca7f,10009,Drogheda,Louth
4c07d11e-3922-851d-e053-ca3ca8c0ca7f,10013,Dundalk,Louth
4c07d11e-3923-851d-e053-ca3ca8c0ca7f,10013,Dundalk,Louth
4c07d11e-3924-851d-e053-ca3ca8c0ca7f,10013,Dundalk,Louth
4c07d11e-3925-851d-e053-ca3ca8c0ca7f,10013,Dundalk,Louth
4c07d11e-3926-851d-e053-ca3ca8c0ca7f,02341,Dublin city and suburbs,Dublin
4c07d11e-3927-851d-e053-ca3ca8c0ca7f,02341,Dublin city and suburbs,Dublin
4c07d11e-3928-851d-e053-ca3ca8c0ca7f,02341,Dublin city and suburbs,Dublin
4c07d11e-3929-851d-e053-ca3ca8c0ca7f,02341,Dublin city and suburbs,Dublin
4c07d11e-392a-851d-e053-ca3ca8c0ca7f,02341,Dublin city and suburbs,Dublin
4c07d11e-392b-851d-e053-ca3ca8c0ca7f,02341,Dublin city and suburbs,Dublin
4c07d11e-392c-851d-e053-ca3ca8c0ca7f,02341,Dublin city and suburbs,Dublin
4c07d11e-392d-851d-e053-ca3ca8c0ca7f,02341,Dublin city and suburbs,Dublin
4c07d11e-392e-851d-e053-ca3ca8c0ca7f,02341,Dublin city and suburbs,Dublin
4c07d11e-392f-851d-e053-ca3ca8c0ca7f,02341,Dublin city and suburbs,Dublin
4c07d11e-3930-851d-e053-ca3ca8c0ca7f,02341,Dublin city and suburbs,Dublin
4c07d11e-3931-851d-e053-ca3ca8c0ca7f,02341,Dublin city and suburbs,Dublin
4c07d11e-3932-851d-e053-ca3ca8c0ca7f,02341,Dublin city and suburbs,Dublin
4c07d11e-3933-851d-e053-ca3ca8c0ca7f,02341,Dublin city and suburbs,Dublin
4c07d11e-3934-851d-e053-ca3ca8c0ca7f,02341,Dublin city and suburbs,Dublin
4c07d11e-3935-851d-e053-ca3ca8c0ca7f,02341,Dublin city and suburbs,Dublin
4c07d11e-3936-851d-e053-ca3ca8c0ca7f,10009,Drogheda,Louth
4c07d11e-3937-851d-e053-ca3ca8c0ca7f,10009,Drogheda,Louth
4c07d11e-3938-851d-e053-ca3ca8c0ca7f,10009,Drogheda,Louth
4c07d11e-3939-851d-e053-ca3ca8c0ca7f,10009,Drogheda,Louth
4c07d11e-393a-851d-e053-ca3ca8c0ca7f,33094,Ballybofey-Stranorlar,Donegal
4c07d11e-393b-851d-e053-ca3ca8c0ca7f,33087,Convoy,Donegal
4c07d11e-393c-851d-e053-ca3ca8c0ca7f,33084,Raphoe,Donegal
4c07d11e-393d-851d-e053-ca3ca8c0ca7f,02341,Dublin city and suburbs,Dublin
4c07d11e-393e-851d-e053-ca3ca8c0ca7f,02341,Dublin city and suburbs,Dublin
4c07d11e-393f-851d-e053-ca3ca8c0ca7f,02341,Dublin city and suburbs,Dublin
4c07d11e-3940-851d-e053-ca3ca8c0ca7f,02341,Dublin city and suburbs,Dublin
4c07d11e-3941-851d-e053-ca3ca8c0ca7f,02341,Dublin city and suburbs,Dublin
4c07d11e-3942-851d-e053-ca3ca8c0ca7f,02341,Dublin city and suburbs,Dublin
4c07d11e-3943-851d-e053-ca3ca8c0ca7f,02341,Dublin city and suburbs,Dublin
4c07d11e-3944-851d-e053-ca3ca8c0ca7f,02341,Dublin city and suburbs,Dublin
4c07d11e-3945-851d-e053-ca3ca8c0ca7f,02341,Dublin city and suburbs,Dublin
4c07d11e-3946-851d-e053-ca3ca8c0ca7f,02341,Dublin city and suburbs,Dublin
4c07d11e-3947-851d-e053-ca3ca8c0ca7f,02341,Dublin city and suburbs,Dublin
4c07d11e-3948-851d-e053-ca3ca8c0ca7f,02341,Dublin city and suburbs,Dublin
4c07d11e-3949-851d-e053-ca3ca8c0ca7f,02341,Dublin city and suburbs,Dublin
4c07d11e-394a-851d-e053-ca3ca8c0ca7f,10009,Drogheda,Louth
4c07d11e-394c-851d-e053-ca3ca8c0ca7f,11401,Laytown-Bettystown-Mornington-Donacarney,Meath
4c07d11e-394d-851d-e053-ca3ca8c0ca7f,33091,Letterkenny,Donegal
4c07d11e-394e-851d-e053-ca3ca8c0ca7f,33091,Letterkenny,Donegal
4c07d11e-394f-851d-e053-ca3ca8c0ca7f,33091,Letterkenny,Donegal
4c07d11e-3950-851d-e053-ca3ca8c0ca7f,02341,Dublin city and suburbs,Dublin
4c07d11e-3951-851d-e053-ca3ca8c0ca7f,02341,Dublin city and suburbs,Dublin
4c07d11e-3952-851d-e053-ca3ca8c0ca7f,02341,Dublin city and suburbs,Dublin
4c07d11e-3953-851d-e053-ca3ca8c0ca7f,02341,Dublin city and suburbs,Dublin
4c07d11e-3954-851d-e053-ca3ca8c0ca7f,02341,Dublin city and suburbs,Dublin
4c07d11e-3955-851d-e053-ca3ca8c0ca7f,02341,Dublin city and suburbs,Dublin
4c07d11e-3956-851d-e053-ca3ca8c0ca7f,04345,Skerries,Dublin
4c07d11e-3957-851d-e053-ca3ca8c0ca7f,11405,Duleek,Meath
4c07d11e-3958-851d-e053-ca3ca8c0ca7f,11405,Duleek,Meath
4c07d11e-3959-851d-e053-ca3ca8c0ca7f,11402,Stamullen,Meath
4c07d11e-395b-851d-e053-ca3ca8c0ca7f,11401,Laytown-Bettystown-Mornington-Donacarney,Meath
4c07d11e-395c-851d-e053-ca3ca8c0ca7f,11401,Laytown-Bettystown-Mornington-Donacarney,Meath
4c07d11e-395d-851d-e053-ca3ca8c0ca7f,11401,Laytown-Bettystown-Mornington-Donacarney,Meath
4c07d11e-395e-851d-e053-ca3ca8c0ca7f,11401,Laytown-Bettystown-Mornington-Donacarney,Meath
4c07d11e-395f-851d-e053-ca3ca8c0ca7f,33091,Letterkenny,Donegal
4c07d11e-3960-851d-e053-ca3ca8c0ca7f,33091,Letterkenny,Donegal
4c07d11e-3961-851d-e053-ca3ca8c0ca7f,02341,Dublin city and suburbs,Dublin
4c07d11e-3962-851d-e053-ca3ca8c0ca7f,02341,Dublin city and suburbs,Dublin
4c07d11e-3963-851d-e053-ca3ca8c0ca7f,02341,Dublin city and suburbs,Dublin
4c07d11e-3964-851d-e053-ca3ca8c0ca7f,02341,Dublin city and suburbs,Dublin
4c07d11e-3965-851d-e053-ca3ca8c0ca7f,02341,Dublin city and suburbs,Dublin
4c07d11e-3966-851d-e053-ca3ca8c0ca7f,02341,Dublin city and suburbs,Dublin
4c07d11e-3967-851d-e053-ca3ca8c0ca7f,11402,Stamullen,Meath
4c07d11e-3968-851d-e053-ca3ca8c0ca7f,11401,Laytown-Bettystown-Mornington-Donacarney,Meath
4c07d11e-3969-851d-e053-ca3ca8c0ca7f,10009,Drogheda,Louth
4c07d11e-396a-851d-e053-ca3ca8c0ca7f,10009,Drogheda,Louth
4c07d11e-396b-851d-e053-ca3ca8c0ca7f,10012,Dunleer,Louth
4c07d11e-396c-851d-e053-ca3ca8c0ca7f,10012,Dunleer,Louth
4c07d11e-396d-851d-e053-ca3ca8c0ca7f,10002,Clogherhead,Louth
4c07d11e-396e-851d-e053-ca3ca8c0ca7f,10014,Dromiskin,Louth
4c07d11e-396f-851d-e053-ca3ca8c0ca7f,33061,Moville,Donegal
4c07d11e-3970-851d-e053-ca3ca8c0ca7f,33061,Moville,Donegal
4c07d11e-3971-851d-e053-ca3ca8c0ca7f,19840,Killarney,Kerry
4c07d11e-3972-851d-e053-ca3ca8c0ca7f,19840,Killarney,Kerry
4c07d11e-3973-851d-e053-ca3ca8c0ca7f,02341,Dublin city and suburbs,Dublin
4c07d11e-3974-851d-e053-ca3ca8c0ca7f,02341,Dublin city and suburbs,Dublin
4c07d11e-3975-851d-e053-ca3ca8c0ca7f,02341,Dublin city and suburbs,Dublin
4c07d11e-3976-851d-e053-ca3ca8c0ca7f,02341,Dublin city and suburbs,Dublin
4c07d11e-3977-851d-e053-ca3ca8c0ca7f,02341,Dublin city and suburbs,Dublin
4c07d11e-3978-851d-e053-ca3ca8c0ca7f,02341,Dublin city and suburbs,Dublin
4c07d11e-3979-851d-e053-ca3ca8c0ca7f,02341,Dublin city and suburbs,Dublin
4c07d11e-397a-851d-e053-ca3ca8c0ca7f,02341,Dublin city and suburbs,Dublin
4c07d11e-397b-851d-e053-ca3ca8c0ca7f,10009,Drogheda,Louth
4c07d11e-397c-851d-e053-ca3ca8c0ca7f,10009,Drogheda,Louth
4c07d11e-397d-851d-e053-ca3ca8c0ca7f,10013,Dundalk,Louth
4c07d11e-397e-851d-e053-ca3ca8c0ca7f,10013,Dundalk,Louth
4c07d11e-397f-851d-e053-ca3ca8c0ca7f,10013,Dundalk,Louth
4c07d11e-3980-851d-e053-ca3ca8c0ca7f,19849,Tralee,Kerry
4c07d11e-3981-851d-e053-ca3ca8c0ca7f,17364,Cork city and suburbs,Cork
4c07d11e-3982-851d-e053-ca3ca8c0ca7f,17364,Cork city and suburbs,Cork
4c07d11e-3983-851d-e053-ca3ca8c0ca7f,17364,Cork city and suburbs,Cork
4c07d11e-3984-851d-e053-ca3ca8c0ca7f,17364,Cork city and suburbs,Cork
4c07d11e-3985-851d-e053-ca3ca8c0ca7f,17364,Cork city and suburbs,Cork
4c07d11e-3986-851d-e053-ca3ca8c0ca7f,17364,Cork city and suburbs,Cork
4c07d11e-3987-851d-e053-ca3ca8c0ca7f,02341,Dublin city and suburbs,Dublin
4c07d11e-3988-851d-e053-ca3ca8c0ca7f,02341,Dublin city and suburbs,Dublin
4c07d11e-3989-851d-e053-ca3ca8c0ca7f,02341,Dublin city and suburbs,Dublin
4c07d11e-398a-851d-e053-ca3ca8c0ca7f,02341,Dublin city and suburbs,Dublin
4c07d11e-398b-851d-e053-ca3ca8c0ca7f,02341,Dublin city and suburbs,Dublin
4c07d11e-398c-851d-e053-ca3ca8c0ca7f,02341,Dublin city and suburbs,Dublin
4c07d11e-398d-851d-e053-ca3ca8c0ca7f,02341,Dublin city and suburbs,Dublin
4c07d11e-398e-851d-e053-ca3ca8c0ca7f,10009,Drogheda,Louth
4c07d11e-398f-851d-e053-ca3ca8c0ca7f,10009,Drogheda,Louth
4c07d11e-3990-851d-e053-ca3ca8c0ca7f,10013,Dundalk,Louth
4c07d11e-3991-851d-e053-ca3ca8c0ca7f,10013,Dundalk,Louth
4c07d11e-3992-851d-e053-ca3ca8c0ca7f,10013,Dundalk,Louth
4c07d11e-3993-851d-e053-ca3ca8c0ca7f,10013,Dundalk,Louth
4c07d11e-3994-851d-e053-ca3ca8c0ca7f,17364,Cork city and suburbs,Cork
4c07d11e-3995-851d-e053-ca3ca8c0ca7f,17364,Cork city and suburbs,Cork
4c07d11e-3996-851d-e053-ca3ca8c0ca7f,17364,Cork city and suburbs,Cork
4c07d11e-3997-851d-e053-ca3ca8c0ca7f,17364,Cork city and suburbs,Cork
4c07d11e-3998-851d-e053-ca3ca8c0ca7f,02341,Dublin city and suburbs,Dublin
4c07d11e-3999-851d-e053-ca3ca8c0ca7f,02341,Dublin city and suburbs,Dublin
4c07d11e-399a-851d-e053-ca3ca8c0ca7f,02341,Dublin city and suburbs,Dublin
4c07d11e-399b-851d-e053-ca3ca8c0ca7f,02341,Dublin city and suburbs,Dublin
4c07d11e-399c-851d-e053-ca3ca8c0ca7f,02341,Dublin city and suburbs,Dublin
4c07d11e-399d-851d-e053-ca3ca8c0ca7f,02341,Dublin city and suburbs,Dublin
4c07d11e-399e-851d-e053-ca3ca8c0ca7f,02341,Dublin city and suburbs,Dublin
4c07d11e-399f-851d-e053-ca3ca8c0ca7f,02341,Dublin city and suburbs,Dublin
4c07d11e-39a0-851d-e053-ca3ca8c0ca7f,02341,Dublin city and suburbs,Dublin
4c07d11e-39a1-851d-e053-ca3ca8c0ca7f,10015,Tullyallen,Louth
4c07d11e-39a2-851d-e053-ca3ca8c0ca7f,10015,Tullyallen,Louth
4c07d11e-39a3-851d-e053-ca3ca8c0ca7f,10009,Drogheda,Louth
4c07d11e-39a4-851d-e053-ca3ca8c0ca7f,10009,Drogheda,Louth
4c07d11e-39a5-851d-e053-ca3ca8c0ca7f,10013,Dundalk,Louth
4c07d11e-39a6-851d-e053-ca3ca8c0ca7f,10013,Dundalk,Louth
4c07d11e-39a7-851d-e053-ca3ca8c0ca7f,10013,Dundalk,Louth
4c07d11e-39a8-851d-e053-ca3ca8c0ca7f,10013,Dundalk,Louth
4c07d11e-39a9-851d-e053-ca3ca8c0ca7f,17364,Cork city and suburbs,Cork
4c07d11e-39aa-851d-e053-ca3ca8c0ca7f,17364,Cork city and suburbs,Cork
4c07d11e-39ab-851d-e053-ca3ca8c0ca7f,17364,Cork city and suburbs,Cork
4c07d11e-39ac-851d-e053-ca3ca8c0ca7f,17364,Cork city and suburbs,Cork
4c07d11e-39ad-851d-e053-ca3ca8c0ca7f,17364,Cork city and suburbs,Cork
4c07d11e-39ae-851d-e053-ca3ca8c0ca7f,02341,Dublin city and suburbs,Dublin
4c07d11e-39af-851d-e053-ca3ca8c0ca7f,02341,Dublin city and suburbs,Dublin
4c07d11e-39b0-851d-e053-ca3ca8c0ca7f,02341,Dublin city and suburbs,Dublin
4c07d11e-39b1-851d-e053-ca3ca8c0ca7f,02341,Dublin city and suburbs,Dublin
4c07d11e-39b2-851d-e053-ca3ca8c0ca7f,02341,Dublin city and suburbs,Dublin
4c07d11e-39b3-851d-e053-ca3ca8c0ca7f,02341,Dublin city and suburbs,Dublin
4c07d11e-39b4-851d-e053-ca3ca8c0ca7f,10009,Drogheda,Louth
4c07d11e-39b5-851d-e053-ca3ca8c0ca7f,10009,Drogheda,Louth
4c07d11e-39b6-851d-e053-ca3ca8c0ca7f,10009,Drogheda,Louth
4c07d11e-39b7-851d-e053-ca3ca8c0ca7f,10009,Drogheda,Louth
4c07d11e-39b8-851d-e053-ca3ca8c0ca7f,10013,Dundalk,Louth
4c07d11e-39b9-851d-e053-ca3ca8c0ca7f,10013,Dundalk,Louth
4c07d11e-39ba-851d-e053-ca3ca8c0ca7f,17364,Cork city and suburbs,Cork
4c07d11e-39bb-851d-e053-ca3ca8c0ca7f,17364,Cork city and suburbs,Cork
4c07d11e-39bc-851d-e053-ca3ca8c0ca7f,17364,Cork city and suburbs,Cork
4c07d11e-39bd-851d-e053-ca3ca8c0ca7f,17364,Cork city and suburbs,Cork
4c07d11e-39be-851d-e053-ca3ca8c0ca7f,17364,Cork city and suburbs,Cork
4c07d11e-39bf-851d-e053-ca3ca8c0ca7f,17364,Cork city and suburbs,Cork
4c07d11e-39c0-851d-e053-ca3ca8c0ca7f,17364,Cork city and suburbs,Cork
4c07d11e-39c1-851d-e053-ca3ca8c0ca7f,17364,Cork city and suburbs,Cork
4c07d11e-39c2-851d-e053-ca3ca8c0ca7f,02341,Dublin city and suburbs,Dublin
4c07d11e-39c3-851d-e053-ca3ca8c0ca7f,02341,Dublin city and suburbs,Dublin
4c07d11e-39c4-851d-e053-ca3ca8c0ca7f,02341,Dublin city and suburbs,Dublin
4c07d11e-39c5-851d-e053-ca3ca8c0ca7f,02341,Dublin city and suburbs,Dublin
4c07d11e-39c6-851d-e053-ca3ca8c0ca7f,02341,Dublin city and suburbs,Dublin
4c07d11e-39c7-851d-e053-ca3ca8c0ca7f,02341,Dublin city and suburbs,Dublin
4c07d11e-39c8-851d-e053-ca3ca8c0ca7f,10009,Drogheda,Louth
4c07d11e-39c9-851d-e053-ca3ca8c0ca7f,10009,Drogheda,Louth
4c07d11e-39ca-851d-e053-ca3ca8c0ca7f,10009,Drogheda,Louth
4c07d11e-39cb-851d-e053-ca3ca8c0ca7f,10009,Drogheda,Louth
4c07d11e-39cc-851d-e053-ca3ca8c0ca7f,10013,Dundalk,Louth
4c07d11e-39cd-851d-e053-ca3ca8c0ca7f,10013,Dundalk,Louth
4c07d11e-39ce-851d-e053-ca3ca8c0ca7f,10013,Dundalk,Louth
4c07d11e-39cf-851d-e053-ca3ca8c0ca7f,17364,Cork city and suburbs,Cork
4c07d11e-39d0-851d-e053-ca3ca8c0ca7f,17364,Cork city and suburbs,Cork
4c07d11e-39d1-851d-e053-ca3ca8c0ca7f,17364,Cork city and suburbs,Cork
4c07d11e-39d2-851d-e053-ca3ca8c0ca7f,17364,Cork city and suburbs,Cork
4c07d11e-39d3-851d-e053-ca3ca8c0ca7f,17364,Cork city and suburbs,Cork
4c07d11e-39d4-851d-e053-ca3ca8c0ca7f,17364,Cork city and suburbs,Cork
4c07d11e-39d5-851d-e053-ca3ca8c0ca7f,17364,Cork city and suburbs,Cork
4c07d11e-39d6-851d-e053-ca3ca8c0ca7f,16559,Shannon,Clare
4c07d11e-39d7-851d-e053-ca3ca8c0ca7f,02341,Dublin city and suburbs,Dublin
4c07d11e-39d8-851d-e053-ca3ca8c0ca7f,02341,Dublin city and suburbs,Dublin
4c07d11e-39d9-851d-e053-ca3ca8c0ca7f,02341,Dublin city and suburbs,Dublin
4c07d11e-39da-851d-e053-ca3ca8c0ca7f,02341,Dublin city and suburbs,Dublin
4c07d11e-39db-851d-e053-ca3ca8c0ca7f,02341,Dublin city and suburbs,Dublin
4c07d11e-39dc-851d-e053-ca3ca8c0ca7f,02341,Dublin city and suburbs,Dublin
4c07d11e-39dd-851d-e053-ca3ca8c0ca7f,02341,Dublin city and suburbs,Dublin
4c07d11e-39de-851d-e053-ca3ca8c0ca7f,10009,Drogheda,Louth
4c07d11e-39df-851d-e053-ca3ca8c0ca7f,10009,Drogheda,Louth
4c07d11e-39e0-851d-e053-ca3ca8c0ca7f,10009,Drogheda,Louth
4c07d11e-39e1-851d-e053-ca3ca8c0ca7f,10009,Drogheda,Louth
4c07d11e-39e2-851d-e053-ca3ca8c0ca7f,10009,Drogheda,Louth
4c07d11e-39e3-851d-e053-ca3ca8c0ca7f,10013,Dundalk,Louth
4c07d11e-39e4-851d-e053-ca3ca8c0ca7f,10013,Dundalk,Louth
4c07d11e-39e5-851d-e053-ca3ca8c0ca7f,10013,Dundalk,Louth
4c07d11e-39e6-851d-e053-ca3ca8c0ca7f,10013,Dundalk,Louth
4c07d11e-39e7-851d-e053-ca3ca8c0ca7f,10013,Dundalk,Louth
4c07d11e-39e8-851d-e053-ca3ca8c0ca7f,10013,Dundalk,Louth
4c07d11e-39e9-851d-e053-ca3ca8c0ca7f,20497,Limerick city and suburbs,Limerick
4c07d11e-39ea-851d-e053-ca3ca8c0ca7f,20497,Limerick city and suburbs,Limerick
4c07d11e-39eb-851d-e053-ca3ca8c0ca7f,20497,Limerick city and suburbs,Limerick
4c07d11e-39ec-851d-e053-ca3ca8c0ca7f,20497,Limerick city and suburbs,Limerick
4c07d11e-39ed-851d-e053-ca3ca8c0ca7f,20497,Limerick city and suburbs,Limerick
4c07d11e-39ee-851d-e053-ca3ca8c0ca7f,20497,Limerick city and suburbs,Limerick
4c07d11e-39ef-851d-e053-ca3ca8c0ca7f,20497,Limerick city and suburbs,Limerick
4c07d11e-39f0-851d-e053-ca3ca8c0ca7f,20497,Limerick city and suburbs,Limerick
4c07d11e-39f1-851d-e053-ca3ca8c0ca7f,20497,Limerick city and suburbs,Limerick
4c07d11e-39f2-851d-e053-ca3ca8c0ca7f,20497,Limerick city and suburbs,Limerick
4c07d11e-39f3-851d-e053-ca3ca8c0ca7f,02341,Dublin city and suburbs,Dublin
4c07d11e-39f4-851d-e053-ca3ca8c0ca7f,02341,Dublin city and suburbs,Dublin
4c07d11e-39f5-851d-e053-ca3ca8c0ca7f,02341,Dublin city and suburbs,Dublin
4c07d11e-39f6-851d-e053-ca3ca8c0ca7f,02341,Dublin city and suburbs,Dublin
4c07d11e-39f7-851d-e053-ca3ca8c0ca7f,02341,Dublin city and suburbs,Dublin
4c07d11e-39f8-851d-e053-ca3ca8c0ca7f,02341,Dublin city and suburbs,Dublin
4c07d11e-39f9-851d-e053-ca3ca8c0ca7f,02341,Dublin city and suburbs,Dublin
4c07d11e-39fa-851d-e053-ca3ca8c0ca7f,02341,Dublin city and suburbs,Dublin
4c07d11e-39fb-851d-e053-ca3ca8c0ca7f,02341,Dublin city and suburbs,Dublin
4c07d11e-39fc-851d-e053-ca3ca8c0ca7f,02341,Dublin city and suburbs,Dublin
4c07d11e-39fd-851d-e053-ca3ca8c0ca7f,10009,Drogheda,Louth
4c07d11e-39fe-851d-e053-ca3ca8c0ca7f,10009,Drogheda,Louth
4c07d11e-39ff-851d-e053-ca3ca8c0ca7f,10009,Drogheda,Louth
4c07d11e-3a00-851d-e053-ca3ca8c0ca7f,10013,Dundalk,Louth
4c07d11e-3a01-851d-e053-ca3ca8c0ca7f,10013,Dundalk,Louth
4c07d11e-3a02-851d-e053-ca3ca8c0ca7f,10013,Dundalk,Louth
4c07d11e-3a03-851d-e053-ca3ca8c0ca7f,10013,Dundalk,Louth
4c07d11e-3a04-851d-e053-ca3ca8c0ca7f,10013,Dundalk,Louth
4c07d11e-3a05-851d-e053-ca3ca8c0ca7f,20497,Limerick city and suburbs,Limerick
4c07d11e-3a06-851d-e053-ca3ca8c0ca7f,20497,Limerick city and suburbs,Limerick
4c07d11e-3a07-851d-e053-ca3ca8c0ca7f,20497,Limerick city and suburbs,Limerick
4c07d11e-3a08-851d-e053-ca3ca8c0ca7f,26305,Galway city and suburbs,Galway
4c07d11e-3a09-851d-e053-ca3ca8c0ca7f,27289,Oranmore,Galway
4c07d11e-3a0a-851d-e053-ca3ca8c0ca7f,18749,Passage West-Monkstown,Cork
4c07d11e-3a0b-851d-e053-ca3ca8c0ca7f,23693,Carrick-on-Suir,Tipperary
4c07d11e-3a0c-851d-e053-ca3ca8c0ca7f,24643,Waterford city and suburbs,Waterford
4c07d11e-3a0d-851d-e053-ca3ca8c0ca7f,24643,Waterford city and suburbs,Waterford
4c07d11e-3a0e-851d-e053-ca3ca8c0ca7f,02341,Dublin city and suburbs,Dublin
4c07d11e-3a0f-851d-e053-ca3ca8c0ca7f,02341,Dublin city and suburbs,Dublin
4c07d11e-3a10-851d-e053-ca3ca8c0ca7f,02341,Dublin city and suburbs,Dublin
4c07d11e-3a11-851d-e053-ca3ca8c0ca7f,02341,Dublin city and suburbs,Dublin
4c07d11e-3a12-851d-e053-ca3ca8c0ca7f,02341,Dublin city and suburbs,Dublin
4c07d11e-3a13-851d-e053-ca3ca8c0ca7f,02341,Dublin city and suburbs,Dublin
4c07d11e-3a14-851d-e053-ca3ca8c0ca7f,02341,Dublin city and suburbs,Dublin
4c07d11e-3a15-851d-e053-ca3ca8c0ca7f,02341,Dublin city and suburbs,Dublin
4c07d11e-3a16-851d-e053-ca3ca8c0ca7f,10009,Drogheda,Louth
4c07d11e-3a17-851d-e053-ca3ca8c0ca7f,10009,Drogheda,Louth
4c07d11e-3a18-851d-e053-ca3ca8c0ca7f,10009,Drogheda,Louth
4c07d11e-3a19-851d-e053-ca3ca8c0ca7f,10009,Drogheda,Louth
4c07d11e-3a1a-851d-e053-ca3ca8c0ca7f,10009,Drogheda,Louth
4c07d11e-3a1b-851d-e053-ca3ca8c0ca7f,10013,Dundalk,Louth
4c07d11e-3a1c-851d-e053-ca3ca8c0ca7f,10013,Dundalk,Louth
4c07d11e-3a1d-851d-e053-ca3ca8c0ca7f,10013,Dundalk,Louth
4c07d11e-3a1e-851d-e053-ca3ca8c0ca7f,10013,Dundalk,Louth
4c07d11e-3a1f-851d-e053-ca3ca8c0ca7f,24643,Waterford city and suburbs,Waterford
4c07d11e-3a20-851d-e053-ca3ca8c0ca7f,24643,Waterford city and suburbs,Waterford
4c07d11e-3a21-851d-e053-ca3ca8c0ca7f,24643,Waterford city and suburbs,Waterford
4c07d11e-3a22-851d-e053-ca3ca8c0ca7f,24643,Waterford city and suburbs,Waterford
4c07d11e-3a23-851d-e053-ca3ca8c0ca7f,24643,Waterford city and suburbs,Waterford
4c07d11e-3a24-851d-e053-ca3ca8c0ca7f,14596,Wexford,Wexford
4c07d11e-3a25-851d-e053-ca3ca8c0ca7f,07661,Kilkenny,Kilkenny
4c07d11e-3a26-851d-e053-ca3ca8c0ca7f,01639,Carlow,Carlow
4c07d11e-3a27-851d-e053-ca3ca8c0ca7f,02341,Dublin city and suburbs,Dublin
4c07d11e-3a28-851d-e053-ca3ca8c0ca7f,02341,Dublin city and suburbs,Dublin
4c07d11e-3a29-851d-e053-ca3ca8c0ca7f,02341,Dublin city and suburbs,Dublin
4c07d11e-3a2a-851d-e053-ca3ca8c0ca7f,02341,Dublin city and suburbs,Dublin
4c07d11e-3a2b-851d-e053-ca3ca8c0ca7f,02341,Dublin city and suburbs,Dublin
4c07d11e-3a2c-851d-e053-ca3ca8c0ca7f,02341,Dublin city and suburbs,Dublin
4c07d11e-3a2d-851d-e053-ca3ca8c0ca7f,02341,Dublin city and suburbs,Dublin
4c07d11e-3a2e-851d-e053-ca3ca8c0ca7f,02341,Dublin city and suburbs,Dublin
4c07d11e-3a2f-851d-e053-ca3ca8c0ca7f,02341,Dublin city and suburbs,Dublin
4c07d11e-3a30-851d-e053-ca3ca8c0ca7f,10009,Drogheda,Louth
4c07d11e-3a31-851d-e053-ca3ca8c0ca7f,10009,Drogheda,Louth
4c07d11e-3a32-851d-e053-ca3ca8c0ca7f,10009,Drogheda,Louth
4c07d11e-3a33-851d-e053-ca3ca8c0ca7f,10009,Drogheda,Louth
4c07d11e-3a34-851d-e053-ca3ca8c0ca7f,10009,Drogheda,Louth
4c07d11e-3a35-851d-e053-ca3ca8c0ca7f,10013,Dundalk,Louth
4c07d11e-3a36-851d-e053-ca3ca8c0ca7f,10013,Dundalk,Louth
4c07d11e-3a37-851d-e053-ca3ca8c0ca7f,10013,Dundalk,Louth
4c07d11e-3a38-851d-e053-ca3ca8c0ca7f,10013,Dundalk,Louth
4c07d11e-3a39-851d-e053-ca3ca8c0ca7f,10013,Dundalk,Louth
4c07d11e-3a3a-851d-e053-ca3ca8c0ca7f,10013,Dundalk,Louth
4c07d11e-3a3b-851d-e053-ca3ca8c0ca7f,06455,Ballitore,Kildare
4c07d11e-3a3c-851d-e053-ca3ca8c0ca7f,06454,Newbridge,Kildare
4c07d11e-3a3d-851d-e053-ca3ca8c0ca7f,15395,Blessington,Wicklow
4c07d11e-3a3e-851d-e053-ca3ca8c0ca7f,15370,Greystones-Delgany,Wicklow
4c07d11e-3a3f-851d-e053-ca3ca8c0ca7f,15376,Bray,Wicklow
4c07d11e-3a40-851d-e053-ca3ca8c0ca7f,15376,Bray,Wicklow
4c07d11e-3a41-851d-e053-ca3ca8c0ca7f,02341,Dublin city and suburbs,Dublin
4c07d11e-3a42-851d-e053-ca3ca8c0ca7f,02341,Dublin city and suburbs,Dublin
4c07d11e-3a43-851d-e053-ca3ca8c0ca7f,02341,Dublin city and suburbs,Dublin
4c07d11e-3a44-851d-e053-ca3ca8c0ca7f,02341,Dublin city and suburbs,Dublin
4c07d11e-3a45-851d-e053-ca3ca8c0ca7f,02341,Dublin city and suburbs,Dublin
4c07d11e-3a46-851d-e053-ca3ca8c0ca7f,02341,Dublin city and suburbs,Dublin
4c07d11e-3a47-851d-e053-ca3ca8c0ca7f,02341,Dublin city and suburbs,Dublin
4c07d11e-3a48-851d-e053-ca3ca8c0ca7f,02341,Dublin city and suburbs,Dublin
4c07d11e-3a49-851d-e053-ca3ca8c0ca7f,02341,Dublin city and suburbs,Dublin
4c07d11e-3a4a-851d-e053-ca3ca8c0ca7f,02341,Dublin city and suburbs,Dublin
4c07d11e-3a4b-851d-e053-ca3ca8c0ca7f,10009,Drogheda,Louth
4c07d11e-3a4c-851d-e053-ca3ca8c0ca7f,10009,Drogheda,Louth
4c07d11e-3a4d-851d-e053-ca3ca8c0ca7f,10009,Drogheda,Louth
4c07d11e-3a4e-851d-e053-ca3ca8c0ca7f,10009,Drogheda,Louth
4c07d11e-3a4f-851d-e053-ca3ca8c0ca7f,10013,Dundalk,Louth
4c07d11e-3a50-851d-e053-ca3ca8c0ca7f,10013,Dundalk,Louth
4c07d11e-3a51-851d-e053-ca3ca8c0ca7f,10013,Dundalk,Louth
4c07d11e-3a52-851d-e053-ca3ca8c0ca7f,10013,Dundalk,Louth
4c07d11e-3a53-851d-e053-ca3ca8c0ca7f,10013,Dundalk,Louth
4c07d11e-3a54-851d-e053-ca3ca8c0ca7f,04354,Swords,Dublin
4c07d11e-3a55-851d-e053-ca3ca8c0ca7f,04354,Swords,Dublin
4c07d11e-3a56-851d-e053-ca3ca8c0ca7f,04354,Swords,Dublin
4c07d11e-3a57-851d-e053-ca3ca8c0ca7f,04345,Skerries,Dublin
4c07d11e-3a58-851d-e053-ca3ca8c0ca7f,04345,Skerries,Dublin
4c07d11e-3a59-851d-e053-ca3ca8c0ca7f,04345,Skerries,Dublin
4c07d11e-3a5a-851d-e053-ca3ca8c0ca7f,29327,Castlebar,Mayo
4c07d11e-3a5b-851d-e053-ca3ca8c0ca7f,29327,Castlebar,Mayo
4c07d11e-3a5c-851d-e053-ca3ca8c0ca7f,29327,Castlebar,Mayo
4c07d11e-3a5d-851d-e053-ca3ca8c0ca7f,11411,Dunshaughlin,Meath
4c07d11e-3a5e-851d-e053-ca3ca8c0ca7f,11425,Kells,Meath
4c07d11e-3a5f-851d-e053-ca3ca8c0ca7f,11425,Kells,Meath
4c07d11e-3a60-851d-e053-ca3ca8c0ca7f,11416,Navan,Meath
4c07d11e-3a61-851d-e053-ca3ca8c0ca7f,11416,Navan,Meath
4c07d11e-3a62-851d-e053-ca3ca8c0ca7f,04349,Lusk,Dublin
4c07d11e-3a63-851d-e053-ca3ca8c0ca7f,04349,Lusk,Dublin
4c07d11e-3a64-851d-e053-ca3ca8c0ca7f,04349,Lusk,Dublin
4c07d11e-3a65-851d-e053-ca3ca8c0ca7f,04345,Skerries,Dublin
4c07d11e-3a66-851d-e053-ca3ca8c0ca7f,04345,Skerries,Dublin
4c07d11e-3a67-851d-e053-ca3ca8c0ca7f,04345,Skerries,Dublin
4c07d11e-3a68-851d-e053-ca3ca8c0ca7f,04345,Skerries,Dublin
4c07d11e-3a69-851d-e053-ca3ca8c0ca7f,29327,Castlebar,Mayo
4c07d11e-3a6a-851d-e053-ca3ca8c0ca7f,29327,Castlebar,Mayo
4c07d11e-3a6b-851d-e053-ca3ca8c0ca7f,29327,Castlebar,Mayo
4c07d11e-3a6c-851d-e053-ca3ca8c0ca7f,29327,Castlebar,Mayo
4c07d11e-3a6d-851d-e053-ca3ca8c0ca7f,29321,Ballina,Mayo
4c07d11e-3a6e-851d-e053-ca3ca8c0ca7f,11416,Navan,Meath
4c07d11e-3a6f-851d-e053-ca3ca8c0ca7f,11416,Navan,Meath
4c07d11e-3a70-851d-e053-ca3ca8c0ca7f,11416,Navan,Meath
4c07d11e-3a71-851d-e053-ca3ca8c0ca7f,11416,Navan,Meath
4c07d11e-3a72-851d-e053-ca3ca8c0ca7f,04349,Lusk,Dublin
4c07d11e-3a73-851d-e053-ca3ca8c0ca7f,04349,Lusk,Dublin
4c07d11e-3a74-851d-e053-ca3ca8c0ca7f,04349,Lusk,Dublin
4c07d11e-3a75-851d-e053-ca3ca8c0ca7f,04354,Swords,Dublin
4c07d11e-3a76-851d-e053-ca3ca8c0ca7f,04354,Swords,Dublin
4c07d11e-3a77-851d-e053-ca3ca8c0ca7f,04354,Swords,Dublin
4c07d11e-3a78-851d-e053-ca3ca8c0ca7f,04354,Swords,Dublin
4c07d11e-3a79-851d-e053-ca3ca8c0ca7f,29321,Ballina,Mayo
4c07d11e-3a7a-851d-e053-ca3ca8c0ca7f,29321,Ballina,Mayo
4c07d11e-3a7b-851d-e053-ca3ca8c0ca7f,29321,Ballina,Mayo
4c07d11e-3a7c-851d-e053-ca3ca8c0ca7f,29323,Killala,Mayo
4c07d11e-3a7d-851d-e053-ca3ca8c0ca7f,11416,Navan,Meath
4c07d11e-3a7e-851d-e053-ca3ca8c0ca7f,11416,Navan,Meath
4c07d11e-3a7f-851d-e053-ca3ca8c0ca7f,11416,Navan,Meath
4c07d11e-3a80-851d-e053-ca3ca8c0ca7f,04349,Lusk,Dublin
4c07d11e-3a81-851d-e053-ca3ca8c0ca7f,04349,Lusk,Dublin
4c07d11e-3a82-851d-e053-ca3ca8c0ca7f,04354,Swords,Dublin
4c07d11e-3a83-851d-e053-ca3ca8c0ca7f,04354,Swords,Dublin
4c07d11e-3a84-851d-e053-ca3ca8c0ca7f,04354,Swords,Dublin
4c07d11e-3a85-851d-e053-ca3ca8c0ca7f,04354,Swords,Dublin
4c07d11e-3a86-851d-e053-ca3ca8c0ca7f,31146,Ballysadare,Sligo
4c07d11e-3a87-851d-e053-ca3ca8c0ca7f,31143,Sligo,Sligo
4c07d11e-3a88-851d-e053-ca3ca8c0ca7f,31143,Sligo,Sligo
4c07d11e-3a89-851d-e053-ca3ca8c0ca7f,31143,Sligo,Sligo
4c07d11e-3a8a-851d-e053-ca3ca8c0ca7f,31143,Sligo,Sligo
4c07d11e-3a8b-851d-e053-ca3ca8c0ca7f,11416,Navan,Meath
4c07d11e-3a8c-851d-e053-ca3ca8c0ca7f,11416,Navan,Meath
4c07d11e-3a8d-851d-e053-ca3ca8c0ca7f,11416,Navan,Meath
4c07d11e-3a8e-851d-e053-ca3ca8c0ca7f,04349,Lusk,Dublin
4c07d11e-3a8f-851d-e053-ca3ca8c0ca7f,04347,Donabate,Dublin
4c07d11e-3a90-851d-e053-ca3ca8c0ca7f,04343,Rush,Dublin
4c07d11e-3a91-851d-e053-ca3ca8c0ca7f,04343,Rush,Dublin
4c07d11e-3a92-851d-e053-ca3ca8c0ca7f,04354,Swords,Dublin
4c07d11e-3a93-851d-e053-ca3ca8c0ca7f,04354,Swords,Dublin
4c07d11e-3a94-851d-e053-ca3ca8c0ca7f,04354,Swords,Dublin
4c07d11e-3a95-851d-e053-ca3ca8c0ca7f,04354,Swords,Dublin
4c07d11e-3a96-851d-e053-ca3ca8c0ca7f,04354,Swords,Dublin
4c07d11e-3a97-851d-e053-ca3ca8c0ca7f,04354,Swords,Dublin
4c07d11e-3a98-851d-e053-ca3ca8c0ca7f,31143,Sligo,Sligo
4c07d11e-3a99-851d-e053-ca3ca8c0ca7f,31143,Sligo,Sligo
4c07d11e-3a9a-851d-e053-ca3ca8c0ca7f,31143,Sligo,Sligo
4c07d11e-3a9b-851d-e053-ca3ca8c0ca7f,11416,Navan,Meath
4c07d11e-3a9c-851d-e053-ca3ca8c0ca7f,11416,Navan,Meath
4c07d11e-3a9d-851d-e053-ca3ca8c0ca7f,11416,Navan,Meath
4c07d11e-3a9e-851d-e053-ca3ca8c0ca7f,11416,Navan,Meath
4c07d11e-3a9f-851d-e053-ca3ca8c0ca7f,04343,Rush,Dublin
4c07d11e-3aa0-851d-e053-ca3ca8c0ca7f,04351,Balrothery,Dublin
4c07d11e-3aa1-851d-e053-ca3ca8c0ca7f,04352,Balbriggan,Dublin
4c07d11e-3aa2-851d-e053-ca3ca8c0ca7f,04348,Malahide,Dublin
4c07d11e-3aa3-851d-e053-ca3ca8c0ca7f,04348,Malahide,Dublin
4c07d11e-3aa4-851d-e053-ca3ca8c0ca7f,31143,Sligo,Sligo
4c07d11e-3aa5-851d-e053-ca3ca8c0ca7f,31143,Sligo,Sligo
4c07d11e-3aa6-851d-e053-ca3ca8c0ca7f,31143,Sligo,Sligo
4c07d11e-3aa7-851d-e053-ca3ca8c0ca7f,31143,Sligo,Sligo
4c07d11e-3aa8-851d-e053-ca3ca8c0ca7f,31143,Sligo,Sligo
4c07d11e-3aa9-851d-e053-ca3ca8c0ca7f,11416,Navan,Meath
4c07d11e-3aaa-851d-e053-ca3ca8c0ca7f,32047,Ballyjamesduff,Cavan
4c07d11e-3aab-851d-e053-ca3ca8c0ca7f,32050,Cavan,Cavan
4c07d11e-3aac-851d-e053-ca3ca8c0ca7f,04352,Balbriggan,Dublin
4c07d11e-3aad-851d-e053-ca3ca8c0ca7f,04352,Balbriggan,Dublin
4c07d11e-3aae-851d-e053-ca3ca8c0ca7f,04352,Balbriggan,Dublin
4c07d11e-3aaf-851d-e053-ca3ca8c0ca7f,04352,Balbriggan,Dublin
4c07d11e-3ab0-851d-e053-ca3ca8c0ca7f,04348,Malahide,Dublin
4c07d11e-3ab1-851d-e053-ca3ca8c0ca7f,04348,Malahide,Dublin
4c07d11e-3ab2-851d-e053-ca3ca8c0ca7f,31143,Sligo,Sligo
4c07d11e-3ab3-851d-e053-ca3ca8c0ca7f,31143,Sligo,Sligo
4c07d11e-3ab4-851d-e053-ca3ca8c0ca7f,31143,Sligo,Sligo
4c07d11e-3ab5-851d-e053-ca3ca8c0ca7f,31143,Sligo,Sligo
4c07d11e-3ab6-851d-e053-ca3ca8c0ca7f,32050,Cavan,Cavan
4c07d11e-3ab7-851d-e053-ca3ca8c0ca7f,32050,Cavan,Cavan
4c07d11e-3ab8-851d-e053-ca3ca8c0ca7f,32050,Cavan,Cavan
4c07d11e-3ab9-851d-e053-ca3ca8c0ca7f,32050,Cavan,Cavan
4c07d11e-3aba-851d-e053-ca3ca8c0ca7f,04352,Balbriggan,Dublin
4c07d11e-3abb-851d-e053-ca3ca8c0ca7f,04352,Balbriggan,Dublin
4c07d11e-3abc-851d-e053-ca3ca8c0ca7f,04348,Malahide,Dublin
4c07d11e-3abd-851d-e053-ca3ca8c0ca7f,04348,Malahide,Dublin
4c07d11e-3abe-851d-e053-ca3ca8c0ca7f,04348,Malahide,Dublin
4c07d11e-3abf-851d-e053-ca3ca8c0ca7f,04346,Portmarnock,Dublin
4c07d11e-3ac0-851d-e053-ca3ca8c0ca7f,31143,Sligo,Sligo
4c07d11e-3ac1-851d-e053-ca3ca8c0ca7f,31143,Sligo,Sligo
4c07d11e-3ac2-851d-e053-ca3ca8c0ca7f,31143,Sligo,Sligo
4c07d11e-3ac3-851d-e053-ca3ca8c0ca7f,31143,Sligo,Sligo
4c07d11e-3ac4-851d-e053-ca3ca8c0ca7f,09235,Longford,Longford
4c07d11e-3ac5-851d-e053-ca3ca8c0ca7f,09235,Longford,Longford
4c07d11e-3ac6-851d-e053-ca3ca8c0ca7f,32050,Cavan,Cavan
4c07d11e-3ac7-851d-e053-ca3ca8c0ca7f,32041,Kingscourt,Cavan
4c07d11e-3ac8-851d-e053-ca3ca8c0ca7f,10019,Ardee,Louth
4c07d11e-3ac9-851d-e053-ca3ca8c0ca7f,34024,Carrickmacross,Monaghan
4c07d11e-3aca-851d-e053-ca3ca8c0ca7f,04352,Balbriggan,Dublin
4c07d11e-3acb-851d-e053-ca3ca8c0ca7f,04352,Balbriggan,Dublin
4c07d11e-3acc-851d-e053-ca3ca8c0ca7f,04352,Balbriggan,Dublin
4c07d11e-3acd-851d-e053-ca3ca8c0ca7f,04346,Portmarnock,Dublin
4c07d11e-3ace-851d-e053-ca3ca8c0ca7f,04346,Portmarnock,Dublin
4c07d11e-3acf-851d-e053-ca3ca8c0ca7f,04346,Portmarnock,Dublin
4c07d11e-3ad0-851d-e053-ca3ca8c0ca7f,04346,Portmarnock,Dublin
4c07d11e-3ad1-851d-e053-ca3ca8c0ca7f,09235,Longford,Longford
4c07d11e-3ad2-851d-e053-ca3ca8c0ca7f,09235,Longford,Longford
4c07d11e-3ad3-851d-e053-ca3ca8c0ca7f,09235,Longford,Longford
4c07d11e-3ad4-851d-e053-ca3ca8c0ca7f,09230,Edgeworthstown,Longford
4c07d11e-3ad5-851d-e053-ca3ca8c0ca7f,28134,Manorhamilton,Leitrim
4c07d11e-3ad6-851d-e053-ca3ca8c0ca7f,33106,Ballyshannon,Donegal
4c07d11e-3ad7-851d-e053-ca3ca8c0ca7f,33106,Ballyshannon,Donegal
4c07d11e-3ad8-851d-e053-ca3ca8c0ca7f,32046,Cootehill,Cavan
4c07d11e-3ad9-851d-e053-ca3ca8c0ca7f,32046,Cootehill,Cavan
4c07d11e-3ada-851d-e053-ca3ca8c0ca7f,04352,Balbriggan,Dublin
4c07d11e-3adb-851d-e053-ca3ca8c0ca7f,04352,Balbriggan,Dublin
4c07d11e-3adc-851d-e053-ca3ca8c0ca7f,04352,Balbriggan,Dublin
4c07d11e-3add-851d-e053-ca3ca8c0ca7f,04346,Portmarnock,Dublin
4c07d11e-3ade-851d-e053-ca3ca8c0ca7f,04346,Portmarnock,Dublin
4c07d11e-3adf-851d-e053-ca3ca8c0ca7f,30252,Boyle,Roscommon
4c07d11e-3ae0-851d-e053-ca3ca8c0ca7f,28132,Carrick-On-Shannon,Leitrim
4c07d11e-3ae1-851d-e053-ca3ca8c0ca7f,28132,Carrick-On-Shannon,Leitrim
4c07d11e-3ae2-851d-e053-ca3ca8c0ca7f,28132,Carrick-On-Shannon,Leitrim
4c07d11e-3ae3-851d-e053-ca3ca8c0ca7f,34038,Newbliss,Monaghan
4c07d11e-3ae4-851d-e053-ca3ca8c0ca7f,34032,Monaghan,Monaghan
4c07d11e-3ae5-851d-e053-ca3ca8c0ca7f,34032,Monaghan,Monaghan
4c07d11e-3ae6-851d-e053-ca3ca8c0ca7f,34032,Monaghan,Monaghan
4c07d11e-3ae7-851d-e053-ca3ca8c0ca7f,34025,Castleblayney,Monaghan
4c07d11e-3ae8-851d-e053-ca3ca8c0ca7f,04352,Balbriggan,Dublin
4c07d11e-3ae9-851d-e053-ca3ca8c0ca7f,04352,Balbriggan,Dublin
4c07d11e-3aea-851d-e053-ca3ca8c0ca7f,04346,Portmarnock,Dublin
4c07d11e-3aeb-851d-e053-ca3ca8c0ca7f,04346,Portmarnock,Dublin
4c07d11e-3aec-851d-e053-ca3ca8c0ca7f,04348,Malahide,Dublin
4c07d11e-3aee-851d-e053-ca3ca8c0ca7f,13188,Mullingar,Westmeath
4c07d11e-3aef-851d-e053-ca3ca8c0ca7f,13188,Mullingar,Westmeath
4c07d11e-3af0-851d-e053-ca3ca8c0ca7f,34025,Castleblayney,Monaghan
4c07d11e-3af1-851d-e053-ca3ca8c0ca7f,11408,Ratoath,Meath
4c07d11e-3af2-851d-e053-ca3ca8c0ca7f,11408,Ratoath,Meath
4c07d11e-3af3-851d-e053-ca3ca8c0ca7f,11408,Ratoath,Meath
4c07d11e-3af4-851d-e053-ca3ca8c0ca7f,11408,Ratoath,Meath
4c07d11e-3af5-851d-e053-ca3ca8c0ca7f,04352,Balbriggan,Dublin
4c07d11e-3af6-851d-e053-ca3ca8c0ca7f,04352,Balbriggan,Dublin
4c07d11e-3af7-851d-e053-ca3ca8c0ca7f,04352,Balbriggan,Dublin
4c07d11e-3af8-851d-e053-ca3ca8c0ca7f,04348,Malahide,Dublin
4c07d11e-3af9-851d-e053-ca3ca8c0ca7f,04348,Malahide,Dublin
4c07d11e-3afa-851d-e053-ca3ca8c0ca7f,27304,Clifden,Galway
4c07d11e-3afb-851d-e053-ca3ca8c0ca7f,27304,Clifden,Galway
4c07d11e-3afc-851d-e053-ca3ca8c0ca7f,29331,Westport,Mayo
4c07d11e-3afd-851d-e053-ca3ca8c0ca7f,13188,Mullingar,Westmeath
4c07d11e-3afe-851d-e053-ca3ca8c0ca7f,13188,Mullingar,Westmeath
4c07d11e-3aff-851d-e053-ca3ca8c0ca7f,13188,Mullingar,Westmeath
4c07d11e-3b00-851d-e053-ca3ca8c0ca7f,13188,Mullingar,Westmeath
4c07d11e-3b01-851d-e053-ca3ca8c0ca7f,13188,Mullingar,Westmeath
4c07d11e-3b02-851d-e053-ca3ca8c0ca7f,13188,Mullingar,Westmeath
4c07d11e-3b03-851d-e053-ca3ca8c0ca7f,11404,Ashbourne,Meath
4c07d11e-3b04-851d-e053-ca3ca8c0ca7f,11404,Ashbourne,Meath
4c07d11e-3b05-851d-e053-ca3ca8c0ca7f,11404,Ashbourne,Meath
4c07d11e-3b06-851d-e053-ca3ca8c0ca7f,11404,Ashbourne,Meath
4c07d11e-3b07-851d-e053-ca3ca8c0ca7f,11404,Ashbourne,Meath
4c07d11e-3b08-851d-e053-ca3ca8c0ca7f,11404,Ashbourne,Meath
4c07d11e-3b09-851d-e053-ca3ca8c0ca7f,04352,Balbriggan,Dublin
4c07d11e-3b0a-851d-e053-ca3ca8c0ca7f,04352,Balbriggan,Dublin
4c07d11e-3b0b-851d-e053-ca3ca8c0ca7f,04352,Balbriggan,Dublin
4c07d11e-3b0c-851d-e053-ca3ca8c0ca7f,29331,Westport,Mayo
4c07d11e-3b0d-851d-e053-ca3ca8c0ca7f,29331,Westport,Mayo
4c07d11e-3b0e-851d-e053-ca3ca8c0ca7f,29331,Westport,Mayo
4c07d11e-3b0f-851d-e053-ca3ca8c0ca7f,29331,Westport,Mayo
4c07d11e-3b10-851d-e053-ca3ca8c0ca7f,29326,Ballinrobe,Mayo
4c07d11e-3b11-851d-e053-ca3ca8c0ca7f,13188,Mullingar,Westmeath
4c07d11e-3b12-851d-e053-ca3ca8c0ca7f,13188,Mullingar,Westmeath
4c07d11e-3b13-851d-e053-ca3ca8c0ca7f,13188,Mullingar,Westmeath
4c07d11e-3b14-851d-e053-ca3ca8c0ca7f,13188,Mullingar,Westmeath
4c07d11e-3b15-851d-e053-ca3ca8c0ca7f,11404,Ashbourne,Meath
4c07d11e-3b16-851d-e053-ca3ca8c0ca7f,11404,Ashbourne,Meath
4c07d11e-3b17-851d-e053-ca3ca8c0ca7f,11404,Ashbourne,Meath
4c07d11e-3b18-851d-e053-ca3ca8c0ca7f,11404,Ashbourne,Meath
4c07d11e-3b19-851d-e053-ca3ca8c0ca7f,11404,Ashbourne,Meath
4c07d11e-3b1a-851d-e053-ca3ca8c0ca7f,04352,Balbriggan,Dublin
4c07d11e-3b1b-851d-e053-ca3ca8c0ca7f,04352,Balbriggan,Dublin
4c07d11e-3b1c-851d-e053-ca3ca8c0ca7f,04352,Balbriggan,Dublin
4c07d11e-3b1d-851d-e053-ca3ca8c0ca7f,27280,Tuam,Galway
4c07d11e-3b1e-851d-e053-ca3ca8c0ca7f,27280,Tuam,Galway
4c07d11e-3b1f-851d-e053-ca3ca8c0ca7f,27280,Tuam,Galway
4c07d11e-3b20-851d-e053-ca3ca8c0ca7f,27280,Tuam,Galway
4c07d11e-3b21-851d-e053-ca3ca8c0ca7f,27280,Tuam,Galway
4c07d11e-3b22-851d-e053-ca3ca8c0ca7f,13188,Mullingar,Westmeath
4c07d11e-3b23-851d-e053-ca3ca8c0ca7f,13188,Mullingar,Westmeath
4c07d11e-3b24-851d-e053-ca3ca8c0ca7f,13188,Mullingar,Westmeath
4c07d11e-3b25-851d-e053-ca3ca8c0ca7f,13188,Mullingar,Westmeath
4c07d11e-3b26-851d-e053-ca3ca8c0ca7f,11404,Ashbourne,Meath
4c07d11e-3b27-851d-e053-ca3ca8c0ca7f,11404,Ashbourne,Meath
4c07d11e-3b28-851d-e053-ca3ca8c0ca7f,04347,Donabate,Dublin
4c07d11e-3b29-851d-e053-ca3ca8c0ca7f,04347,Donabate,Dublin
4c07d11e-3b2a-851d-e053-ca3ca8c0ca7f,04347,Donabate,Dublin
4c07d11e-3b2b-851d-e053-ca3ca8c0ca7f,04352,Balbriggan,Dublin
4c07d11e-3b2c-851d-e053-ca3ca8c0ca7f,04352,Balbriggan,Dublin
4c07d11e-3b2d-851d-e053-ca3ca8c0ca7f,04352,Balbriggan,Dublin
4c07d11e-3b2e-851d-e053-ca3ca8c0ca7f,27280,Tuam,Galway
4c07d11e-3b2f-851d-e053-ca3ca8c0ca7f,27280,Tuam,Galway
4c07d11e-3b30-851d-e053-ca3ca8c0ca7f,29306,Ballyhaunis,Mayo
4c07d11e-3b31-851d-e053-ca3ca8c0ca7f,11429,Ballivor,Meath
4c07d11e-3b32-851d-e053-ca3ca8c0ca7f,11420,Trim,Meath
4c07d11e-3b33-851d-e053-ca3ca8c0ca7f,11420,Trim,Meath
4c07d11e-3b34-851d-e053-ca3ca8c0ca7f,11420,Trim,Meath
4c07d11e-3b35-851d-e053-ca3ca8c0ca7f,04347,Donabate,Dublin
4c07d11e-3b36-851d-e053-ca3ca8c0ca7f,04347,Donabate,Dublin
4c07d11e-3b37-851d-e053-ca3ca8c0ca7f,04347,Donabate,Dublin
4c07d11e-3b38-851d-e053-ca3ca8c0ca7f,04347,Donabate,Dublin
4c07d11e-3b39-851d-e053-ca3ca8c0ca7f,04349,Lusk,Dublin
4c07d11e-3b3a-851d-e053-ca3ca8c0ca7f,04352,Balbriggan,Dublin
4c07d11e-3b3b-851d-e053-ca3ca8c0ca7f,04345,Skerries,Dublin
4c07d11e-3b3c-851d-e053-ca3ca8c0ca7f,04345,Skerries,Dublin
4c07d11e-3b3d-851d-e053-ca3ca8c0ca7f,30257,Castlerea,Roscommon
4c07d11e-3b3e-851d-e053-ca3ca8c0ca7f,29327,Castlebar,Mayo
4c07d11e-3b3f-851d-e053-ca3ca8c0ca7f,29327,Castlebar,Mayo
4c07d11e-3b40-851d-e053-ca3ca8c0ca7f,29327,Castlebar,Mayo
4c07d11e-3b41-851d-e053-ca3ca8c0ca7f,11420,Trim,Meath
4c07d11e-3b42-851d-e053-ca3ca8c0ca7f,11411,Dunshaughlin,Meath
4c07d11e-3b43-851d-e053-ca3ca8c0ca7f,11411,Dunshaughlin,Meath
4c07d11e-3b44-851d-e053-ca3ca8c0ca7f,04349,Lusk,Dublin
4c07d11e-3b45-851d-e053-ca3ca8c0ca7f,04349,Lusk,Dublin
4c07d11e-3b46-851d-e053-ca3ca8c0ca7f,04349,Lusk,Dublin
4c07d11e-3b47-851d-e053-ca3ca8c0ca7f,04349,Lusk,Dublin
4c07d11e-3b48-851d-e053-ca3ca8c0ca7f,02341,Dublin city and suburbs,Dublin
4c07d11e-3b49-851d-e053-ca3ca8c0ca7f,02341,Dublin city and suburbs,Dublin
4c07d11e-3b4a-851d-e053-ca3ca8c0ca7f,02341,Dublin city and suburbs,Dublin
4c07d11e-3b4b-851d-e053-ca3ca8c0ca7f,02341,Dublin city and suburbs,Dublin
4c07d11e-3b4c-851d-e053-ca3ca8c0ca7f,02341,Dublin city and suburbs,Dublin
4c07d11e-3b4d-851d-e053-ca3ca8c0ca7f,02341,Dublin city and suburbs,Dublin
4c07d11e-3b4e-851d-e053-ca3ca8c0ca7f,02341,Dublin city and suburbs,Dublin
4c07d11e-3b4f-851d-e053-ca3ca8c0ca7f,02341,Dublin city and suburbs,Dublin
4c07d11e-3b50-851d-e053-ca3ca8c0ca7f,02341,Dublin city and suburbs,Dublin
4c07d11e-3b51-851d-e053-ca3ca8c0ca7f,02341,Dublin city and suburbs,Dublin
4c07d11e-3b52-851d-e053-ca3ca8c0ca7f,02341,Dublin city and suburbs,Dublin
4c07d11e-3b53-851d-e053-ca3ca8c0ca7f,02341,Dublin city and suburbs,Dublin
4c07d11e-3b54-851d-e053-ca3ca8c0ca7f,02341,Dublin city and suburbs,Dublin
4c07d11e-3b55-851d-e053-ca3ca8c0ca7f,02341,Dublin city and suburbs,Dublin
4c07d11e-3b56-851d-e053-ca3ca8c0ca7f,02341,Dublin city and suburbs,Dublin
4c07d11e-3b57-851d-e053-ca3ca8c0ca7f,02341,Dublin city and suburbs,Dublin
4c07d11e-3b58-851d-e053-ca3ca8c0ca7f,02341,Dublin city and suburbs,Dublin
4c07d11e-3b59-851d-e053-ca3ca8c0ca7f,02341,Dublin city and suburbs,Dublin
4c07d11e-3b5a-851d-e053-ca3ca8c0ca7f,02341,Dublin city and suburbs,Dublin
4c07d11e-3b5b-851d-e053-ca3ca8c0ca7f,02341,Dublin city and suburbs,Dublin
4c07d11e-3b5c-851d-e053-ca3ca8c0ca7f,02341,Dublin city and suburbs,Dublin
4c07d11e-3b5d-851d-e053-ca3ca8c0ca7f,02341,Dublin city and suburbs,Dublin
4c07d11e-3b5e-851d-e053-ca3ca8c0ca7f,02341,Dublin city and suburbs,Dublin
4c07d11e-3b5f-851d-e053-ca3ca8c0ca7f,02341,Dublin city and suburbs,Dublin
4c07d11e-3b60-851d-e053-ca3ca8c0ca7f,02341,Dublin city and suburbs,Dublin
4c07d11e-3b61-851d-e053-ca3ca8c0ca7f,02341,Dublin city and suburbs,Dublin
4c07d11e-3b62-851d-e053-ca3ca8c0ca7f,02341,Dublin city and suburbs,Dublin
4c07d11e-3b63-851d-e053-ca3ca8c0ca7f,02341,Dublin city and suburbs,Dublin
4c07d11e-3b64-851d-e053-ca3ca8c0ca7f,02341,Dublin city and suburbs,Dublin
4c07d11e-3b65-851d-e053-ca3ca8c0ca7f,04354,Swords,Dublin
4c07d11e-3b66-851d-e053-ca3ca8c0ca7f,04353,Kinsealy-Drinan,Dublin
4c07d11e-3b67-851d-e053-ca3ca8c0ca7f,04346,Portmarnock,Dublin
4c07d11e-3b68-851d-e053-ca3ca8c0ca7f,04346,Portmarnock,Dublin
4c07d11e-3b69-851d-e053-ca3ca8c0ca7f,04354,Swords,Dublin
4c07d11e-3b6a-851d-e053-ca3ca8c0ca7f,04354,Swords,Dublin
4c07d11e-3b6b-851d-e053-ca3ca8c0ca7f,02341,Dublin city and suburbs,Dublin
4c07d11e-3b6c-851d-e053-ca3ca8c0ca7f,02341,Dublin city and suburbs,Dublin
4c07d11e-3b6d-851d-e053-ca3ca8c0ca7f,02341,Dublin city and suburbs,Dublin
4c07d11e-3b6e-851d-e053-ca3ca8c0ca7f,02341,Dublin city and suburbs,Dublin
4c07d11e-3b6f-851d-e053-ca3ca8c0ca7f,02341,Dublin city and suburbs,Dublin
4c07d11e-3b70-851d-e053-ca3ca8c0ca7f,02341,Dublin city and suburbs,Dublin
4c07d11e-3b71-851d-e053-ca3ca8c0ca7f,02341,Dublin city and suburbs,Dublin
4c07d11e-3b72-851d-e053-ca3ca8c0ca7f,02341,Dublin city and suburbs,Dublin
4c07d11e-3b73-851d-e053-ca3ca8c0ca7f,02341,Dublin city and suburbs,Dublin
4c07d11e-3b74-851d-e053-ca3ca8c0ca7f,02341,Dublin city and suburbs,Dublin
4c07d11e-3b75-851d-e053-ca3ca8c0ca7f,02341,Dublin city and suburbs,Dublin
4c07d11e-3b76-851d-e053-ca3ca8c0ca7f,02341,Dublin city and suburbs,Dublin
4c07d11e-3b77-851d-e053-ca3ca8c0ca7f,02341,Dublin city and suburbs,Dublin
4c07d11e-3b78-851d-e053-ca3ca8c0ca7f,02341,Dublin city and suburbs,Dublin
4c07d11e-3b79-851d-e053-ca3ca8c0ca7f,02341,Dublin city and suburbs,Dublin
4c07d11e-3b7a-851d-e053-ca3ca8c0ca7f,02341,Dublin city and suburbs,Dublin
4c07d11e-3b7b-851d-e053-ca3ca8c0ca7f,02341,Dublin city and suburbs,Dublin
4c07d11e-3b7c-851d-e053-ca3ca8c0ca7f,02341,Dublin city and suburbs,Dublin
4c07d11e-3b7d-851d-e053-ca3ca8c0ca7f,04354,Swords,Dublin
4c07d11e-3b7e-851d-e053-ca3ca8c0ca7f,04354,Swords,Dublin
4c07d11e-3b7f-851d-e053-ca3ca8c0ca7f,04354,Swords,Dublin
4c07d11e-3b80-851d-e053-ca3ca8c0ca7f,04348,Malahide,Dublin
4c07d11e-3b81-851d-e053-ca3ca8c0ca7f,04348,Malahide,Dublin
4c07d11e-3b82-851d-e053-ca3ca8c0ca7f,04348,Malahide,Dublin
4c07d11e-3b83-851d-e053-ca3ca8c0ca7f,31143,Sligo,Sligo
4c07d11e-3b84-851d-e053-ca3ca8c0ca7f,02341,Dublin city and suburbs,Dublin
4c07d11e-3b85-851d-e053-ca3ca8c0ca7f,02341,Dublin city and suburbs,Dublin
4c07d11e-3b86-851d-e053-ca3ca8c0ca7f,02341,Dublin city and suburbs,Dublin
4c07d11e-3b88-851d-e053-ca3ca8c0ca7f,15376,Bray,Wicklow
4c07d11e-3b89-851d-e053-ca3ca8c0ca7f,02341,Dublin city and suburbs,Dublin
4c07d11e-3b8a-851d-e053-ca3ca8c0ca7f,02341,Dublin city and suburbs,Dublin
4c07d11e-3b8b-851d-e053-ca3ca8c0ca7f,02341,Dublin city and suburbs,Dublin
4c07d11e-3b8c-851d-e053-ca3ca8c0ca7f,02341,Dublin city and suburbs,Dublin
4c07d11e-3b8d-851d-e053-ca3ca8c0ca7f,02341,Dublin city and suburbs,Dublin
4c07d11e-3b8e-851d-e053-ca3ca8c0ca7f,02341,Dublin city and suburbs,Dublin
4c07d11e-3b8f-851d-e053-ca3ca8c0ca7f,02341,Dublin city and suburbs,Dublin
4c07d11e-3b90-851d-e053-ca3ca8c0ca7f,02341,Dublin city and suburbs,Dublin
4c07d11e-3b91-851d-e053-ca3ca8c0ca7f,02341,Dublin city and suburbs,Dublin
4c07d11e-3b92-851d-e053-ca3ca8c0ca7f,02341,Dublin city and suburbs,Dublin
4c07d11e-3b93-851d-e053-ca3ca8c0ca7f,31143,Sligo,Sligo
4c07d11e-3b94-851d-e053-ca3ca8c0ca7f,31143,Sligo,Sligo
4c07d11e-3b95-851d-e053-ca3ca8c0ca7f,11416,Navan,Meath
4c07d11e-3b96-851d-e053-ca3ca8c0ca7f,11404,Ashbourne,Meath
4c07d11e-3b97-851d-e053-ca3ca8c0ca7f,04347,Donabate,Dublin
4c07d11e-3b98-851d-e053-ca3ca8c0ca7f,04347,Donabate,Dublin
4c07d11e-3b99-851d-e053-ca3ca8c0ca7f,02341,Dublin city and suburbs,Dublin
4c07d11e-3b9a-851d-e053-ca3ca8c0ca7f,02341,Dublin city and suburbs,Dublin
4c07d11e-3b9b-851d-e053-ca3ca8c0ca7f,02341,Dublin city and suburbs,Dublin
4c07d11e-3b9d-851d-e053-ca3ca8c0ca7f,02341,Dublin city and suburbs,Dublin
4c07d11e-3b9e-851d-e053-ca3ca8c0ca7f,02341,Dublin city and suburbs,Dublin
4c07d11e-3b9f-851d-e053-ca3ca8c0ca7f,02341,Dublin city and suburbs,Dublin
4c07d11e-3ba0-851d-e053-ca3ca8c0ca7f,02341,Dublin city and suburbs,Dublin
4c07d11e-3ba1-851d-e053-ca3ca8c0ca7f,02341,Dublin city and suburbs,Dublin
4c07d11e-3ba2-851d-e053-ca3ca8c0ca7f,02341,Dublin city and suburbs,Dublin
4c07d11e-3ba3-851d-e053-ca3ca8c0ca7f,02341,Dublin city and suburbs,Dublin
4c07d11e-3ba4-851d-e053-ca3ca8c0ca7f,02341,Dublin city and suburbs,Dublin
4c07d11e-3ba5-851d-e053-ca3ca8c0ca7f,02341,Dublin city and suburbs,Dublin
4c07d11e-3ba6-851d-e053-ca3ca8c0ca7f,02341,Dublin city and suburbs,Dublin
4c07d11e-3ba7-851d-e053-ca3ca8c0ca7f,02341,Dublin city and suburbs,Dublin
4c07d11e-3ba8-851d-e053-ca3ca8c0ca7f,02341,Dublin city and suburbs,Dublin
4c07d11e-3ba9-851d-e053-ca3ca8c0ca7f,04352,Balbriggan,Dublin
4c07d11e-3baa-851d-e053-ca3ca8c0ca7f,04352,Balbriggan,Dublin
4c07d11e-3bab-851d-e053-ca3ca8c0ca7f,04352,Balbriggan,Dublin
4c07d11e-3bac-851d-e053-ca3ca8c0ca7f,04352,Balbriggan,Dublin
4c07d11e-3bad-851d-e053-ca3ca8c0ca7f,04352,Balbriggan,Dublin
4c07d11e-3bae-851d-e053-ca3ca8c0ca7f,17364,Cork city and suburbs,Cork
4c07d11e-3baf-851d-e053-ca3ca8c0ca7f,17364,Cork city and suburbs,Cork
4c07d11e-3bb0-851d-e053-ca3ca8c0ca7f,02341,Dublin city and suburbs,Dublin
4c07d11e-3bb1-851d-e053-ca3ca8c0ca7f,02341,Dublin city and suburbs,Dublin
4c07d11e-3bb2-851d-e053-ca3ca8c0ca7f,02341,Dublin city and suburbs,Dublin
4c07d11e-3bb3-851d-e053-ca3ca8c0ca7f,02341,Dublin city and suburbs,Dublin
4c07d11e-3bb4-851d-e053-ca3ca8c0ca7f,02341,Dublin city and suburbs,Dublin
4c07d11e-3bb5-851d-e053-ca3ca8c0ca7f,02341,Dublin city and suburbs,Dublin
4c07d11e-3bb6-851d-e053-ca3ca8c0ca7f,02341,Dublin city and suburbs,Dublin
4c07d11e-3bb7-851d-e053-ca3ca8c0ca7f,02341,Dublin city and suburbs,Dublin
4c07d11e-3bb8-851d-e053-ca3ca8c0ca7f,02341,Dublin city and suburbs,Dublin
4c07d11e-3bb9-851d-e053-ca3ca8c0ca7f,02341,Dublin city and suburbs,Dublin
4c07d11e-3bba-851d-e053-ca3ca8c0ca7f,02341,Dublin city and suburbs,Dublin
4c07d11e-3bbb-851d-e053-ca3ca8c0ca7f,02341,Dublin city and suburbs,Dublin
4c07d11e-3bbc-851d-e053-ca3ca8c0ca7f,02341,Dublin city and suburbs,Dublin
4c07d11e-3bbd-851d-e053-ca3ca8c0ca7f,20497,Limerick city and suburbs,Limerick
4c07d11e-3bbe-851d-e053-ca3ca8c0ca7f,20497,Limerick city and suburbs,Limerick
4c07d11e-3bbf-851d-e053-ca3ca8c0ca7f,26305,Galway city and suburbs,Galway
4c07d11e-3bc0-851d-e053-ca3ca8c0ca7f,02341,Dublin city and suburbs,Dublin
4c07d11e-3bc1-851d-e053-ca3ca8c0ca7f,02341,Dublin city and suburbs,Dublin
4c07d11e-3bc2-851d-e053-ca3ca8c0ca7f,02341,Dublin city and suburbs,Dublin
4c07d11e-3bc3-851d-e053-ca3ca8c0ca7f,02341,Dublin city and suburbs,Dublin
4c07d11e-3bc4-851d-e053-ca3ca8c0ca7f,02341,Dublin city and suburbs,Dublin
4c07d11e-3bc5-851d-e053-ca3ca8c0ca7f,02341,Dublin city and suburbs,Dublin
4c07d11e-3bc6-851d-e053-ca3ca8c0ca7f,02341,Dublin city and suburbs,Dublin
4c07d11e-3bc7-851d-e053-ca3ca8c0ca7f,02341,Dublin city and suburbs,Dublin
4c07d11e-3bc8-851d-e053-ca3ca8c0ca7f,02341,Dublin city and suburbs,Dublin
4c07d11e-3bc9-851d-e053-ca3ca8c0ca7f,02341,Dublin city and suburbs,Dublin
4c07d11e-3bca-851d-e053-ca3ca8c0ca7f,02341,Dublin city and suburbs,Dublin
4c07d11e-3bcb-851d-e053-ca3ca8c0ca7f,02341,Dublin city and suburbs,Dublin
4c07d11e-3bcc-851d-e053-ca3ca8c0ca7f,02341,Dublin city and suburbs,Dublin
4c07d11e-3bcd-851d-e053-ca3ca8c0ca7f,02341,Dublin city and suburbs,Dublin
4c07d11e-3bce-851d-e053-ca3ca8c0ca7f,02341,Dublin city and suburbs,Dublin
4c07d11e-3bcf-851d-e053-ca3ca8c0ca7f,02341,Dublin city and suburbs,Dublin
4c07d11e-3bd0-851d-e053-ca3ca8c0ca7f,02341,Dublin city and suburbs,Dublin
4c07d11e-3bd1-851d-e053-ca3ca8c0ca7f,02341,Dublin city and suburbs,Dublin
4c07d11e-3bd2-851d-e053-ca3ca8c0ca7f,02341,Dublin city and suburbs,Dublin
4c07d11e-3bd3-851d-e053-ca3ca8c0ca7f,02341,Dublin city and suburbs,Dublin
4c07d11e-3bd4-851d-e053-ca3ca8c0ca7f,02341,Dublin city and suburbs,Dublin
4c07d11e-3bd5-851d-e053-ca3ca8c0ca7f,02341,Dublin city and suburbs,Dublin
4c07d11e-3bd6-851d-e053-ca3ca8c0ca7f,02341,Dublin city and suburbs,Dublin
4c07d11e-3bd7-851d-e053-ca3ca8c0ca7f,02341,Dublin city and suburbs,Dublin
4c07d11e-3bd8-851d-e053-ca3ca8c0ca7f,02341,Dublin city and suburbs,Dublin
4c07d11e-3bd9-851d-e053-ca3ca8c0ca7f,02341,Dublin city and suburbs,Dublin
4c07d11e-3bda-851d-e053-ca3ca8c0ca7f,02341,Dublin city and suburbs,Dublin
4c07d11e-3bdb-851d-e053-ca3ca8c0ca7f,02341,Dublin city and suburbs,Dublin
4c07d11e-3bdc-851d-e053-ca3ca8c0ca7f,02341,Dublin city and suburbs,Dublin
4c07d11e-3bdd-851d-e053-ca3ca8c0ca7f,02341,Dublin city and suburbs,Dublin
4c07d11e-3bde-851d-e053-ca3ca8c0ca7f,02341,Dublin city and suburbs,Dublin
4c07d11e-3bdf-851d-e053-ca3ca8c0ca7f,02341,Dublin city and suburbs,Dublin
4c07d11e-3be0-851d-e053-ca3ca8c0ca7f,02341,Dublin city and suburbs,Dublin
4c07d11e-3be1-851d-e053-ca3ca8c0ca7f,02341,Dublin city and suburbs,Dublin
4c07d11e-3be2-851d-e053-ca3ca8c0ca7f,02341,Dublin city and suburbs,Dublin
4c07d11e-3be3-851d-e053-ca3ca8c0ca7f,02341,Dublin city and suburbs,Dublin
4c07d11e-3be4-851d-e053-ca3ca8c0ca7f,02341,Dublin city and suburbs,Dublin
4c07d11e-3be5-851d-e053-ca3ca8c0ca7f,02341,Dublin city and suburbs,Dublin
4c07d11e-3be6-851d-e053-ca3ca8c0ca7f,02341,Dublin city and suburbs,Dublin
4c07d11e-3be7-851d-e053-ca3ca8c0ca7f,02341,Dublin city and suburbs,Dublin
4c07d11e-3be8-851d-e053-ca3ca8c0ca7f,02341,Dublin city and suburbs,Dublin
4c07d11e-3be9-851d-e053-ca3ca8c0ca7f,02341,Dublin city and suburbs,Dublin
4c07d11e-3bea-851d-e053-ca3ca8c0ca7f,02341,Dublin city and suburbs,Dublin
4c07d11e-3beb-851d-e053-ca3ca8c0ca7f,02341,Dublin city and suburbs,Dublin
4c07d11e-3bec-851d-e053-ca3ca8c0ca7f,02341,Dublin city and suburbs,Dublin
4c07d11e-3bed-851d-e053-ca3ca8c0ca7f,02341,Dublin city and suburbs,Dublin
4c07d11e-3bee-851d-e053-ca3ca8c0ca7f,02341,Dublin city and suburbs,Dublin
4c07d11e-3bef-851d-e053-ca3ca8c0ca7f,02341,Dublin city and suburbs,Dublin
4c07d11e-3bf0-851d-e053-ca3ca8c0ca7f,02341,Dublin city and suburbs,Dublin
4c07d11e-3bf1-851d-e053-ca3ca8c0ca7f,02341,Dublin city and suburbs,Dublin
4c07d11e-3bf2-851d-e053-ca3ca8c0ca7f,02341,Dublin city and suburbs,Dublin
4c07d11e-3bf3-851d-e053-ca3ca8c0ca7f,02341,Dublin city and suburbs,Dublin
4c07d11e-3bf4-851d-e053-ca3ca8c0ca7f,02341,Dublin city and suburbs,Dublin
4c07d11e-3bf5-851d-e053-ca3ca8c0ca7f,02341,Dublin city and suburbs,Dublin
4c07d11e-3bf6-851d-e053-ca3ca8c0ca7f,02341,Dublin city and suburbs,Dublin
4c07d11e-3bf7-851d-e053-ca3ca8c0ca7f,02341,Dublin city and suburbs,Dublin
4c07d11e-3bf9-851d-e053-ca3ca8c0ca7f,02341,Dublin city and suburbs,Dublin
4c07d11e-3bfa-851d-e053-ca3ca8c0ca7f,02341,Dublin city and suburbs,Dublin
4c07d11e-3bfb-851d-e053-ca3ca8c0ca7f,02341,Dublin city and suburbs,Dublin
4c07d11e-3bfc-851d-e053-ca3ca8c0ca7f,02341,Dublin city and suburbs,Dublin
4c07d11e-3bfd-851d-e053-ca3ca8c0ca7f,02341,Dublin city and suburbs,Dublin
4c07d11e-3bfe-851d-e053-ca3ca8c0ca7f,02341,Dublin city and suburbs,Dublin
4c07d11e-3bff-851d-e053-ca3ca8c0ca7f,02341,Dublin city and suburbs,Dublin
4c07d11e-3c01-851d-e053-ca3ca8c0ca7f,02341,Dublin city and suburbs,Dublin
4c07d11e-3c02-851d-e053-ca3ca8c0ca7f,02341,Dublin city and suburbs,Dublin
4c07d11e-3c03-851d-e053-ca3ca8c0ca7f,02341,Dublin city and suburbs,Dublin
4c07d11e-3c04-851d-e053-ca3ca8c0ca7f,02341,Dublin city and suburbs,Dublin
4c07d11e-3c05-851d-e053-ca3ca8c0ca7f,02341,Dublin city and suburbs,Dublin
4c07d11e-3c06-851d-e053-ca3ca8c0ca7f,02341,Dublin city and suburbs,Dublin
4c07d11e-3c07-851d-e053-ca3ca8c0ca7f,02341,Dublin city and suburbs,Dublin
4c07d11e-3c08-851d-e053-ca3ca8c0ca7f,02341,Dublin city and suburbs,Dublin
4c07d11e-3c09-851d-e053-ca3ca8c0ca7f,02341,Dublin city and suburbs,Dublin
4c07d11e-3c0a-851d-e053-ca3ca8c0ca7f,02341,Dublin city and suburbs,Dublin
4c07d11e-3c0b-851d-e053-ca3ca8c0ca7f,02341,Dublin city and suburbs,Dublin
4c07d11e-3c0c-851d-e053-ca3ca8c0ca7f,02341,Dublin city and suburbs,Dublin
4c07d11e-3c0d-851d-e053-ca3ca8c0ca7f,02341,Dublin city and suburbs,Dublin
4c07d11e-3c0e-851d-e053-ca3ca8c0ca7f,02341,Dublin city and suburbs,Dublin
4c07d11e-3c0f-851d-e053-ca3ca8c0ca7f,02341,Dublin city and suburbs,Dublin
4c07d11e-3c10-851d-e053-ca3ca8c0ca7f,02341,Dublin city and suburbs,Dublin
4c07d11e-3c11-851d-e053-ca3ca8c0ca7f,02341,Dublin city and suburbs,Dublin
4c07d11e-3c12-851d-e053-ca3ca8c0ca7f,02341,Dublin city and suburbs,Dublin
4c07d11e-3c13-851d-e053-ca3ca8c0ca7f,02341,Dublin city and suburbs,Dublin
4c07d11e-3c14-851d-e053-ca3ca8c0ca7f,02341,Dublin city and suburbs,Dublin
4c07d11e-3c15-851d-e053-ca3ca8c0ca7f,02341,Dublin city and suburbs,Dublin
4c07d11e-3c16-851d-e053-ca3ca8c0ca7f,02341,Dublin city and suburbs,Dublin
4c07d11e-3c17-851d-e053-ca3ca8c0ca7f,02341,Dublin city and suburbs,Dublin
4c07d11e-3c18-851d-e053-ca3ca8c0ca7f,02341,Dublin city and suburbs,Dublin
4c07d11e-3c19-851d-e053-ca3ca8c0ca7f,02341,Dublin city and suburbs,Dublin
4c07d11e-3c1a-851d-e053-ca3ca8c0ca7f,02341,Dublin city and suburbs,Dublin
4c07d11e-3c1b-851d-e053-ca3ca8c0ca7f,02341,Dublin city and suburbs,Dublin
4c07d11e-3c1c-851d-e053-ca3ca8c0ca7f,02341,Dublin city and suburbs,Dublin
4c07d11e-3c1d-851d-e053-ca3ca8c0ca7f,02341,Dublin city and suburbs,Dublin
4c07d11e-3c1e-851d-e053-ca3ca8c0ca7f,02341,Dublin city and suburbs,Dublin
4c07d11e-3c1f-851d-e053-ca3ca8c0ca7f,02341,Dublin city and suburbs,Dublin
4c07d11e-3c20-851d-e053-ca3ca8c0ca7f,02341,Dublin city and suburbs,Dublin
4c07d11e-3c21-851d-e053-ca3ca8c0ca7f,02341,Dublin city and suburbs,Dublin
4c07d11e-3c22-851d-e053-ca3ca8c0ca7f,02341,Dublin city and suburbs,Dublin
4c07d11e-3c23-851d-e053-ca3ca8c0ca7f,02341,Dublin city and suburbs,Dublin
4c07d11e-3c24-851d-e053-ca3ca8c0ca7f,02341,Dublin city and suburbs,Dublin
4c07d11e-3c25-851d-e053-ca3ca8c0ca7f,02341,Dublin city and suburbs,Dublin
4c07d11e-3c26-851d-e053-ca3ca8c0ca7f,02341,Dublin city and suburbs,Dublin
4c07d11e-3c27-851d-e053-ca3ca8c0ca7f,02341,Dublin city and suburbs,Dublin
4c07d11e-3c28-851d-e053-ca3ca8c0ca7f,02341,Dublin city and suburbs,Dublin
4c07d11e-3c29-851d-e053-ca3ca8c0ca7f,02341,Dublin city and suburbs,Dublin
4c07d11e-3c2a-851d-e053-ca3ca8c0ca7f,02341,Dublin city and suburbs,Dublin
4c07d11e-3c2b-851d-e053-ca3ca8c0ca7f,02341,Dublin city and suburbs,Dublin
4c07d11e-3c2c-851d-e053-ca3ca8c0ca7f,02341,Dublin city and suburbs,Dublin
4c07d11e-3c2d-851d-e053-ca3ca8c0ca7f,02341,Dublin city and suburbs,Dublin
4c07d11e-3c2e-851d-e053-ca3ca8c0ca7f,02341,Dublin city and suburbs,Dublin
4c07d11e-3c2f-851d-e053-ca3ca8c0ca7f,02341,Dublin city and suburbs,Dublin
4c07d11e-3c30-851d-e053-ca3ca8c0ca7f,02341,Dublin city and suburbs,Dublin
4c07d11e-3c31-851d-e053-ca3ca8c0ca7f,02341,Dublin city and suburbs,Dublin
4c07d11e-3c32-851d-e053-ca3ca8c0ca7f,02341,Dublin city and suburbs,Dublin
4c07d11e-3c33-851d-e053-ca3ca8c0ca7f,02341,Dublin city and suburbs,Dublin
4c07d11e-3c34-851d-e053-ca3ca8c0ca7f,02341,Dublin city and suburbs,Dublin
4c07d11e-3c35-851d-e053-ca3ca8c0ca7f,02341,Dublin city and suburbs,Dublin
4c07d11e-3c36-851d-e053-ca3ca8c0ca7f,02341,Dublin city and suburbs,Dublin
4c07d11e-3c37-851d-e053-ca3ca8c0ca7f,02341,Dublin city and suburbs,Dublin
4c07d11e-3c38-851d-e053-ca3ca8c0ca7f,02341,Dublin city and suburbs,Dublin
4c07d11e-3c39-851d-e053-ca3ca8c0ca7f,02341,Dublin city and suburbs,Dublin
4c07d11e-3c3a-851d-e053-ca3ca8c0ca7f,02341,Dublin city and suburbs,Dublin
4c07d11e-3c3b-851d-e053-ca3ca8c0ca7f,02341,Dublin city and suburbs,Dublin
4c07d11e-3c3c-851d-e053-ca3ca8c0ca7f,02341,Dublin city and suburbs,Dublin
4c07d11e-3c3d-851d-e053-ca3ca8c0ca7f,02341,Dublin city and suburbs,Dublin
4c07d11e-3c3e-851d-e053-ca3ca8c0ca7f,02341,Dublin city and suburbs,Dublin
4c07d11e-3c3f-851d-e053-ca3ca8c0ca7f,02341,Dublin city and suburbs,Dublin
4c07d11e-3c40-851d-e053-ca3ca8c0ca7f,02341,Dublin city and suburbs,Dublin
4c07d11e-3c41-851d-e053-ca3ca8c0ca7f,02341,Dublin city and suburbs,Dublin
4c07d11e-3c42-851d-e053-ca3ca8c0ca7f,02341,Dublin city and suburbs,Dublin
4c07d11e-3c43-851d-e053-ca3ca8c0ca7f,02341,Dublin city and suburbs,Dublin
4c07d11e-3c44-851d-e053-ca3ca8c0ca7f,02341,Dublin city and suburbs,Dublin
4c07d11e-3c45-851d-e053-ca3ca8c0ca7f,02341,Dublin city and suburbs,Dublin
4c07d11e-3c46-851d-e053-ca3ca8c0ca7f,02341,Dublin city and suburbs,Dublin
4c07d11e-3c47-851d-e053-ca3ca8c0ca7f,02341,Dublin city and suburbs,Dublin
4c07d11e-3c48-851d-e053-ca3ca8c0ca7f,02341,Dublin city and suburbs,Dublin
4c07d11e-3c49-851d-e053-ca3ca8c0ca7f,02341,Dublin city and suburbs,Dublin
4c07d11e-3c4a-851d-e053-ca3ca8c0ca7f,02341,Dublin city and suburbs,Dublin
4c07d11e-3c4b-851d-e053-ca3ca8c0ca7f,02341,Dublin city and suburbs,Dublin
4c07d11e-3c4c-851d-e053-ca3ca8c0ca7f,02341,Dublin city and suburbs,Dublin
4c07d11e-3c4d-851d-e053-ca3ca8c0ca7f,02341,Dublin city and suburbs,Dublin
4c07d11e-3c4e-851d-e053-ca3ca8c0ca7f,02341,Dublin city and suburbs,Dublin
4c07d11e-3c4f-851d-e053-ca3ca8c0ca7f,02341,Dublin city and suburbs,Dublin
4c07d11e-3c50-851d-e053-ca3ca8c0ca7f,02341,Dublin city and suburbs,Dublin
4c07d11e-3c51-851d-e053-ca3ca8c0ca7f,02341,Dublin city and suburbs,Dublin
4c07d11e-3c52-851d-e053-ca3ca8c0ca7f,02341,Dublin city and suburbs,Dublin
4c07d11e-3c53-851d-e053-ca3ca8c0ca7f,02341,Dublin city and suburbs,Dublin
4c07d11e-3c54-851d-e053-ca3ca8c0ca7f,02341,Dublin city and suburbs,Dublin
4c07d11e-3c55-851d-e053-ca3ca8c0ca7f,02341,Dublin city and suburbs,Dublin
4c07d11e-3c56-851d-e053-ca3ca8c0ca7f,02341,Dublin city and suburbs,Dublin
4c07d11e-3c57-851d-e053-ca3ca8c0ca7f,02341,Dublin city and suburbs,Dublin
4c07d11e-3c58-851d-e053-ca3ca8c0ca7f,02341,Dublin city and suburbs,Dublin
4c07d11e-3c59-851d-e053-ca3ca8c0ca7f,02341,Dublin city and suburbs,Dublin
4c07d11e-3c5a-851d-e053-ca3ca8c0ca7f,02341,Dublin city and suburbs,Dublin
4c07d11e-3c5b-851d-e053-ca3ca8c0ca7f,02341,Dublin city and suburbs,Dublin
4c07d11e-3c5c-851d-e053-ca3ca8c0ca7f,02341,Dublin city and suburbs,Dublin
4c07d11e-3c5d-851d-e053-ca3ca8c0ca7f,02341,Dublin city and suburbs,Dublin
4c07d11e-3c5e-851d-e053-ca3ca8c0ca7f,02341,Dublin city and suburbs,Dublin
4c07d11e-3c5f-851d-e053-ca3ca8c0ca7f,02341,Dublin city and suburbs,Dublin
4c07d11e-3c60-851d-e053-ca3ca8c0ca7f,02341,Dublin city and suburbs,Dublin
4c07d11e-3c61-851d-e053-ca3ca8c0ca7f,02341,Dublin city and suburbs,Dublin
4c07d11e-3c62-851d-e053-ca3ca8c0ca7f,02341,Dublin city and suburbs,Dublin
4c07d11e-3c63-851d-e053-ca3ca8c0ca7f,02341,Dublin city and suburbs,Dublin
4c07d11e-3c64-851d-e053-ca3ca8c0ca7f,02341,Dublin city and suburbs,Dublin
4c07d11e-3c65-851d-e053-ca3ca8c0ca7f,02341,Dublin city and suburbs,Dublin
4c07d11e-3c66-851d-e053-ca3ca8c0ca7f,02341,Dublin city and suburbs,Dublin
4c07d11e-3c67-851d-e053-ca3ca8c0ca7f,02341,Dublin city and suburbs,Dublin
4c07d11e-3c68-851d-e053-ca3ca8c0ca7f,02341,Dublin city and suburbs,Dublin
4c07d11e-3c69-851d-e053-ca3ca8c0ca7f,02341,Dublin city and suburbs,Dublin
4c07d11e-3c6a-851d-e053-ca3ca8c0ca7f,02341,Dublin city and suburbs,Dublin
4c07d11e-3c6b-851d-e053-ca3ca8c0ca7f,02341,Dublin city and suburbs,Dublin
4c07d11e-3c6c-851d-e053-ca3ca8c0ca7f,02341,Dublin city and suburbs,Dublin
4c07d11e-3c6d-851d-e053-ca3ca8c0ca7f,02341,Dublin city and suburbs,Dublin
4c07d11e-3c6e-851d-e053-ca3ca8c0ca7f,02341,Dublin city and suburbs,Dublin
4c07d11e-3c6f-851d-e053-ca3ca8c0ca7f,02341,Dublin city and suburbs,Dublin
4c07d11e-3c70-851d-e053-ca3ca8c0ca7f,02341,Dublin city and suburbs,Dublin
4c07d11e-3c71-851d-e053-ca3ca8c0ca7f,02341,Dublin city and suburbs,Dublin
4c07d11e-3c72-851d-e053-ca3ca8c0ca7f,02341,Dublin city and suburbs,Dublin
4c07d11e-3c73-851d-e053-ca3ca8c0ca7f,02341,Dublin city and suburbs,Dublin
4c07d11e-3c75-851d-e053-ca3ca8c0ca7f,02341,Dublin city and suburbs,Dublin
4c07d11e-3c76-851d-e053-ca3ca8c0ca7f,02341,Dublin city and suburbs,Dublin
4c07d11e-3c77-851d-e053-ca3ca8c0ca7f,02341,Dublin city and suburbs,Dublin
4c07d11e-3c78-851d-e053-ca3ca8c0ca7f,02341,Dublin city and suburbs,Dublin
4c07d11e-3c79-851d-e053-ca3ca8c0ca7f,02341,Dublin city and suburbs,Dublin
4c07d11e-3c7a-851d-e053-ca3ca8c0ca7f,02341,Dublin city and suburbs,Dublin
4c07d11e-3c7b-851d-e053-ca3ca8c0ca7f,02341,Dublin city and suburbs,Dublin
4c07d11e-3c7c-851d-e053-ca3ca8c0ca7f,02341,Dublin city and suburbs,Dublin
4c07d11e-3c7d-851d-e053-ca3ca8c0ca7f,02341,Dublin city and suburbs,Dublin
4c07d11e-3c7e-851d-e053-ca3ca8c0ca7f,02341,Dublin city and suburbs,Dublin
4c07d11e-3c7f-851d-e053-ca3ca8c0ca7f,02341,Dublin city and suburbs,Dublin
4c07d11e-3c80-851d-e053-ca3ca8c0ca7f,02341,Dublin city and suburbs,Dublin
4c07d11e-3c81-851d-e053-ca3ca8c0ca7f,02341,Dublin city and suburbs,Dublin
4c07d11e-3c82-851d-e053-ca3ca8c0ca7f,02341,Dublin city and suburbs,Dublin
4c07d11e-3c83-851d-e053-ca3ca8c0ca7f,02341,Dublin city and suburbs,Dublin
4c07d11e-3c84-851d-e053-ca3ca8c0ca7f,02341,Dublin city and suburbs,Dublin
4c07d11e-3c85-851d-e053-ca3ca8c0ca7f,02341,Dublin city and suburbs,Dublin
4c07d11e-3c86-851d-e053-ca3ca8c0ca7f,02341,Dublin city and suburbs,Dublin
4c0c4f74-a520-1e8d-e053-ca3ca8c007e6,17364,Cork city and suburbs,Cork
4c56aeb8-a302-46be-e053-ca3ca8c073b1,04346,Portmarnock,Dublin
4d2e0aad-1b98-4242-aea9-e1c3de01c5ec,06442,Naas,Kildare
4d91dd75-58cd-4ca9-b5a2-f25d1550559f,02341,Dublin city and suburbs,Dublin
4e0e31a7-3e82-4373-a4b7-4e5dd6e08b50,29327,Castlebar,Mayo
4e51a393-4b9e-4155-864f-d36ed54689fa,33085,Manorcunningham,Donegal
4e593f80-7e31-4a90-a374-51c45e4360d2,06454,Newbridge,Kildare
4eb62766-28ef-44ff-8280-51c6f92ebe79,27277,Athenry,Galway
4ecb7958-bea9-460c-8935-357a26572098,30247,Roscommon,Roscommon
4f4e79ed-75f9-4836-afb5-4e0b3bc44f32,11416,Navan,Meath
4f6da136-5b32-45c0-ada4-5000e2ef9642,02341,Dublin city and suburbs,Dublin
4f9016df-c008-438a-934e-773f8e2cda87,15380,Kilmacanogue,Wicklow
4fe09b5c-7325-4eec-93b3-ff1ed00ecd4d,11404,Ashbourne,Meath
4fea1059-8632-4635-912a-fd9f13e04d16,27297,Na Forbacha,Galway
5074bd58-c2ba-45c7-b152-c5de799bc074,08167,Portlaoise,Laois
5084fc72-8334-45fa-b756-f21781e39af4,13199,Glassan,Westmeath
508f4ae4-c67c-481a-8d23-0d58741864c2,02341,Dublin city and suburbs,Dublin
50dabccc-578d-42b7-8860-fba6fa44600a,11401,Laytown-Bettystown-Mornington-Donacarney,Meath
5114c63d-767e-45ab-ae30-5cc370152c5f,02341,Dublin city and suburbs,Dublin
511c89fa-2232-4d80-b58f-f813bd940ffe,30253,Ballinameen,Roscommon
51424cdc-e2a6-45e1-8314-1d947bcbe52d,02341,Dublin city and suburbs,Dublin
514c8ae9-4c8d-4309-a77c-dd6e60788e63,10009,Drogheda,Louth
51565d4e-7ec5-44ae-be19-23a2dd3a950a,02341,Dublin city and suburbs,Dublin
51a9ad2d-b8a0-42ee-afd9-8e36e8a0c815,26305,Galway city and suburbs,Galway
51d573e0-21dd-42bf-bbf8-0b9cb31d5666,02341,Dublin city and suburbs,Dublin
5246872a-d0a2-4c6e-a551-d782c30426df,06444,Kilcock,Kildare
527d52d3-ce97-4617-81b8-036f85aef290,18726,Ladysbridge,Cork
528b9ced-4984-4fd9-9e8b-c7ce234f62ab,11423,Enfield,Meath
52e510e8-77c8-4c4f-acd6-609151ce6f47,04347,Donabate,Dublin
530ed60c-3fef-434b-a3d8-0c95eed682b2,14585,Gorey,Wexford
532cef2b-12cf-4ff2-80bb-2c107e2bff18,24643,Waterford city and suburbs,Waterford
5338f9d0-1c86-4e73-9ca8-e580a1e74540,14596,Wexford,Wexford
5405cfad-8732-45a7-bb5c-ceac969b79a7,17364,Cork city and suburbs,Cork
54078a64-ed30-4f1d-9101-75a191deed63,15380,Kilmacanogue,Wicklow
544ce249-a490-46f9-a331-ff77dac40f21,06442,Naas,Kildare
5494e4ff-14ab-4135-b3b0-55f2ac0ff220,02341,Dublin city and suburbs,Dublin
54c99c24-c2bd-4c11-b1c5-b63b04201674,27296,Maigh Cuilinn,Galway
54d2cd95-2a56-4f47-afa6-31344216d7d8,11402,Stamullen,Meath
55690e95-38f5-4311-99cd-6bca0358f8c0,01639,Carlow,Carlow
55bfeead-8cc7-43c7-a36f-316b149a8868,15370,Greystones-Delgany,Wicklow
56845a28-1ba1-409e-9614-cab102f3f6b9,18765,Kinsale,Cork
568c7b1f-9586-4d94-b371-45101a5cd92b,17364,Cork city and suburbs,Cork
5713bb9d-cff6-470d-be30-35cafd63b4bd,08170,Mountmellick,Laois
576eea3f-e6b7-43b2-b78c-effc43389d67,11411,Dunshaughlin,Meath
57aaa2e2-1ceb-4ed8-8951-a62b465abbf0,06438,Maynooth,Kildare
580a7c42-3f37-40e9-82de-abfb0c4a0c0e,02341,Dublin city and suburbs,Dublin
580de6a2-5a38-4b6d-8fb6-1bf2e1caeb73,15373,Newtownmountkennedy,Wicklow
58101f47-a640-4356-ae00-bd64d4867b70,01642,Ballinabrannagh,Carlow
58fe624f-9e9b-439c-a040-f430bbaa758a,04345,Skerries,Dublin
59cd2912-75d4-4052-aaeb-419bc246adff,25687,Clashmore,Waterford
5a200d9d-ae35-454e-82b0-6751573c360b,02341,Dublin city and suburbs,Dublin
5a82531a-f8cd-4634-b308-4fd034a15350,02341,Dublin city and suburbs,Dublin
5b58ea5c-10bf-4fe4-9d57-9280f04222d7,06476,Monasterevin,Kildare
5c3a36c8-293f-48c1-a8c4-dba25ef02fa6,03362,Rathcoole,Dublin
5cb91c6b-8028-438b-bda6-bed759fd81f8,18746,Cobh,Cork
5ccb00c4-0356-4f17-81fb-4ebd05e3ad99,02341,Dublin city and suburbs,Dublin
5d365842-e794-40aa-9a2d-b7397625819b,04347,Donabate,Dublin
5d585b09-94c6-4574-8dba-960501854e91,08159,Ballylinan,Laois
5d667525-a5f1-4e4a-9a91-6a9a2c5f3346,10013,Dundalk,Louth
5d6bdacd-50ba-4d32-b260-7ab54fdba845,19840,Killarney,Kerry
5d9f57b4-9f7c-4836-8f95-919cf3c20b89,02341,Dublin city and suburbs,Dublin
5e761327-89b5-4702-b771-2d2ee7638099,11401,Laytown-Bettystown-Mornington-Donacarney,Meath
5fa76250-f5be-4e39-90de-9dc9e95d3467,02341,Dublin city and suburbs,Dublin
60957e19-d9f0-4267-9e22-7f5ba34036f2,22482,Templemore,Tipperary
609e1bbb-a297-4708-bcea-dc6a8b0842f0,02341,Dublin city and suburbs,Dublin
60bb87c4-3249-4de8-a26a-324e9285f6a6,18746,Cobh,Cork
60d8fd67-9b3c-469d-aaa9-1c4648588494,20497,Limerick city and suburbs,Limerick
61585f4c-c1d0-43f5-a109-ee5d228e4aca,33066,Carndonagh,Donegal
61ba7b03-928b-40a3-b38a-3d5c4b0ff369,04355,Ballyboghil,Dublin
6204cf30-9b8e-4feb-96e5-8b756d5b06a2,02341,Dublin city and suburbs,Dublin
626bc611-9d42-4094-8eed-c560de1508ab,06438,Maynooth,Kildare
628c1f21-1625-4f51-bc33-bd4790aec7af,14583,Kilmuckridge,Wexford
62fa4dd4-0f17-4374-95ad-432d1849aaae,02341,Dublin city and suburbs,Dublin
632439b4-f58d-487c-b07c-2ff876c4d61c,02341,Dublin city and suburbs,Dublin
637c9a7e-19f7-46e5-aebd-6956e76a11d2,06440,Straffan,Kildare
63d90473-2c32-45c5-ac00-b95fb542d2ca,02341,Dublin city and suburbs,Dublin
645d3e9e-f834-466f-bb06-44b67d7eab9e,06444,Kilcock,Kildare
64af0acc-f734-404b-8ce1-9df3709bcf47,15394,Shillelagh,Wicklow
64b7772a-b121-48a4-94d8-72910c0f7e32,02341,Dublin city and suburbs,Dublin
64e37d1b-6d1c-4c31-a6f6-6c6e5c74cd56,20497,Limerick city and suburbs,Limerick
6512a60f-b036-4798-b1b9-0aa5dac012ac,13188,Mullingar,Westmeath
6531d43f-dc73-45be-90c2-03b1fe85207b,18771,Mallow,Cork
6578ad1f-e267-4ad9-9de8-634ada6e7022,18791,Coachford,Cork
65a88fcf-d1af-4ddc-8566-4ae95f3cae49,07646,Paulstown,Kilkenny
6622168a-1e00-49cf-bdae-ea48373f05ff,18741,Carrigtwohill,Cork
6649bf02-9449-4f08-a10a-7d06c0ea3d46,02341,Dublin city and suburbs,Dublin
6670a658-a264-4c86-ab6a-1c60b1b9c397,02341,Dublin city and suburbs,Dublin
6690b782-2df0-44d6-80ce-2ec292cd9138,06457,Coill Dubh (Blackwood),Kildare
66d18d99-d165-43b0-8d14-ba184fdb3e6c,02341,Dublin city and suburbs,Dublin
66dfca37-f277-4780-88e3-536f9fb66667,10009,Drogheda,Louth
67bd7b51-aabf-4849-940f-0720cc04f190,21514,Kilmallock,Limerick
67d8d1fe-cc76-4bc4-b84b-3e88951397ca,11404,Ashbourne,Meath
68b68efa-d9cb-4ab6-bf7e-ed21ac823d42,02341,Dublin city and suburbs,Dublin
68d39a4d-c93d-4916-9196-656ec3535ad3,18746,Cobh,Cork
69a8f628-009b-424c-a22e-c9464e0a93cf,12222,Crinkill,Offaly
69d2cf8d-60f9-40b3-a8d5-e1853d46ff08,14609,Bree,Wexford
69f62963-068d-4583-97c8-d2d94bd9547a,02341,Dublin city and suburbs,Dublin
6a0d4308-2ca5-4037-b7b9-9ed0c468de6d,06438,Maynooth,Kildare
6a886444-b411-4124-a433-fae7c959f5ea,06454,Newbridge,Kildare
6b010fcc-7fcb-4dce-9e04-72592cc624ca,11404,Ashbourne,Meath
6ba8006e-679f-44b8-9651-61d4508f6d45,02341,Dublin city and suburbs,Dublin
6bbd8834-8538-4fa4-9e2d-7c7bd7794003,15375,Ashford,Wicklow
6c6502c8-1440-4775-bfcb-6280573fa9a6,06444,Kilcock,Kildare
6ca72c0b-2ae0-4408-bbcb-3dff6732ce1c,24643,Waterford city and suburbs,Waterford
6d0dd4d4-46bb-4a41-9161-481df3566eba,02341,Dublin city and suburbs,Dublin
6db70339-bdc5-48de-b1e4-fc08655b8d67,04346,Portmarnock,Dublin
6e259d33-2b14-4f13-9328-84b6dd4bf04e,10013,Dundalk,Louth
6e608d51-9919-4fa1-90fd-466012471ee5,11416,Navan,Meath
6e88ed93-ffb1-473f-9a2c-f5afa87cbf43,11416,Navan,Meath
6ea39f2c-c076-4b8a-afd0-b9f2669b47ee,06451,Prosperous,Kildare
6ef7b1b7-2050-4032-941f-75c091d946c1,02341,Dublin city and suburbs,Dublin
6f05bea5-7fa5-457a-a256-28464fdae011,02341,Dublin city and suburbs,Dublin
6f5a782b-ccf1-4d50-9a1d-b825a4a7ee58,10009,Drogheda,Louth
6f5df390-162e-4928-8351-772f015502e1,16547,Ardnacrusha,Clare
6f75680d-b807-4606-a028-9a70e652e052,02341,Dublin city and suburbs,Dublin
6fb48cb3-59ae-4a9e-909d-12f7fcd69e6c,06436,Celbridge,Kildare
70573e49-1360-4ee8-9d27-20220e1465be,15370,Greystones-Delgany,Wicklow
7064d668-5238-4d71-ad5f-bb02a2c19c18,11416,Navan,Meath
70a53207-2e3a-4527-99f8-31ffcf1e2b8c,02341,Dublin city and suburbs,Dublin
70d22844-c64d-484e-bef3-aae2af403c67,02341,Dublin city and suburbs,Dublin
70dcfa35-eab0-4da3-af6b-83d762502a8e,14585,Gorey,Wexford
70de7850-c658-4f36-bca4-4e89b69066ab,06472,Athy,Kildare
70e46d4b-475b-4eee-a67c-64b277a3cbf6,06473,Rathangan,Kildare
71a65528-2950-4dde-8b3f-0ba526da401e,06442,Naas,Kildare
7228fcd2-bedb-4e63-8992-afba8f998c18,18726,Ladysbridge,Cork
727d5a43-056b-4cb4-89f4-a2c064ef9902,04346,Portmarnock,Dublin
72c23249-0667-477e-a6d9-5cea34a11c1a,14596,Wexford,Wexford
72c62cf0-c814-4be1-ac0d-d6c5a2804bcd,04345,Skerries,Dublin
72f3e15f-9a23-4a50-a7a5-268113a78f3a,02341,Dublin city and suburbs,Dublin
72ff11b3-9776-4ac6-9b7e-25145536c4ea,17364,Cork city and suburbs,Cork
7355a10c-2944-44be-aae2-adeadbe040b7,02341,Dublin city and suburbs,Dublin
74707167-17a5-4534-8420-ae8271e35fc3,17364,Cork city and suburbs,Cork
74735a7d-4e5b-4927-9336-6aa4d34f75ce,04346,Portmarnock,Dublin
753c11d5-b65c-4ce8-8ce9-0b24ebf1c854,10009,Drogheda,Louth
7583ccfe-cf6f-4050-a841-fa9a77e9025c,27288,Annaghdown,Galway
760d5823-5ad9-4837-8d38-e0ddeee3253d,03360,Saggart,Dublin
7632a996-477e-482e-a6b0-1df3cc36a8c6,17364,Cork city and suburbs,Cork
763f80d2-55cb-439c-89c8-b988680f0c8b,20497,Limerick city and suburbs,Limerick
76511c2c-7f60-41b2-93c5-06b031e8e227,02341,Dublin city and suburbs,Dublin
77ba1709-45a3-4239-8e5d-2859cded06e6,11405,Duleek,Meath
787da048-6eec-48e6-ae33-fa2bbc84c7ee,10013,Dundalk,Louth
79130413-661f-4cc5-a9c1-69d0fa62ac75,26305,Galway city and suburbs,Galway
79375f66-9b70-452c-b429-3b02414394bc,03362,Rathcoole,Dublin
79a9fc2b-99d1-432b-b9dd-8ed699a3f44a,02341,Dublin city and suburbs,Dublin
79ab44c7-69f4-4d0f-a521-522f8b7981fa,02341,Dublin city and suburbs,Dublin
79ba34b7-369f-4a2b-8fe8-94f0a6351505,06433,Leixlip,Kildare
7a037e22-55c2-4ee4-aaec-52048415d3ea,02341,Dublin city and suburbs,Dublin
7a43a4a0-2669-4f0f-985d-75ef85acfd76,08159,Ballylinan,Laois
7a5458b6-4f27-400f-b639-2114ab4a18e2,10009,Drogheda,Louth
7a83cc6a-27aa-42bd-9d5f-6b6ee57d0094,04345,Skerries,Dublin
7aebf5aa-a9e2-45f8-8ab9-cf40f1999f3a,22488,Nenagh,Tipperary
7af872cf-adc0-4a42-b30e-c9a4db70e5f5,02341,Dublin city and suburbs,Dublin
7b196e64-e11e-428c-9328-b05ddffaa5ea,02341,Dublin city and suburbs,Dublin
7b56e322-cc4c-4b3a-a005-78d4774dc17c,17364,Cork city and suburbs,Cork
7bc9bcbc-9930-4a79-8551-04ffb1293d28,18753,Carrigaline,Cork
7cc5aeb3-e9cf-432d-a556-f01af5cf95bf,15370,Greystones-Delgany,Wicklow
7cf8fef2-8661-4078-88ba-29202d296da5,02341,Dublin city and suburbs,Dublin
7d519012-a766-47bf-9595-929ce7311c5e,03362,Rathcoole,Dublin
7dad0041-101a-4158-940c-1bb78c3e6d74,24643,Waterford city and suburbs,Waterford
7e2451a2-86b9-4ae5-b475-e17ad69e3508,02341,Dublin city and suburbs,Dublin
7ee63987-85e3-4a49-a41b-ab5d8f2871ad,04354,Swords,Dublin
7f1b6290-a26f-4a90-8fd7-67d77ff50294,02341,Dublin city and suburbs,Dublin
7f43807f-bc2a-48a9-964b-2be388c93def,18744,Crosshaven,Cork
7fd5a4a7-a418-40de-934f-4d3cce3e1d58,18765,Kinsale,Cork
7ff0d862-4e5e-4e77-8f30-842b9730fa4c,10017,Collon,Louth
80354b4f-93d1-4669-8e2e-fa4da6a83edf,06454,Newbridge,Kildare
803d383c-6ed3-4eab-911b-52bde9d2eb8a,15370,Greystones-Delgany,Wicklow
8055b7d9-eae0-49a7-9c4d-8ce89cbbfc6a,14618,Newbawn,Wexford
808ef66e-29ce-4ccd-8055-3165f4537db0,27289,Oranmore,Galway
8143ef09-d5e9-4d91-bc81-f1bd2d877eff,06438,Maynooth,Kildare
81ea756c-fee3-4705-b3d4-c4586629df33,04349,Lusk,Dublin
822ddeb3-e314-4f23-9047-a040f931a49d,02341,Dublin city and suburbs,Dublin
825dbfa7-b229-4336-8e37-c2105bb08f27,02341,Dublin city and suburbs,Dublin
82cea29e-93c3-479b-8e5a-211f924845ca,02341,Dublin city and suburbs,Dublin
82d4ea8b-c07d-44e7-99ad-722c7000562e,10009,Drogheda,Louth
82e98eac-3354-4e28-9a6e-6421a3584d7b,02341,Dublin city and suburbs,Dublin
83828364-37f4-4e61-98dc-7ea8f2864d13,20497,Limerick city and suburbs,Limerick
83d0dd25-b5b0-4cbc-90c6-bcb1385255b7,02341,Dublin city and suburbs,Dublin
83ec41c5-8c00-413f-986f-80f538f59a6f,06469,Ballyroe,Kildare
84430efa-b1a2-4adc-9458-6ecec645a3ec,10009,Drogheda,Louth
8443f86e-f184-47bf-a387-a79c7c297be7,21511,Annacotty,Limerick
85210c9e-e990-4941-9f11-81ee76dd00f7,02341,Dublin city and suburbs,Dublin
85225b33-7ae7-478f-af81-b8486558f771,02341,Dublin city and suburbs,Dublin
853888d8-1c1d-4610-be31-fc158b1399e6,02341,Dublin city and suburbs,Dublin
855876fd-f775-4636-9d61-74049e5628db,07668,Freshford,Kilkenny
85a585a8-7b2d-4929-a283-d48e08cab739,02341,Dublin city and suburbs,Dublin
864ddd27-9d40-4d66-9137-e5f3fc9300b3,19860,Glenbeigh,Kerry
86a8416c-1f95-4f63-a1be-b4d50851c6ec,02341,Dublin city and suburbs,Dublin
872bdbfb-9131-4725-9caa-a5c2c4dd9f70,02341,Dublin city and suburbs,Dublin
8731a4ac-d9a4-4b56-82c9-c2338d55af26,06442,Naas,Kildare
87c2f959-b99b-469b-a96a-76a160e73b9e,17364,Cork city and suburbs,Cork
87df1d0f-234c-4404-8f34-850f140ab091,11421,Rathmolyon,Meath
87e23b54-cbc5-44eb-a916-f7202c46eece,06473,Rathangan,Kildare
87eb9bd6-38b6-4778-90fc-ab2b0bce50fc,18799,Freemount,Cork
8823f9f2-15ac-4719-a335-194a4013e819,23694,Mullinahone,Tipperary
8891f2ae-23ed-46e5-ba24-10aef6d4f75b,04346,Portmarnock,Dublin
88e7e660-ca98-47c0-802e-2c9b6bdaad6d,02341,Dublin city and suburbs,Dublin
8a3eea8f-8014-4ac3-b676-2bb4e4e469c1,06442,Naas,Kildare
8adda29a-ef79-462f-89ff-d6da1a1a47aa,10009,Drogheda,Louth
8b7ed20f-19b1-4b21-aa67-e270140d0500,02341,Dublin city and suburbs,Dublin
8b999393-e326-49d5-b180-281b7049b29d,15380,Kilmacanogue,Wicklow
8ba73e13-8c0a-43c0-b583-61560702a068,04348,Malahide,Dublin
8bdae608-8e23-42c0-b4f8-360aadd68357,02341,Dublin city and suburbs,Dublin
8c50003b-59bf-46fa-b460-642004ce3a0c,24643,Waterford city and suburbs,Waterford
8ec2a360-08c2-4957-8ab2-c35d693a6893,07668,Freshford,Kilkenny
8edbe9a9-23ab-42e0-ac4f-29a649f41b46,02341,Dublin city and suburbs,Dublin
8f148f01-a317-43a5-969a-96999e7188ae,19855,Killorglin,Kerry
8f515f4f-4edd-4fe9-9e46-45f11f871cfb,02341,Dublin city and suburbs,Dublin
8f556222-54ef-4456-974c-a93186a31cd6,02341,Dublin city and suburbs,Dublin
8fab28d6-27ca-481d-a4ea-e9961447502a,15370,Greystones-Delgany,Wicklow
908a063e-a465-4b17-9137-ad9cb465d3c4,02341,Dublin city and suburbs,Dublin
90bf49fa-6445-409e-a5cf-897912e34d46,02341,Dublin city and suburbs,Dublin
90c934ce-3558-4d18-b51c-1b0217f6348f,14600,Ferns,Wexford
917d3067-8c2d-4231-ae84-a2c62d5e9c5c,21504,Kilteely,Limerick
91cf60de-3a1d-4fd4-8a7b-6a4b9fc49495,06436,Celbridge,Kildare
91f88cc7-c326-43bb-aca6-4df7cb2b6b2b,18771,Mallow,Cork
91fe9663-bf95-42b8-a693-d516bec82e2b,14581,Courtown,Wexford
925eb969-9b3a-4438-82cc-9619db0f7c1c,02341,Dublin city and suburbs,Dublin
9270c6ca-2380-452f-aafa-194f3e03ac14,19842,Fieries,Kerry
92b1d0dd-0c4e-4a2f-bff0-ab6893f0f68e,06438,Maynooth,Kildare
92ea90d1-5116-4ed0-aa8f-5418b1c9e692,18746,Cobh,Cork
92f50f90-0ac4-45b3-81cd-adb7757ffc1e,13188,Mullingar,Westmeath
93198efe-0699-4e7a-aaa2-9eae91cac275,18741,Carrigtwohill,Cork
93524fd5-e37c-42ca-9439-779b541eca1d,20497,Limerick city and suburbs,Limerick
944524d0-e3aa-4ceb-ad21-872382eea381,01631,Ballon,Carlow
948ffef2-93ba-44ea-85d4-f0dc261722a6,19855,Killorglin,Kerry
94b3e364-dfde-4034-9afe-21bb8ab6f4ec,03363,Newcastle,Dublin
94b76a78-e0c9-4a64-bb26-99fb7ca5dbb4,06434,Ballyoulster,Kildare
95115f97-b6d6-48a1-b8fb-42483aab018e,02341,Dublin city and suburbs,Dublin
95170909-329b-4329-a57c-7041c9e5b6a4,02341,Dublin city and suburbs,Dublin
95b29f65-41a5-47c4-b5cd-335569eb6923,18804,Macroom,Cork
964d30f6-0465-434f-b8d3-03c970284b2b,02341,Dublin city and suburbs,Dublin
9654f707-ef08-451f-aadd-04257f00535d,33091,Letterkenny,Donegal
9699ada1-cc86-4c6e-8f49-3832f67e3d28,15375,Ashford,Wicklow
96a63bac-86cb-4427-9fff-786913b4f23f,06442,Naas,Kildare
96f6e0b6-3aa1-4cbf-8b7b-794fecd82c0f,15398,Dunlavin,Wicklow
983699bb-8473-4a36-9fcc-ec71d668ee96,04347,Donabate,Dublin
991f3c42-559f-42b0-950d-589df77967c4,02341,Dublin city and suburbs,Dublin
9969bf73-fabe-4baa-9f59-f0dc4dd4b8aa,02341,Dublin city and suburbs,Dublin
99c101d9-8ba5-480b-b7ff-49e25f96e69d,11404,Ashbourne,Meath
9a5ac4db-15d1-4993-8184-28e080a90af5,11416,Navan,Meath
9a5d72cb-34d3-4653-977e-0dc22ee54f89,02341,Dublin city and suburbs,Dublin
9a60aa6b-b64b-40d5-a7c1-3708bc4fb254,06454,Newbridge,Kildare
9a62377f-c235-42d2-87b7-c4efd8a7aa8c,11401,Laytown-Bettystown-Mornington-Donacarney,Meath
9bf1be92-e11e-4f17-b2c1-7f7ce436f52e,13188,Mullingar,Westmeath
9c0b4b22-530a-46c9-b210-76d762025c2b,06443,Sallins,Kildare
9c45cd24-194e-47f5-a43c-43a6129dc0df,06444,Kilcock,Kildare
9cb1e8db-953b-423b-9613-65d026bdeaa3,12221,Belmont,Offaly
9d55a4c5-a7b9-4975-adc3-e0f737bb3495,02341,Dublin city and suburbs,Dublin
9d7d2504-5b9b-486c-97f9-777d11101609,18753,Carrigaline,Cork
9d8cec72-b935-43b5-97e0-09662506166b,02341,Dublin city and suburbs,Dublin
9dccddb5-6581-4cfe-8012-89765b65e667,11416,Navan,Meath
9dd9607d-04d7-4682-9c71-75a4418d941d,02341,Dublin city and suburbs,Dublin
9dee1dc9-f53f-47c0-b755-9b99169691b5,02341,Dublin city and suburbs,Dublin
9e79ddae-1ec0-4086-bb43-df40c3d46e1b,17364,Cork city and suburbs,Cork
9eee3454-093e-4d73-8c55-554ca8d2b195,17364,Cork city and suburbs,Cork
9f47ad1b-25e0-44d3-a93e-b58f8423860a,02341,Dublin city and suburbs,Dublin
9f56702c-fcc4-4052-ae4e-327671d1fd41,11404,Ashbourne,Meath
9f5a614d-0362-49cb-933c-68fa4c0f9324,18746,Cobh,Cork
9fe26aac-8f78-4bc6-988c-1d14453b75c5,02341,Dublin city and suburbs,Dublin
a01dd416-df34-47b9-b199-b160c7479b72,02341,Dublin city and suburbs,Dublin
a0370e90-6018-4676-b556-b36a2d54d097,18753,Carrigaline,Cork
a075f2a3-ec1b-4534-8b0e-d9ece738a748,08167,Portlaoise,Laois
a16c0e82-5312-4486-b596-74d71d72e690,11411,Dunshaughlin,Meath
a1b09f22-29c5-4d65-b393-b2289bbd9b6c,06433,Leixlip,Kildare
a1dea494-6d5a-4893-959a-8cfc3ee986af,02341,Dublin city and suburbs,Dublin
a21b3baa-0828-4c0c-b659-b67450d6b9f0,18821,Skibbereen,Cork
a22d02e4-e328-4a1f-a5f4-850aa647a528,06443,Sallins,Kildare
a22d4842-ed0a-49b0-8e4b-c5b5c66601c8,02341,Dublin city and suburbs,Dublin
a29efaae-f4b9-4f3b-80d9-3064aaa5ef72,02341,Dublin city and suburbs,Dublin
a2a1f798-e574-4bfd-9368-7d262926524f,02341,Dublin city and suburbs,Dublin
a2c74731-45e3-4482-8416-53b0f5d8a2fc,19840,Killarney,Kerry
a41fa1eb-11a1-4690-ab27-67c6672ef85e,02341,Dublin city and suburbs,Dublin
a44eb2f5-5494-4e4b-af8f-bcc39013c465,06442,Naas,Kildare
a4a54a27-05fe-4920-94bf-593f1aac015a,15370,Greystones-Delgany,Wicklow
a4acec2a-3581-48eb-a314-2972d54096b3,02341,Dublin city and suburbs,Dublin
a4e64f70-4d9d-4f79-b1cd-af573f5cec7d,02341,Dublin city and suburbs,Dublin
a50f3c45-01cf-4644-a9d5-67cca8f9984e,02341,Dublin city and suburbs,Dublin
a63c8c3b-8386-448c-ad0f-7dacec5a1098,31146,Ballysadare,Sligo
a712cb5b-3b78-42fa-80e4-6e65aebe7639,24643,Waterford city and suburbs,Waterford
a8ef7d79-d3b6-4c07-bf77-1c7d9a60246f,02341,Dublin city and suburbs,Dublin
a93cb471-caac-47d0-b524-f6acfb82bb2f,02341,Dublin city and suburbs,Dublin
a9b94e81-f019-4b51-8efe-f554371f7d2d,17365,Blarney,Cork
a9c23640-6496-42a0-9d6e-ca2cdd2b2fed,01639,Carlow,Carlow
a9e36b73-31c2-46ce-953e-42c36ac952d1,02341,Dublin city and suburbs,Dublin
aa21a413-8543-4a22-8ada-b91fe6088b88,11408,Ratoath,Meath
aa451cb3-6a7a-46f7-b2fa-c0988a16a067,06444,Kilcock,Kildare
aa4accc2-a2c3-4e70-b020-227d030f1164,22482,Templemore,Tipperary
aa61eb26-890f-4ae8-b004-20a65cf32455,02341,Dublin city and suburbs,Dublin
aa6c036a-a5f6-4a00-98e1-425c5108ac9f,06442,Naas,Kildare
aa931e3a-049a-4960-98f7-7dc2dfadcf39,11404,Ashbourne,Meath
aa9f4f59-183e-4610-b635-46052e36be60,11401,Laytown-Bettystown-Mornington-Donacarney,Meath
aab3fa3a-59fb-4725-8773-596e5933210a,02341,Dublin city and suburbs,Dublin
aae695c8-5e7c-4130-aadc-4af148aa9e26,21513,Bruff,Limerick
aaeaa8fc-ea93-4117-b12d-e180e8a670a8,11418,Summerhill,Meath
ac056e86-b966-4fa4-9611-5cbd7f36b659,10009,Drogheda,Louth
ac366f9d-a8ed-4736-a511-e5f7c154ef59,18806,Newmarket,Cork
ac7f1574-a55a-45e4-abc8-c77ec47337d7,20497,Limerick city and suburbs,Limerick
acb56097-0095-44ff-9196-8702f09e2b92,02341,Dublin city and suburbs,Dublin
ad5ef572-461d-4e50-b310-b71354d45a76,04347,Donabate,Dublin
ade3d2a1-1c08-4013-ae61-048963f9e91c,02341,Dublin city and suburbs,Dublin
adff1d96-7055-44b4-8659-9984afe2445d,02341,Dublin city and suburbs,Dublin
ae1d057b-9263-4308-8ede-538ae15630b6,15370,Greystones-Delgany,Wicklow
ae20eb69-27e3-4532-8d59-3757d2b8d5c6,06468,Kildare,Kildare
ae639f53-86d8-4f3c-8ecf-53f482f6bbc5,06433,Leixlip,Kildare
ae97363e-c7c6-4658-9384-eb6ba72d7ce3,11416,Navan,Meath
ae9e2d9c-0a65-4602-a498-6cae5b7d69d9,15378,Arklow,Wicklow
aeef61ed-22da-4e5f-b5ea-cf0de6d755ed,04346,Portmarnock,Dublin
aef7d06c-afd0-4cf3-b477-13567048bf00,23697,Kilsheelan,Tipperary
af87a62f-6ae8-4c0e-87eb-0b47a177cb22,02341,Dublin city and suburbs,Dublin
af8963d6-e774-4392-9952-ee56162eec26,02341,Dublin city and suburbs,Dublin
af9eba21-73e9-4cc9-828f-6742d1731c8f,24643,Waterford city and suburbs,Waterford
affd7ff5-beb0-4d65-ae80-d1b73fc8cf1d,19849,Tralee,Kerry
b074b510-38c2-44ea-9cc7-4eafa41c16e4,06442,Naas,Kildare
b07b8494-7c1a-46d7-aa97-e6e57381e4b7,18753,Carrigaline,Cork
b088cf7c-37c0-4000-b0a6-57d1355ea474,02341,Dublin city and suburbs,Dublin
b0b756e1-c89e-4969-82b6-ef18aee5721f,02341,Dublin city and suburbs,Dublin
b1103fca-16d0-49fd-82e9-94df2320003d,22479,Littleton,Tipperary
b119c74a-f597-48d3-baed-32d552e903c7,21539,Athea,Limerick
b11a89ff-3a4c-4906-b602-336fa5700ed1,04348,Malahide,Dublin
b12b75a8-ed78-48f2-97d2-b52b14583b0c,01632,Myshall,Carlow
b16a7a7c-28f7-41ed-8409-fc0cffb19d7d,14596,Wexford,Wexford
b1a6ccb7-d5eb-43c0-ac24-ee9e86049a96,26305,Galway city and suburbs,Galway
b1ad65e8-326c-49d3-bed9-6d255761d038,02341,Dublin city and suburbs,Dublin
b2598f84-de51-4996-b9d6-12b8b729b06b,02341,Dublin city and suburbs,Dublin
b2abd888-7bc9-4048-90fe-fdd1e57700e5,02341,Dublin city and suburbs,Dublin
b2e94255-cf3f-49df-b01d-6e9dda0edeaf,19849,Tralee,Kerry
b311f416-8919-44d0-bff4-016a54825d67,11401,Laytown-Bettystown-Mornington-Donacarney,Meath
b33f0b85-0942-4142-a058-3d7c679b7f6b,02341,Dublin city and suburbs,Dublin
b39c2b03-bdec-458c-8f1e-7e071bd69786,06454,Newbridge,Kildare
b3a298a2-f001-4d12-9c0b-d8ca512a18e7,18804,Macroom,Cork
b3ed066b-7c44-4fc6-95a6-3195516c5294,15370,Greystones-Delgany,Wicklow
b46d5160-640b-43a0-8117-11f2401c92fc,02341,Dublin city and suburbs,Dublin
b4cdd643-ab4c-4082-908e-b4c279aedf1c,02341,Dublin city and suburbs,Dublin
b5c945c7-16b7-4008-adee-a0f3912dc614,04348,Malahide,Dublin
b80b0840-ab38-4eb1-adca-11e70483920a,10013,Dundalk,Louth
b818cb0d-ba1d-4277-b39f-71f65988191c,14585,Gorey,Wexford
b81c3203-095c-4e5b-a437-4a4727625072,17364,Cork city and suburbs,Cork
b825535d-7076-4b61-a6e9-f89d235599d0,17364,Cork city and suburbs,Cork
b8632a3e-f319-4689-9df3-53a3298ab4df,11401,Laytown-Bettystown-Mornington-Donacarney,Meath
b8a1dfc9-3247-4208-88d5-c4a85f5ee1ec,02341,Dublin city and suburbs,Dublin
b9203fd2-b7eb-426a-a971-eda8a78eaa7c,10013,Dundalk,Louth
b9339ed1-5324-4d90-81c5-4353ac1f4843,06433,Leixlip,Kildare
b9408104-88f1-41c6-9d4b-82438b236760,31143,Sligo,Sligo
b98eee64-417c-4280-aabe-4628cd0bbb2c,24643,Waterford city and suburbs,Waterford
b9b755cb-6482-471c-8fa2-dc06ca117d7f,19849,Tralee,Kerry
b9c1d28f-92bf-4082-b568-8d107a87e2b8,10013,Dundalk,Louth
b9c95bd0-c392-4fb7-b6f5-8930e915575c,02341,Dublin city and suburbs,Dublin
ba0ac654-6609-44b0-9ed2-d90270e3a709,04347,Donabate,Dublin
ba219125-b5da-480d-8660-23952a23206b,11404,Ashbourne,Meath
ba312265-3c9c-4dcd-9115-9e305c0e2660,14600,Ferns,Wexford
ba7a4ee5-94d9-401a-9a3c-aa11a37d1755,02341,Dublin city and suburbs,Dublin
bb05073c-aaf9-42b6-95f9-379b354a568c,06468,Kildare,Kildare
bb9dc232-175d-447a-ac69-df2d051aff13,23697,Kilsheelan,Tipperary
bbf17141-fcc2-4798-b069-51add46cf68f,02341,Dublin city and suburbs,Dublin
bbfbc18a-2e96-4610-9b95-3d13f8e3c613,06442,Naas,Kildare
bc71d139-604f-4045-9498-bcbc7055db4b,06438,Maynooth,Kildare
bca94af7-46d5-4ac4-9148-b732b6aa6f4f,02341,Dublin city and suburbs,Dublin
bce79f40-99a7-4c4a-b36a-b5ab26e7e636,02341,Dublin city and suburbs,Dublin
bd1525f1-fb64-43f0-be15-b48b544cbf9e,29314,Claremorris,Mayo
bd481539-964b-463a-b66c-4ea374dc2cf5,10006,Omeath,Louth
bd503316-e279-4fce-bf1b-721154bbae5d,08177,Rathdowney,Laois
bd9831fd-da95-43b3-9243-fcfeb38684af,02341,Dublin city and suburbs,Dublin
bd98ae15-6209-4e8f-8af0-849d809ca7b3,04354,Swords,Dublin
be2588ff-256a-408a-936c-ab1d7dd1cbd7,12205,Walsh Island or Coolagary,Offaly
be90c94a-5676-4f99-b1a2-d9277ad7cabd,02341,Dublin city and suburbs,Dublin
beddb2a7-ca2a-4665-b9ad-0b60bdd5f080,17364,Cork city and suburbs,Cork
bf14324c-9a71-40b3-9346-33e2aeecb96b,17364,Cork city and suburbs,Cork
bf374314-35f3-48c5-be37-bc5c788f5d6b,02341,Dublin city and suburbs,Dublin
bf5a0205-c6b3-41b9-91a8-cc556a2ee018,04347,Donabate,Dublin
bf60a0bf-4137-475b-aaab-11211b413228,04352,Balbriggan,Dublin
c01e0052-f2d8-49d6-8cb6-1525cabfc97d,02341,Dublin city and suburbs,Dublin
c0254a71-3689-42da-a359-f24d83ae9c87,18768,Dunderrow,Cork
c041f03b-dc01-4476-b201-47c0f4ca5944,02341,Dublin city and suburbs,Dublin
c06e5db2-ac3e-4caf-bef1-e94ad0b62e69,14596,Wexford,Wexford
c073bd40-befc-4a7f-920f-4664d1892eaa,02341,Dublin city and suburbs,Dublin
c135c652-4dd3-4bd2-a5c9-e76037f3df0d,02341,Dublin city and suburbs,Dublin
c151eca8-4ba2-4109-98b2-8eb8017576e3,02341,Dublin city and suburbs,Dublin
c1b2ecd8-45ac-4a1d-89b8-f776743d69a5,02341,Dublin city and suburbs,Dublin
c1dfb37c-79c1-4d4e-95b9-c47b19a4246f,04353,Kinsealy-Drinan,Dublin
c254dd53-fe38-4c82-8555-2351aa92265c,06444,Kilcock,Kildare
c2ff78e0-7909-4ac0-86a3-9593ebb183c5,06438,Maynooth,Kildare
c424ccbe-d447-47d4-bb93-5c9362eedd4f,10019,Ardee,Louth
c4f7d289-d3a1-4c20-a1dd-d063f023bfab,31146,Ballysadare,Sligo
c562d234-3d49-4a00-af77-eb7cb00bcdfb,29313,Kiltimagh,Mayo
c5634739-61a6-4355-9aeb-629afecfd51f,11401,Laytown-Bettystown-Mornington-Donacarney,Meath
c5b3d18d-1df4-424d-844e-c305f05ccbce,18781,Bweeng,Cork
c6a5a087-5f12-4e09-a21f-0aefae71cf2b,10013,Dundalk,Louth
c6d9b3a1-d7f7-4e9a-8e26-bf9c38b4acd8,11404,Ashbourne,Meath
c7336ac3-ed78-4060-8b8e-de064fe9ba55,14602,Oilgate,Wexford
c74b4773-e665-4c72-8b1d-9f08656cbc27,06438,Maynooth,Kildare
c7589ba5-bb89-4170-a4e5-e0934745ecc3,33107,Mountcharles,Donegal
c8a2c09d-fa19-432e-a6d0-ee895af4e752,17364,Cork city and suburbs,Cork
c8d03780-6786-4f53-b9c8-787a6e34ceed,05340,Glencullen,Dublin
c8df7a48-91b7-46d3-be89-8a90ee6707a0,06454,Newbridge,Kildare
c8facefe-b8ea-417f-ba94-a57099022c12,02341,Dublin city and suburbs,Dublin
c95e0bb3-b5e2-4859-a846-e1eb18f2b497,17364,Cork city and suburbs,Cork
cb03e222-c9f2-4ab1-8930-c804e1f1d431,02341,Dublin city and suburbs,Dublin
cbf94c85-4b15-4bfe-9ead-6af8445ca010,27289,Oranmore,Galway
cbfad0c0-c03a-42be-9ea3-9b5810eaab7f,12217,Kinnitty,Offaly
cc03a212-e0d9-4e22-ac13-4224d5883356,31146,Ballysadare,Sligo
cc29160e-9ace-419c-ab23-26f203951828,02341,Dublin city and suburbs,Dublin
cdda04da-e1e1-42d7-b9a6-ce62c28d7e92,08167,Portlaoise,Laois
cde9efba-c8a9-4415-aecf-0db1ec2311aa,02341,Dublin city and suburbs,Dublin
ce4466f8-7aec-4339-a43f-9b11177366bf,10004,Termonfeckin,Louth
cea7b3a8-31b7-4bc3-88d9-485cad1c4559,02341,Dublin city and suburbs,Dublin
cee495c1-cab9-468c-bd8a-0593e93796ab,06442,Naas,Kildare
cf3a6d21-2ad4-4b20-baad-3b76f603d5a6,16555,Sixmilebridge,Clare
cf4f4b3d-8903-44c6-ba0f-cabdbc193722,06442,Naas,Kildare
cfc8df27-142c-4e25-9e90-5751382b2dd9,02341,Dublin city and suburbs,Dublin
cfd4cb85-5f90-4c1d-82e6-31138b6ffeee,10013,Dundalk,Louth
d01e1f41-4313-43dc-97d8-af027858715c,23698,Drangan,Tipperary
d0921eb3-6d15-43b8-adc6-0c28221b6d1c,02341,Dublin city and suburbs,Dublin
d0963777-2420-472f-bb55-f0e88f5c6090,02341,Dublin city and suburbs,Dublin
d0aedf60-c2a3-40a5-a585-5e71f50aac1c,02341,Dublin city and suburbs,Dublin
d101c92b-0336-408b-be83-2ccc409ce658,02341,Dublin city and suburbs,Dublin
d11646cb-ba1e-4fe6-8b59-c1335eafa85d,04353,Kinsealy-Drinan,Dublin
d1b6500d-970b-434c-b6cc-26a6efc2430a,06447,Clane,Kildare
d1c9f22e-eb04-418d-ba96-1d75d5645fb1,02341,Dublin city and suburbs,Dublin
d1f17e50-963d-4cf6-b22e-9fb1d1041909,02341,Dublin city and suburbs,Dublin
d24adde9-c34a-456d-887b-de44c72a63f3,10009,Drogheda,Louth
d2529bf6-7deb-49c4-a6b7-fdba24f5b1f6,06444,Kilcock,Kildare
d2a5df3d-a839-45ed-8ce7-396e58e46aa4,18771,Mallow,Cork
d2fc90db-aca5-4bda-8b1d-7cd8c94d004c,17364,Cork city and suburbs,Cork
d30935ef-ef37-4cce-b8dc-8f0553ed59ac,03363,Newcastle,Dublin
d37bfab9-14ee-492e-98ff-45bf26189f15,33100,Laghy,Donegal
d39dcbc6-62a3-464b-ae31-9a1b0236bb0f,06468,Kildare,Kildare
d3fe63c0-00b9-4d2a-89dc-52fa5b44ad0b,06438,Maynooth,Kildare
d3ff9bc2-2c75-423b-80c5-2113197deefe,31146,Ballysadare,Sligo
d40ec12b-8b18-4b09-a300-85647ac3849d,10012,Dunleer,Louth
d463d126-011c-4808-99a9-bc54d8150bdd,14596,Wexford,Wexford
d493bdbc-3efb-4075-bdab-ca1222dc7c87,02341,Dublin city and suburbs,Dublin
d4ee32c0-77df-42fb-8061-06c45b2ec022,02341,Dublin city and suburbs,Dublin
d511e1e9-ebd5-41dd-83e0-51231494f1d8,02341,Dublin city and suburbs,Dublin
d5377354-d672-4710-aeff-57e7040554e0,15381,Enniskerry,Wicklow
d57cb1c2-c446-4973-bdab-4262f641d3e0,02341,Dublin city and suburbs,Dublin
d5839282-0b83-493b-bc31-0f7971309416,27297,Na Forbacha,Galway
d58d74f3-4e23-4475-892a-4d589647aef8,16563,Corofin,Clare
d5b1e666-87d2-4bb7-804a-e323cadd2d8f,06433,Leixlip,Kildare
d620db21-bdbb-45ba-9d04-49647129e2a8,23697,Kilsheelan,Tipperary
d626e158-3ba9-4283-8c96-9eb42201fdfd,14596,Wexford,Wexford
d645fe11-6c4b-4e20-963b-5de6794cecfe,14600,Ferns,Wexford
d70b4769-f82e-48b4-a3b3-5c191016d713,02341,Dublin city and suburbs,Dublin
d78d6f7f-80a4-4655-9594-aba66ce80302,04352,Balbriggan,Dublin
d83322f2-f5e7-4502-9b23-42889d802522,11405,Duleek,Meath
d8962660-dee5-4b9f-b893-f02a7baa440b,04352,Balbriggan,Dublin
d8993a52-f2a0-4eba-97e9-6fc367450001,11411,Dunshaughlin,Meath
d8c1a422-bbd0-41db-89d7-64c1a7f6854c,06436,Celbridge,Kildare
d8c263df-97eb-4e8b-bddd-9f85c63aabe3,02341,Dublin city and suburbs,Dublin
d8ebd863-d89d-4e21-ba1e-9513415faf1e,17364,Cork city and suburbs,Cork
d97aa72a-85d1-4307-b707-5e57a5407234,11401,Laytown-Bettystown-Mornington-Donacarney,Meath
daf42192-47d2-4ce5-b7d3-09b4f55a309d,02341,Dublin city and suburbs,Dublin
dc3b8662-9d66-464e-a1e9-277c30cf8543,17364,Cork city and suburbs,Cork
dc6f09d7-317b-41ba-b13a-45651bfecf40,12211,Tullamore,Offaly
dce4f2eb-881f-4a4b-8f79-ec024c7ce3dc,02341,Dublin city and suburbs,Dublin
dd2907e5-b5b0-4988-a653-51b53cca35cb,10012,Dunleer,Louth
dd2d918d-5431-4a67-9610-60c11787673e,16562,Ennis,Clare
def1fbe6-e62c-4501-b4a5-8076d5916394,02341,Dublin city and suburbs,Dublin
df068e85-2096-4cc1-8a12-51c357d05d31,18760,Carrignavar,Cork
df519d1a-f159-42d4-b15c-2e1397ed820c,02341,Dublin city and suburbs,Dublin
dfddabca-d67e-4fea-9786-62a89b645f45,04349,Lusk,Dublin
e098d1f0-4410-45c1-ab96-ec9c84079024,17364,Cork city and suburbs,Cork
e14d1e7b-0a30-4ffb-968d-2ac71273c944,18815,Baile Mhic Íre,Cork
e21cc017-a701-405a-a91d-fd51f89e2bcc,12212,Killurin,Offaly
e2e263d5-cd8d-4fec-acf7-b0eacf32419f,33091,Letterkenny,Donegal
e3b5b51c-a5da-4dba-b0b4-85b0eee2f47e,20497,Limerick city and suburbs,Limerick
e405cab9-bc67-43d7-ad1a-7a81cdcead29,02341,Dublin city and suburbs,Dublin
e43e5bf3-10fc-4bdb-a2d2-8a6b29e73f98,02341,Dublin city and suburbs,Dublin
e448f3db-3a2d-435b-982a-06a193f2f4aa,15371,Rathnew,Wicklow
e5188329-36f0-4168-b7fc-3720059b910b,17364,Cork city and suburbs,Cork
e5bc477b-a80d-4ff1-99b1-8dceaca5a893,22488,Nenagh,Tipperary
e5cac1c9-4080-40d9-9377-73edb8fb8b54,04354,Swords,Dublin
e5eb56fc-53b0-499b-8e96-4dcfa61a8667,20497,Limerick city and suburbs,Limerick
e6065795-f6f1-4c72-8ebd-eeef147b9f24,04354,Swords,Dublin
e67c1279-0a77-45ff-a81a-a62a3d6ccd5a,18771,Mallow,Cork
e6c5707a-1b28-4f35-93da-dfb0ccdbfd49,14596,Wexford,Wexford
e6ee4b96-1ca3-4d63-bcd8-a46022676fd8,02341,Dublin city and suburbs,Dublin
e6f6cade-e95a-4b7f-be5a-697dc0ec8472,06438,Maynooth,Kildare
e731db8c-d55a-473c-ae0f-3742f976fce0,16557,Bunratty,Clare
e736ad36-d01c-4595-bd0a-3ba46f0327af,02341,Dublin city and suburbs,Dublin
e76bae78-c408-42fa-ada5-c944f6a2690c,14608,Ballyhogue,Wexford
e79ef73a-967e-4a3a-be7f-59e3f1aa3d0f,12205,Walsh Island or Coolagary,Offaly
e814713c-0624-48f2-a417-1b861ce30d05,04346,Portmarnock,Dublin
e94b592a-e4ec-4119-93a8-3bb7d110bab9,02341,Dublin city and suburbs,Dublin
e9574f54-4291-4f2e-ba13-53b4801f56eb,04347,Donabate,Dublin
e95a4342-42e3-4e25-b814-dd6848d13321,06433,Leixlip,Kildare
e9e44060-ea62-44aa-8d4c-168dad90634b,02341,Dublin city and suburbs,Dublin
e9fc637c-5958-469c-88b2-871778bb492a,02341,Dublin city and suburbs,Dublin
ea86c6c9-bb95-4cab-a6d0-991bab3eca6d,11411,Dunshaughlin,Meath
eb5eda1c-b1b1-4564-be1d-1a4a8c9e4101,02341,Dublin city and suburbs,Dublin
eba321dc-fd2b-442e-b01b-0d0230a73388,11405,Duleek,Meath
eba68b2c-a2ae-4347-b526-61564410db08,11404,Ashbourne,Meath
ebae06e7-735e-47b5-8db3-29f6689186cf,11416,Navan,Meath
ebccf893-af4e-40cd-8ff7-8ce32972ada8,16550,Feakle,Clare
ed4e4f6d-089f-4f3c-9b1b-c61eb84023c1,33113,An Bun Beag,Donegal
ed5e7213-87c5-465f-8fc8-8f2aa8aa91ef,14585,Gorey,Wexford
ed7e79d8-5717-47d7-bef1-7cef5cb78a4f,06436,Celbridge,Kildare
eea644be-8e20-4927-ba09-0b2e11756d8d,18736,Whitegate,Cork
eee5e766-288c-40b3-a713-eab38526f7ab,18808,Rosscarbery,Cork
ef258092-87b4-47b5-aab0-3ba2bc92f53f,09236,Keenagh,Longford
ef40b25f-d294-40a7-bc97-54384302ddf9,02341,Dublin city and suburbs,Dublin
ef66c7c3-6557-4d74-859b-a096afbb55a9,15370,Greystones-Delgany,Wicklow
efd7db53-2698-4eae-ab21-8f513dd4b0e1,21514,Kilmallock,Limerick
efe0d459-a40a-4d75-a06f-4c36fb134582,02341,Dublin city and suburbs,Dublin
f0ab8b4e-f164-4060-a94f-7719b415846a,02341,Dublin city and suburbs,Dublin
f101841c-3b3c-4e37-8d69-6bc32b6dc765,17364,Cork city and suburbs,Cork
f13c72b4-8b09-449c-adfe-5001c62f2b3a,06468,Kildare,Kildare
f13e6fc4-2ce8-4af7-9857-549207e057a5,02341,Dublin city and suburbs,Dublin
f2322d06-e0d8-4842-8745-7584b20ccf14,27296,Maigh Cuilinn,Galway
f395aae8-37c4-4ba4-99f6-51df10daa193,08167,Portlaoise,Laois
f3f3d5df-959c-45c6-a320-594916fa95e2,18804,Macroom,Cork
f3fd2371-7279-49df-8372-e98724401bba,06442,Naas,Kildare
f4b3b5a1-3c60-4f6e-882a-fd9a15c4e645,14596,Wexford,Wexford
f4b8fa56-0466-4dd7-9118-17e9ff8d74e6,02341,Dublin city and suburbs,Dublin
f4e4e4ae-2fe5-44ff-8214-524b7d6f348e,19829,Rathmore,Kerry
f5fb3c0d-15d6-4162-b591-a995df38064a,02341,Dublin city and suburbs,Dublin
f61b4c03-0a2a-4b0a-a9e6-998c2fdacedf,15377,Redcross,Wicklow
f63f8145-c28a-4036-9b84-268629dd73bf,15373,Newtownmountkennedy,Wicklow
f667d1e4-8b57-4bb4-90de-e2cdd9815eaf,15370,Greystones-Delgany,Wicklow
f6867f4a-360c-4cd3-92d2-4ea0537f734d,03362,Rathcoole,Dublin
f6c2ce62-9e0d-4fb9-b745-f93b9ef05b59,11401,Laytown-Bettystown-Mornington-Donacarney,Meath
f737cdc3-1ef2-4576-b9db-592b560b8ab4,18744,Crosshaven,Cork
f76e5c0f-9433-45e3-a858-b5b38bc54075,12207,Daingean,Offaly
f7aacf3e-1d88-47f1-aaff-c5a2f45306d0,02341,Dublin city and suburbs,Dublin
f8009ad3-d250-4ffa-9fc0-dfefc0b426f2,33091,Letterkenny,Donegal
f854a2cf-733a-4fb4-8c65-bfceb5d11016,11411,Dunshaughlin,Meath
f8566b4f-7a68-4887-be48-a486443d09e7,02341,Dublin city and suburbs,Dublin
f89d63ed-d612-47e1-9cd0-1f3a06e0aa29,29327,Castlebar,Mayo
f8d85334-cbc5-45e6-b22f-e25134141043,30244,Strokestown,Roscommon
f92f147f-ebb4-4c6e-9deb-531ece76e16a,17364,Cork city and suburbs,Cork
f92f57b8-a4a5-4b89-9d4b-37c42a1e478c,04352,Balbriggan,Dublin
f93092cb-6702-45a5-b44c-3331344e14a7,10013,Dundalk,Louth
f9aa447f-048d-4e83-8ca7-2ce48ea41e36,06444,Kilcock,Kildare
f9bc7b13-72ef-4a33-8cd9-3a4cb66d93ef,02341,Dublin city and suburbs,Dublin
f9c3ba6c-9dd8-4c74-8fc7-6e3ec7d54802,24643,Waterford city and suburbs,Waterford
f9d175d3-2619-4cac-a899-6eba98a8cf72,02341,Dublin city and suburbs,Dublin
fa0f429a-1570-411d-a246-0b4c5811695e,22477,Twomileborris,Tipperary
fa299f79-731b-4c50-a2f9-1b249479559a,02341,Dublin city and suburbs,Dublin
fa756833-74dd-4e86-bd0c-1254dca5b80c,04347,Donabate,Dublin
faa6c4f9-6a67-4732-9b1a-c96d64ab9fa0,27275,Dunmore,Galway
fb31b558-78a2-488e-8efd-2272857f8077,02341,Dublin city and suburbs,Dublin
fb9c0a14-682f-49bf-af2c-5d1afe3c8dcb,23702,Clonmel,Tipperary
fc1d013e-fe69-4a4f-b46e-a597e40f8603,25684,Dungarvan,Waterford
fc6112dd-9ffa-4ad9-858a-6664794c4bcd,09236,Keenagh,Longford
fd7087f2-bb96-42a6-9821-97329c382e81,01641,Leighlinbridge,Carlow
fde05e35-444c-4ffd-b5a7-c5c9a6177202,04345,Skerries,Dublin
fed44753-c770-43ae-b2fa-ebcbc7ef05b8,02341,Dublin city and suburbs,Dublin
ff101245-0254-4efd-9ba4-c6a08780e245,08167,Portlaoise,Laois
ff88699a-9a8c-44e3-bafa-6354d34aae88,02341,Dublin city and suburbs,Dublin
ffa6e68d-bb5c-4897-bf3c-2400a59af104,06464,Suncroft,Kildare
ffe712d3-bb7e-4d65-8781-3835d2f2a32a,02341,Dublin city and suburbs,Dublin
fff0825a-36a1-442a-a271-8fecad90fb49,19840,Killarney,Kerry
